"variable","mean","se","l_95","u_95"
"ch_dist",-0.0471047452076106,0.00013340567649367,-0.0473662203335382,-0.046843270081683
"ch_peri",0.272314090341291,0.00186194360040525,0.268664680884497,0.275963499798085
"ch_teach",0.157249351403656,0.00110566992322927,0.155082238354127,0.159416464453186
"ch_csection",0.0449051210044175,0.000482721666598374,0.0439589865378846,0.0458512554709503
"ch_psi",0.0283982448931484,0.000295791905222617,0.0278184927589121,0.0289779970273847
