"variable","mean","se","l_95","u_95"
"ch_dist",-0.0473157039239867,0.000135651665676387,-0.0475815811887125,-0.047049826659261
"ch_peri",0.258812994152239,0.0019090661649998,0.255071224468839,0.262554763835638
"ch_teach",0.16036904892928,0.00112915347700927,0.158155908114342,0.162582189744219
"ch_csection",0.0491619271257106,0.000585613654427851,0.048014124363032,0.0503097298883892
"ch_psi",0.0335788389763968,0.000297194342074876,0.0329963380659301,0.0341613398868636
