"variable","mean","se","l_95","u_95"
"ch_dist",-0.0440096705495975,9.81377706620181e-05,-0.0442020205800951,-0.0438173205191
"ch_peri",0.268314429706669,0.00131641041674529,0.265734265289849,0.27089459412349
"ch_teach",-0.0115107320529873,0.00194176567616939,-0.0153165927782793,-0.00770487132769534
"ch_csection",0.0485189097601096,0.000323842520614204,0.0478841784197058,0.0491536411005135
"ch_psi",0.0081965271096221,4.67113517556301e-05,0.00810497286018107,0.00828808135906313
