mean,group_var,bin,outcome,mkt,boot_rep
-0.0293545713637055,overall,,ch_dist,4,26
-0.0273417037780317,age,"(19.6,28.2]",ch_dist,4,26
-0.0311060839259041,age,"(28.2,36.8]",ch_dist,4,26
-0.0388255406773055,age,"(36.8,45.4]",ch_dist,4,26
-0.049568975132918,age,"(45.4,54]",ch_dist,4,26
-0.0278215502141417,age,"[11,19.6]",ch_dist,4,26
-0.0293545713637055,ci_scorent,100,ch_dist,4,26
-0.0293545713637055,obgyn_10kwra,100,ch_dist,4,26
-0.0242990665817046,nhblack,0,ch_dist,4,26
-0.0338982277973819,nhblack,1,ch_dist,4,26
-0.0167043480128494,mcaid_unins,0,ch_dist,4,26
-0.0402185659551499,mcaid_unins,1,ch_dist,4,26
-0.0298754475638549,hispanic,0,ch_dist,4,26
-0.0243590191695045,hispanic,1,ch_dist,4,26
0.150629851509189,overall,,ch_peri,4,26
0.143791597714438,age,"(19.6,28.2]",ch_peri,4,26
0.150558807204339,age,"(28.2,36.8]",ch_peri,4,26
0.203559498358747,age,"(36.8,45.4]",ch_peri,4,26
0.196561491113688,age,"(45.4,54]",ch_peri,4,26
0.157373243010218,age,"[11,19.6]",ch_peri,4,26
0.150629851509189,ci_scorent,100,ch_peri,4,26
0.150629851509189,obgyn_10kwra,100,ch_peri,4,26
0.0886662631800846,nhblack,0,ch_peri,4,26
0.189297765584231,nhblack,1,ch_peri,4,26
0.119462672027658,mcaid_unins,0,ch_peri,4,26
0.177396182816298,mcaid_unins,1,ch_peri,4,26
0.14056299076205,hispanic,0,ch_peri,4,26
0.247177799523815,hispanic,1,ch_peri,4,26
,overall,,ch_teach,4,26
-0.0358711642337549,overall,,ch_csection,4,26
-0.0399370086866737,age,"(19.6,28.2]",ch_csection,4,26
-0.0245940802666125,age,"(28.2,36.8]",ch_csection,4,26
-0.0309456262665923,age,"(36.8,45.4]",ch_csection,4,26
-0.0279556432826994,age,"(45.4,54]",ch_csection,4,26
-0.064772073769357,age,"[11,19.6]",ch_csection,4,26
-0.0358711642337549,ci_scorent,100,ch_csection,4,26
-0.0358711642337549,obgyn_10kwra,100,ch_csection,4,26
-0.0232208080015609,nhblack,0,ch_csection,4,26
-0.0641114508409114,nhblack,1,ch_csection,4,26
0.0215479750842964,mcaid_unins,0,ch_csection,4,26
-0.0851826429085159,mcaid_unins,1,ch_csection,4,26
-0.0425129188519484,hispanic,0,ch_csection,4,26
0.0278277182391608,hispanic,1,ch_csection,4,26
