mean,group_var,bin,outcome,mkt,boot_rep
-0.0295601897656959,overall,,ch_dist,4,143
-0.0284474716438388,age,"(19.6,28.2]",ch_dist,4,143
-0.0302502120714792,age,"(28.2,36.8]",ch_dist,4,143
-0.0360017824444997,age,"(36.8,45.4]",ch_dist,4,143
-0.0378944673448265,age,"(45.4,54]",ch_dist,4,143
-0.0288184973395866,age,"[11,19.6]",ch_dist,4,143
-0.0295601897656959,ci_scorent,100,ch_dist,4,143
-0.0295601897656959,obgyn_10kwra,100,ch_dist,4,143
-0.0245140740634135,nhblack,0,ch_dist,4,143
-0.0337695509320046,nhblack,1,ch_dist,4,143
-0.0191362287815073,mcaid_unins,0,ch_dist,4,143
-0.0384284354550386,mcaid_unins,1,ch_dist,4,143
-0.0296606416076251,hispanic,0,ch_dist,4,143
-0.0285456813555301,hispanic,1,ch_dist,4,143
0.147129446985399,overall,,ch_peri,4,143
0.141052113596331,age,"(19.6,28.2]",ch_peri,4,143
0.146433940689727,age,"(28.2,36.8]",ch_peri,4,143
0.196606161959988,age,"(36.8,45.4]",ch_peri,4,143
0.231128070178462,age,"(45.4,54]",ch_peri,4,143
0.152153797416999,age,"[11,19.6]",ch_peri,4,143
0.147129446985399,ci_scorent,100,ch_peri,4,143
0.147129446985399,obgyn_10kwra,100,ch_peri,4,143
0.0829556251279234,nhblack,0,ch_peri,4,143
0.1861016323065,nhblack,1,ch_peri,4,143
0.123422230279312,mcaid_unins,0,ch_peri,4,143
0.167298500062148,mcaid_unins,1,ch_peri,4,143
0.137474592337943,hispanic,0,ch_peri,4,143
0.244638174059513,hispanic,1,ch_peri,4,143
,overall,,ch_teach,4,143
-0.0351816135992498,overall,,ch_csection,4,143
-0.0400643827353597,age,"(19.6,28.2]",ch_csection,4,143
-0.0234375518281258,age,"(28.2,36.8]",ch_csection,4,143
-0.031899148304934,age,"(36.8,45.4]",ch_csection,4,143
-0.0322662669619601,age,"(45.4,54]",ch_csection,4,143
-0.0592924609217864,age,"[11,19.6]",ch_csection,4,143
-0.0351816135992498,ci_scorent,100,ch_csection,4,143
-0.0351816135992498,obgyn_10kwra,100,ch_csection,4,143
-0.0230936994159368,nhblack,0,ch_csection,4,143
-0.0621285946042829,nhblack,1,ch_csection,4,143
0.0245137808564262,mcaid_unins,0,ch_csection,4,143
-0.0859678190885222,mcaid_unins,1,ch_csection,4,143
-0.0415621484347312,hispanic,0,ch_csection,4,143
0.0292582824507408,hispanic,1,ch_csection,4,143
