mean,group_var,bin,outcome,mkt,boot_rep
-0.0313131922826253,overall,,ch_dist,4,103
-0.0307137858019622,age,"(19.6,28.2]",ch_dist,4,103
-0.0309602398327452,age,"(28.2,36.8]",ch_dist,4,103
-0.03494287464583,age,"(36.8,45.4]",ch_dist,4,103
-0.0437506327856185,age,"(45.4,54]",ch_dist,4,103
-0.0342968528104427,age,"[11,19.6]",ch_dist,4,103
-0.0313131922826253,ci_scorent,100,ch_dist,4,103
-0.0313131922826253,obgyn_10kwra,100,ch_dist,4,103
-0.0264750497364818,nhblack,0,ch_dist,4,103
-0.035180154249677,nhblack,1,ch_dist,4,103
-0.0195471409094668,mcaid_unins,0,ch_dist,4,103
-0.0414277919802733,mcaid_unins,1,ch_dist,4,103
-0.0315623498476481,hispanic,0,ch_dist,4,103
-0.0289186348960238,hispanic,1,ch_dist,4,103
0.145431446575502,overall,,ch_peri,4,103
0.14030456603889,age,"(19.6,28.2]",ch_peri,4,103
0.142611410010456,age,"(28.2,36.8]",ch_peri,4,103
0.189018901527699,age,"(36.8,45.4]",ch_peri,4,103
0.133929906184596,age,"(45.4,54]",ch_peri,4,103
0.159030368095738,age,"[11,19.6]",ch_peri,4,103
0.145431446575502,ci_scorent,100,ch_peri,4,103
0.145431446575502,obgyn_10kwra,100,ch_peri,4,103
0.0777370296160957,nhblack,0,ch_peri,4,103
0.188991049342421,nhblack,1,ch_peri,4,103
0.110881728443956,mcaid_unins,0,ch_peri,4,103
0.1751318581651,mcaid_unins,1,ch_peri,4,103
0.133908361446013,hispanic,0,ch_peri,4,103
0.256175379278202,hispanic,1,ch_peri,4,103
,overall,,ch_teach,4,103
-0.0322224664210779,overall,,ch_csection,4,103
-0.0348657920959169,age,"(19.6,28.2]",ch_csection,4,103
-0.02402191000641,age,"(28.2,36.8]",ch_csection,4,103
-0.0308814059800654,age,"(36.8,45.4]",ch_csection,4,103
-0.0463856847406996,age,"(45.4,54]",ch_csection,4,103
-0.0541751734055682,age,"[11,19.6]",ch_csection,4,103
-0.0322224664210779,ci_scorent,100,ch_csection,4,103
-0.0322224664210779,obgyn_10kwra,100,ch_csection,4,103
-0.020366502439335,nhblack,0,ch_csection,4,103
-0.0604057592591568,nhblack,1,ch_csection,4,103
0.0237698982872409,mcaid_unins,0,ch_csection,4,103
-0.0803558917468697,mcaid_unins,1,ch_csection,4,103
-0.039448946890808,hispanic,0,ch_csection,4,103
0.0372284538684093,hispanic,1,ch_csection,4,103
