mean,group_var,bin,outcome,mkt,boot_rep
-0.0291567028635143,overall,,ch_dist,4,18
-0.0279986129763447,age,"(19.6,28.2]",ch_dist,4,18
-0.0295381060074674,age,"(28.2,36.8]",ch_dist,4,18
-0.0364745192966445,age,"(36.8,45.4]",ch_dist,4,18
-0.052601362712284,age,"(45.4,54]",ch_dist,4,18
-0.0296861105325917,age,"[11,19.6]",ch_dist,4,18
-0.0291567028635143,ci_scorent,100,ch_dist,4,18
-0.0291567028635143,obgyn_10kwra,100,ch_dist,4,18
-0.0243762923854616,nhblack,0,ch_dist,4,18
-0.0336191112748204,nhblack,1,ch_dist,4,18
-0.0177387306672298,mcaid_unins,0,ch_dist,4,18
-0.0387680009366293,mcaid_unins,1,ch_dist,4,18
-0.0294206040427631,hispanic,0,ch_dist,4,18
-0.0266649244590349,hispanic,1,ch_dist,4,18
0.141275914774218,overall,,ch_peri,4,18
0.136095136905642,age,"(19.6,28.2]",ch_peri,4,18
0.137380584581113,age,"(28.2,36.8]",ch_peri,4,18
0.185389597644447,age,"(36.8,45.4]",ch_peri,4,18
0.15982069534225,age,"(45.4,54]",ch_peri,4,18
0.160718767267784,age,"[11,19.6]",ch_peri,4,18
0.141275914774218,ci_scorent,100,ch_peri,4,18
0.141275914774218,obgyn_10kwra,100,ch_peri,4,18
0.0714441062149342,nhblack,0,ch_peri,4,18
0.181572581241208,nhblack,1,ch_peri,4,18
0.109382556032414,mcaid_unins,0,ch_peri,4,18
0.168122763947664,mcaid_unins,1,ch_peri,4,18
0.129398885914198,hispanic,0,ch_peri,4,18
0.253419877552301,hispanic,1,ch_peri,4,18
,overall,,ch_teach,4,18
-0.0359866147864834,overall,,ch_csection,4,18
-0.0398365427345729,age,"(19.6,28.2]",ch_csection,4,18
-0.0247332471033667,age,"(28.2,36.8]",ch_csection,4,18
-0.0333571272661958,age,"(36.8,45.4]",ch_csection,4,18
-0.0709773705924653,age,"(45.4,54]",ch_csection,4,18
-0.0619010528349925,age,"[11,19.6]",ch_csection,4,18
-0.0359866147864834,ci_scorent,100,ch_csection,4,18
-0.0359866147864834,obgyn_10kwra,100,ch_csection,4,18
-0.022588008473752,nhblack,0,ch_csection,4,18
-0.0640603876227472,nhblack,1,ch_csection,4,18
0.0225741229048331,mcaid_unins,0,ch_csection,4,18
-0.0852812439602957,mcaid_unins,1,ch_csection,4,18
-0.0428784855703483,hispanic,0,ch_csection,4,18
0.0290870420822639,hispanic,1,ch_csection,4,18
