mean,group_var,bin,outcome,mkt,boot_rep
-0.027957920345547,overall,,ch_dist,4,66
-0.0265219208656335,age,"(19.6,28.2]",ch_dist,4,66
-0.0289323862004693,age,"(28.2,36.8]",ch_dist,4,66
-0.0352153924309636,age,"(36.8,45.4]",ch_dist,4,66
-0.0480706221064327,age,"(45.4,54]",ch_dist,4,66
-0.0275010490809557,age,"[11,19.6]",ch_dist,4,66
-0.027957920345547,ci_scorent,100,ch_dist,4,66
-0.027957920345547,obgyn_10kwra,100,ch_dist,4,66
-0.0235746216253277,nhblack,0,ch_dist,4,66
-0.0315168063572424,nhblack,1,ch_dist,4,66
-0.0167712110231632,mcaid_unins,0,ch_dist,4,66
-0.0376189814990331,mcaid_unins,1,ch_dist,4,66
-0.028198899127738,hispanic,0,ch_dist,4,66
-0.0256644151459971,hispanic,1,ch_dist,4,66
0.149718854603193,overall,,ch_peri,4,66
0.137388229339024,age,"(19.6,28.2]",ch_peri,4,66
0.15626050273314,age,"(28.2,36.8]",ch_peri,4,66
0.214131222978895,age,"(36.8,45.4]",ch_peri,4,66
0.168040975519231,age,"(45.4,54]",ch_peri,4,66
0.154292953706499,age,"[11,19.6]",ch_peri,4,66
0.149718854603193,ci_scorent,100,ch_peri,4,66
0.149718854603193,obgyn_10kwra,100,ch_peri,4,66
0.0794210501525254,nhblack,0,ch_peri,4,66
0.195581996558558,nhblack,1,ch_peri,4,66
0.128644260233908,mcaid_unins,0,ch_peri,4,66
0.167919286841044,mcaid_unins,1,ch_peri,4,66
0.139252987509568,hispanic,0,ch_peri,4,66
0.249327294727198,hispanic,1,ch_peri,4,66
,overall,,ch_teach,4,66
-0.0337546388452659,overall,,ch_csection,4,66
-0.0386624205469427,age,"(19.6,28.2]",ch_csection,4,66
-0.0213021469879132,age,"(28.2,36.8]",ch_csection,4,66
-0.0278899549757884,age,"(36.8,45.4]",ch_csection,4,66
-0.020859837627543,age,"(45.4,54]",ch_csection,4,66
-0.0643947418877697,age,"[11,19.6]",ch_csection,4,66
-0.0337546388452659,ci_scorent,100,ch_csection,4,66
-0.0337546388452659,obgyn_10kwra,100,ch_csection,4,66
-0.0226560748436727,nhblack,0,ch_csection,4,66
-0.0611208323855787,nhblack,1,ch_csection,4,66
0.0235837233620868,mcaid_unins,0,ch_csection,4,66
-0.0832731708605355,mcaid_unins,1,ch_csection,4,66
-0.0410808728296505,hispanic,0,ch_csection,4,66
0.0359724781379544,hispanic,1,ch_csection,4,66
