mean,group_var,bin,outcome,mkt,boot_rep
-0.031155002390411,overall,,ch_dist,4,61
-0.0304078870980514,age,"(19.6,28.2]",ch_dist,4,61
-0.031090691675128,age,"(28.2,36.8]",ch_dist,4,61
-0.0355583448415241,age,"(36.8,45.4]",ch_dist,4,61
-0.0451174488549166,age,"(45.4,54]",ch_dist,4,61
-0.0330986881819406,age,"[11,19.6]",ch_dist,4,61
-0.031155002390411,ci_scorent,100,ch_dist,4,61
-0.031155002390411,obgyn_10kwra,100,ch_dist,4,61
-0.0266495898116044,nhblack,0,ch_dist,4,61
-0.0355221502592317,nhblack,1,ch_dist,4,61
-0.0194779535119471,mcaid_unins,0,ch_dist,4,61
-0.0410248254025947,mcaid_unins,1,ch_dist,4,61
-0.031726619487539,hispanic,0,ch_dist,4,61
-0.0254112986853883,hispanic,1,ch_dist,4,61
0.151229435505524,overall,,ch_peri,4,61
0.143240979065547,age,"(19.6,28.2]",ch_peri,4,61
0.151879923156205,age,"(28.2,36.8]",ch_peri,4,61
0.205870248864588,age,"(36.8,45.4]",ch_peri,4,61
0.184451719195284,age,"(45.4,54]",ch_peri,4,61
0.159393692279133,age,"[11,19.6]",ch_peri,4,61
0.151229435505524,ci_scorent,100,ch_peri,4,61
0.151229435505524,obgyn_10kwra,100,ch_peri,4,61
0.091709566757467,nhblack,0,ch_peri,4,61
0.191615701078309,nhblack,1,ch_peri,4,61
0.119004171189944,mcaid_unins,0,ch_peri,4,61
0.178467281182629,mcaid_unins,1,ch_peri,4,61
0.142476268543643,hispanic,0,ch_peri,4,61
0.239182713604159,hispanic,1,ch_peri,4,61
,overall,,ch_teach,4,61
-0.0304262677573105,overall,,ch_csection,4,61
-0.0339680640948748,age,"(19.6,28.2]",ch_csection,4,61
-0.0207982981814937,age,"(28.2,36.8]",ch_csection,4,61
-0.028034827455846,age,"(36.8,45.4]",ch_csection,4,61
-0.050403508590109,age,"(45.4,54]",ch_csection,4,61
-0.0541863166087392,age,"[11,19.6]",ch_csection,4,61
-0.0304262677573105,ci_scorent,100,ch_csection,4,61
-0.0304262677573105,obgyn_10kwra,100,ch_csection,4,61
-0.0162171622486685,nhblack,0,ch_csection,4,61
-0.0581053346935212,nhblack,1,ch_csection,4,61
0.0265863867456396,mcaid_unins,0,ch_csection,4,61
-0.0786152250234478,mcaid_unins,1,ch_csection,4,61
-0.0363829341798259,hispanic,0,ch_csection,4,61
0.0294273076036847,hispanic,1,ch_csection,4,61
