mean,group_var,bin,outcome,mkt,boot_rep
-0.0291980799533203,overall,,ch_dist,4,125
-0.0280514915988952,age,"(19.6,28.2]",ch_dist,4,125
-0.029783072730298,age,"(28.2,36.8]",ch_dist,4,125
-0.0351915395477611,age,"(36.8,45.4]",ch_dist,4,125
-0.0590143069180455,age,"(45.4,54]",ch_dist,4,125
-0.0294560643627531,age,"[11,19.6]",ch_dist,4,125
-0.0291980799533203,ci_scorent,100,ch_dist,4,125
-0.0291980799533203,obgyn_10kwra,100,ch_dist,4,125
-0.0237412514162492,nhblack,0,ch_dist,4,125
-0.0337949167718593,nhblack,1,ch_dist,4,125
-0.0194799284053107,mcaid_unins,0,ch_dist,4,125
-0.037494280558836,mcaid_unins,1,ch_dist,4,125
-0.0291830660581217,hispanic,0,ch_dist,4,125
-0.0293376762568162,hispanic,1,ch_dist,4,125
0.146821410340613,overall,,ch_peri,4,125
0.139940629853989,age,"(19.6,28.2]",ch_peri,4,125
0.14583655348716,age,"(28.2,36.8]",ch_peri,4,125
0.196638916555175,age,"(36.8,45.4]",ch_peri,4,125
0.148227730486888,age,"(45.4,54]",ch_peri,4,125
0.160219878076969,age,"[11,19.6]",ch_peri,4,125
0.146821410340613,ci_scorent,100,ch_peri,4,125
0.146821410340613,obgyn_10kwra,100,ch_peri,4,125
0.076484039822669,nhblack,0,ch_peri,4,125
0.188215788825612,nhblack,1,ch_peri,4,125
0.124342779422991,mcaid_unins,0,ch_peri,4,125
0.166010988781397,mcaid_unins,1,ch_peri,4,125
0.13426243291276,hispanic,0,ch_peri,4,125
0.263592361611419,hispanic,1,ch_peri,4,125
,overall,,ch_teach,4,125
-0.0346943824883682,overall,,ch_csection,4,125
-0.0387193264087199,age,"(19.6,28.2]",ch_csection,4,125
-0.0240324789148106,age,"(28.2,36.8]",ch_csection,4,125
-0.0341827682400986,age,"(36.8,45.4]",ch_csection,4,125
-0.0939281318640449,age,"(45.4,54]",ch_csection,4,125
-0.0589003687935216,age,"[11,19.6]",ch_csection,4,125
-0.0346943824883682,ci_scorent,100,ch_csection,4,125
-0.0346943824883682,obgyn_10kwra,100,ch_csection,4,125
-0.0224440110309023,nhblack,0,ch_csection,4,125
-0.0632684028733232,nhblack,1,ch_csection,4,125
0.0247968344804885,mcaid_unins,0,ch_csection,4,125
-0.0854808996363733,mcaid_unins,1,ch_csection,4,125
-0.0417120340657092,hispanic,0,ch_csection,4,125
0.0305543891636754,hispanic,1,ch_csection,4,125
