mean,group_var,bin,outcome,mkt,boot_rep
-0.0303091664853278,overall,,ch_dist,4,106
-0.0287896380203605,age,"(19.6,28.2]",ch_dist,4,106
-0.0312864654436833,age,"(28.2,36.8]",ch_dist,4,106
-0.0382244636894401,age,"(36.8,45.4]",ch_dist,4,106
-0.0574616551214825,age,"(45.4,54]",ch_dist,4,106
-0.0297396861517063,age,"[11,19.6]",ch_dist,4,106
-0.0303091664853278,ci_scorent,100,ch_dist,4,106
-0.0303091664853278,obgyn_10kwra,100,ch_dist,4,106
-0.0241572876564755,nhblack,0,ch_dist,4,106
-0.0350887394225585,nhblack,1,ch_dist,4,106
-0.0190192584125105,mcaid_unins,0,ch_dist,4,106
-0.0401164768875343,mcaid_unins,1,ch_dist,4,106
-0.0305253373134598,hispanic,0,ch_dist,4,106
-0.0282125616135403,hispanic,1,ch_dist,4,106
0.149281472382889,overall,,ch_peri,4,106
0.139005117458852,age,"(19.6,28.2]",ch_peri,4,106
0.152923130667305,age,"(28.2,36.8]",ch_peri,4,106
0.217460017951787,age,"(36.8,45.4]",ch_peri,4,106
0.22473509199026,age,"(45.4,54]",ch_peri,4,106
0.147681796925935,age,"[11,19.6]",ch_peri,4,106
0.149281472382889,ci_scorent,100,ch_peri,4,106
0.149281472382889,obgyn_10kwra,100,ch_peri,4,106
0.0883007545038338,nhblack,0,ch_peri,4,106
0.186002978637817,nhblack,1,ch_peri,4,106
0.120753297799053,mcaid_unins,0,ch_peri,4,106
0.174063309537583,mcaid_unins,1,ch_peri,4,106
0.137454265705239,hispanic,0,ch_peri,4,106
0.263991580838653,hispanic,1,ch_peri,4,106
,overall,,ch_teach,4,106
-0.0327331312655744,overall,,ch_csection,4,106
-0.0365889840478103,age,"(19.6,28.2]",ch_csection,4,106
-0.0223271892709157,age,"(28.2,36.8]",ch_csection,4,106
-0.028647755972875,age,"(36.8,45.4]",ch_csection,4,106
-0.0545110774006174,age,"(45.4,54]",ch_csection,4,106
-0.0580860418343629,age,"[11,19.6]",ch_csection,4,106
-0.0327331312655744,ci_scorent,100,ch_csection,4,106
-0.0327331312655744,obgyn_10kwra,100,ch_csection,4,106
-0.0194383395912544,nhblack,0,ch_csection,4,106
-0.0623953695174539,nhblack,1,ch_csection,4,106
0.0256646452229068,mcaid_unins,0,ch_csection,4,106
-0.08346207583512,mcaid_unins,1,ch_csection,4,106
-0.0397524263103133,hispanic,0,ch_csection,4,106
0.0353458427314369,hispanic,1,ch_csection,4,106
