mean,group_var,bin,outcome,mkt,boot_rep
-0.0307569295161496,overall,,ch_dist,4,72
-0.0296890897058795,age,"(19.6,28.2]",ch_dist,4,72
-0.0308040134208956,age,"(28.2,36.8]",ch_dist,4,72
-0.0372872024768829,age,"(36.8,45.4]",ch_dist,4,72
-0.0495807640280353,age,"(45.4,54]",ch_dist,4,72
-0.0327943290276995,age,"[11,19.6]",ch_dist,4,72
-0.0307569295161496,ci_scorent,100,ch_dist,4,72
-0.0307569295161496,obgyn_10kwra,100,ch_dist,4,72
-0.0239720297621732,nhblack,0,ch_dist,4,72
-0.0371354131481633,nhblack,1,ch_dist,4,72
-0.018669453098358,mcaid_unins,0,ch_dist,4,72
-0.0412720603764004,mcaid_unins,1,ch_dist,4,72
-0.0312514358264261,hispanic,0,ch_dist,4,72
-0.0258731138293046,hispanic,1,ch_dist,4,72
0.147915473466918,overall,,ch_peri,4,72
0.139994825878572,age,"(19.6,28.2]",ch_peri,4,72
0.146116518828229,age,"(28.2,36.8]",ch_peri,4,72
0.208214422983854,age,"(36.8,45.4]",ch_peri,4,72
0.116990869469583,age,"(45.4,54]",ch_peri,4,72
0.163900109547201,age,"[11,19.6]",ch_peri,4,72
0.147915473466918,ci_scorent,100,ch_peri,4,72
0.147915473466918,obgyn_10kwra,100,ch_peri,4,72
0.0742416262896618,nhblack,0,ch_peri,4,72
0.196301642976944,nhblack,1,ch_peri,4,72
0.117593761904028,mcaid_unins,0,ch_peri,4,72
0.174292920170456,mcaid_unins,1,ch_peri,4,72
0.136485763876014,hispanic,0,ch_peri,4,72
0.260796934908585,hispanic,1,ch_peri,4,72
,overall,,ch_teach,4,72
-0.0335947308906185,overall,,ch_csection,4,72
-0.0363553502093187,age,"(19.6,28.2]",ch_csection,4,72
-0.02528950720763,age,"(28.2,36.8]",ch_csection,4,72
-0.0346465380234878,age,"(36.8,45.4]",ch_csection,4,72
-0.0530603292052007,age,"(45.4,54]",ch_csection,4,72
-0.0549014405087784,age,"[11,19.6]",ch_csection,4,72
-0.0335947308906185,ci_scorent,100,ch_csection,4,72
-0.0335947308906185,obgyn_10kwra,100,ch_csection,4,72
-0.0206632945536808,nhblack,0,ch_csection,4,72
-0.0592795990458864,nhblack,1,ch_csection,4,72
0.0232342384691486,mcaid_unins,0,ch_csection,4,72
-0.0830313567682568,mcaid_unins,1,ch_csection,4,72
-0.0397939386737621,hispanic,0,ch_csection,4,72
0.0276295398378975,hispanic,1,ch_csection,4,72
