mean,group_var,bin,outcome,mkt,boot_rep
-0.029796830397541,overall,,ch_dist,4,86
-0.029410376993254,age,"(19.6,28.2]",ch_dist,4,86
-0.029177716098969,age,"(28.2,36.8]",ch_dist,4,86
-0.0330193670387259,age,"(36.8,45.4]",ch_dist,4,86
-0.036868444502165,age,"(45.4,54]",ch_dist,4,86
-0.032812735792755,age,"[11,19.6]",ch_dist,4,86
-0.029796830397541,ci_scorent,100,ch_dist,4,86
-0.029796830397541,obgyn_10kwra,100,ch_dist,4,86
-0.0240456678763321,nhblack,0,ch_dist,4,86
-0.0337472644972407,nhblack,1,ch_dist,4,86
-0.0184176471781745,mcaid_unins,0,ch_dist,4,86
-0.0395748171937386,mcaid_unins,1,ch_dist,4,86
-0.0296465083764823,hispanic,0,ch_dist,4,86
-0.0312712415698308,hispanic,1,ch_dist,4,86
0.142509569063915,overall,,ch_peri,4,86
0.130708548227711,age,"(19.6,28.2]",ch_peri,4,86
0.14786998027674,age,"(28.2,36.8]",ch_peri,4,86
0.212469959678193,age,"(36.8,45.4]",ch_peri,4,86
0.136825561274573,age,"(45.4,54]",ch_peri,4,86
0.141179677830356,age,"[11,19.6]",ch_peri,4,86
0.142509569063915,ci_scorent,100,ch_peri,4,86
0.142509569063915,obgyn_10kwra,100,ch_peri,4,86
0.0683963599873695,nhblack,0,ch_peri,4,86
0.1905507690928,nhblack,1,ch_peri,4,86
0.114441237698656,mcaid_unins,0,ch_peri,4,86
0.166628327694474,mcaid_unins,1,ch_peri,4,86
0.131950051749321,hispanic,0,ch_peri,4,86
0.246081023152777,hispanic,1,ch_peri,4,86
,overall,,ch_teach,4,86
-0.0319957454353753,overall,,ch_csection,4,86
-0.0351247917273369,age,"(19.6,28.2]",ch_csection,4,86
-0.0227141604755864,age,"(28.2,36.8]",ch_csection,4,86
-0.0314604297043422,age,"(36.8,45.4]",ch_csection,4,86
-0.0213808214053656,age,"(45.4,54]",ch_csection,4,86
-0.0549718185252432,age,"[11,19.6]",ch_csection,4,86
-0.0319957454353753,ci_scorent,100,ch_csection,4,86
-0.0319957454353753,obgyn_10kwra,100,ch_csection,4,86
-0.0222954044724184,nhblack,0,ch_csection,4,86
-0.0571901168692182,nhblack,1,ch_csection,4,86
0.0242701303946462,mcaid_unins,0,ch_csection,4,86
-0.08034429386248,mcaid_unins,1,ch_csection,4,86
-0.0388712720383768,hispanic,0,ch_csection,4,86
0.03544183401869,hispanic,1,ch_csection,4,86
