mean,group_var,bin,outcome,mkt,boot_rep
-0.0290365018374691,overall,,ch_dist,4,145
-0.0274145845833991,age,"(19.6,28.2]",ch_dist,4,145
-0.0299492882438283,age,"(28.2,36.8]",ch_dist,4,145
-0.0371793916462278,age,"(36.8,45.4]",ch_dist,4,145
-0.0586392795939579,age,"(45.4,54]",ch_dist,4,145
-0.0290691084481144,age,"[11,19.6]",ch_dist,4,145
-0.0290365018374691,ci_scorent,100,ch_dist,4,145
-0.0290365018374691,obgyn_10kwra,100,ch_dist,4,145
-0.0237164846270334,nhblack,0,ch_dist,4,145
-0.0323866834336836,nhblack,1,ch_dist,4,145
-0.0178173916375265,mcaid_unins,0,ch_dist,4,145
-0.038904767280854,mcaid_unins,1,ch_dist,4,145
-0.0288500578225553,hispanic,0,ch_dist,4,145
-0.030936578100261,hispanic,1,ch_dist,4,145
0.144315769280661,overall,,ch_peri,4,145
0.132735560872086,age,"(19.6,28.2]",ch_peri,4,145
0.149897391825824,age,"(28.2,36.8]",ch_peri,4,145
0.20036261005997,age,"(36.8,45.4]",ch_peri,4,145
0.186000083478984,age,"(45.4,54]",ch_peri,4,145
0.152469048222328,age,"[11,19.6]",ch_peri,4,145
0.144315769280661,ci_scorent,100,ch_peri,4,145
0.144315769280661,obgyn_10kwra,100,ch_peri,4,145
0.080134908291293,nhblack,0,ch_peri,4,145
0.185196441720621,nhblack,1,ch_peri,4,145
0.117922637658158,mcaid_unins,0,ch_peri,4,145
0.167531017557158,mcaid_unins,1,ch_peri,4,145
0.134290626757046,hispanic,0,ch_peri,4,145
0.246483357492232,hispanic,1,ch_peri,4,145
,overall,,ch_teach,4,145
-0.0341048902577761,overall,,ch_csection,4,145
-0.0383150371419918,age,"(19.6,28.2]",ch_csection,4,145
-0.0237473599196949,age,"(28.2,36.8]",ch_csection,4,145
-0.0281596903003764,age,"(36.8,45.4]",ch_csection,4,145
-0.0678347823600338,age,"(45.4,54]",ch_csection,4,145
-0.0590962035401092,age,"[11,19.6]",ch_csection,4,145
-0.0341048902577761,ci_scorent,100,ch_csection,4,145
-0.0341048902577761,obgyn_10kwra,100,ch_csection,4,145
-0.021962367441206,nhblack,0,ch_csection,4,145
-0.0621296081243033,nhblack,1,ch_csection,4,145
0.0210863945245095,mcaid_unins,0,ch_csection,4,145
-0.0826508300592971,mcaid_unins,1,ch_csection,4,145
-0.0407897636408926,hispanic,0,ch_csection,4,145
0.0340215617546496,hispanic,1,ch_csection,4,145
