mean,group_var,bin,outcome,mkt,boot_rep
-0.0305628106225501,overall,,ch_dist,4,79
-0.0290628773399641,age,"(19.6,28.2]",ch_dist,4,79
-0.0315323571730189,age,"(28.2,36.8]",ch_dist,4,79
-0.0380800748321744,age,"(36.8,45.4]",ch_dist,4,79
-0.0529002998436111,age,"(45.4,54]",ch_dist,4,79
-0.0299396410039063,age,"[11,19.6]",ch_dist,4,79
-0.0305628106225501,ci_scorent,100,ch_dist,4,79
-0.0305628106225501,obgyn_10kwra,100,ch_dist,4,79
-0.0237881804609285,nhblack,0,ch_dist,4,79
-0.0360580581435479,nhblack,1,ch_dist,4,79
-0.0198357687227994,mcaid_unins,0,ch_dist,4,79
-0.0397468543078606,mcaid_unins,1,ch_dist,4,79
-0.0307888287828515,hispanic,0,ch_dist,4,79
-0.0284226096292551,hispanic,1,ch_dist,4,79
0.14978840458577,overall,,ch_peri,4,79
0.14362171251144,age,"(19.6,28.2]",ch_peri,4,79
0.144508450152385,age,"(28.2,36.8]",ch_peri,4,79
0.196791778046233,age,"(36.8,45.4]",ch_peri,4,79
0.153110177264358,age,"(45.4,54]",ch_peri,4,79
0.178848542930127,age,"[11,19.6]",ch_peri,4,79
0.14978840458577,ci_scorent,100,ch_peri,4,79
0.14978840458577,obgyn_10kwra,100,ch_peri,4,79
0.0746442148914577,nhblack,0,ch_peri,4,79
0.203572295207091,nhblack,1,ch_peri,4,79
0.108646456427766,mcaid_unins,0,ch_peri,4,79
0.185012416267002,mcaid_unins,1,ch_peri,4,79
0.138668364441771,hispanic,0,ch_peri,4,79
0.255085788344344,hispanic,1,ch_peri,4,79
,overall,,ch_teach,4,79
-0.0328389198849966,overall,,ch_csection,4,79
-0.0366497750001715,age,"(19.6,28.2]",ch_csection,4,79
-0.0227001339165583,age,"(28.2,36.8]",ch_csection,4,79
-0.0312214564278447,age,"(36.8,45.4]",ch_csection,4,79
-0.0542929041772108,age,"(45.4,54]",ch_csection,4,79
-0.0561185221880279,age,"[11,19.6]",ch_csection,4,79
-0.0328389198849966,ci_scorent,100,ch_csection,4,79
-0.0328389198849966,obgyn_10kwra,100,ch_csection,4,79
-0.0227560572274989,nhblack,0,ch_csection,4,79
-0.059106195762437,nhblack,1,ch_csection,4,79
0.0231098944476622,mcaid_unins,0,ch_csection,4,79
-0.0807399498030771,mcaid_unins,1,ch_csection,4,79
-0.0396987381009583,hispanic,0,ch_csection,4,79
0.0321177620915496,hispanic,1,ch_csection,4,79
