mean,group_var,bin,outcome,mkt,boot_rep
-0.0260902936348544,overall,,ch_dist,4,64
-0.0256722666561302,age,"(19.6,28.2]",ch_dist,4,64
-0.025916035669371,age,"(28.2,36.8]",ch_dist,4,64
-0.0285107181430721,age,"(36.8,45.4]",ch_dist,4,64
-0.0316154639532291,age,"(45.4,54]",ch_dist,4,64
-0.0281201909470992,age,"[11,19.6]",ch_dist,4,64
-0.0260902936348544,ci_scorent,100,ch_dist,4,64
-0.0260902936348544,obgyn_10kwra,100,ch_dist,4,64
-0.0228187104373954,nhblack,0,ch_dist,4,64
-0.0290628948749325,nhblack,1,ch_dist,4,64
-0.0176952730327073,mcaid_unins,0,ch_dist,4,64
-0.0332471969180754,mcaid_unins,1,ch_dist,4,64
-0.0263136560392835,hispanic,0,ch_dist,4,64
-0.0239126587829464,hispanic,1,ch_dist,4,64
0.156741520971189,overall,,ch_peri,4,64
0.145507348161427,age,"(19.6,28.2]",ch_peri,4,64
0.162049246064264,age,"(28.2,36.8]",ch_peri,4,64
0.22537847058608,age,"(36.8,45.4]",ch_peri,4,64
0.17811100928321,age,"(45.4,54]",ch_peri,4,64
0.156743740659409,age,"[11,19.6]",ch_peri,4,64
0.156741520971189,ci_scorent,100,ch_peri,4,64
0.156741520971189,obgyn_10kwra,100,ch_peri,4,64
0.0816963883198508,nhblack,0,ch_peri,4,64
0.206013840614756,nhblack,1,ch_peri,4,64
0.129712161171587,mcaid_unins,0,ch_peri,4,64
0.179784527422377,mcaid_unins,1,ch_peri,4,64
0.145739208045716,hispanic,0,ch_peri,4,64
0.26400675273369,hispanic,1,ch_peri,4,64
,overall,,ch_teach,4,64
-0.0328484454042565,overall,,ch_csection,4,64
-0.0350171485409014,age,"(19.6,28.2]",ch_csection,4,64
-0.0246190280289489,age,"(28.2,36.8]",ch_csection,4,64
-0.0368557982626523,age,"(36.8,45.4]",ch_csection,4,64
-0.0367628429738114,age,"(45.4,54]",ch_csection,4,64
-0.0549118684859294,age,"[11,19.6]",ch_csection,4,64
-0.0328484454042565,ci_scorent,100,ch_csection,4,64
-0.0328484454042565,obgyn_10kwra,100,ch_csection,4,64
-0.0214510526520124,nhblack,0,ch_csection,4,64
-0.0584032723063481,nhblack,1,ch_csection,4,64
0.024577654583357,mcaid_unins,0,ch_csection,4,64
-0.0818052095411792,mcaid_unins,1,ch_csection,4,64
-0.0394272497759034,hispanic,0,ch_csection,4,64
0.0312905206863237,hispanic,1,ch_csection,4,64
