mean,group_var,bin,outcome,mkt,boot_rep
-0.0296793123585172,overall,,ch_dist,4,141
-0.0288998255875081,age,"(19.6,28.2]",ch_dist,4,141
-0.0295883894606502,age,"(28.2,36.8]",ch_dist,4,141
-0.0343523343302779,age,"(36.8,45.4]",ch_dist,4,141
-0.0305686903062315,age,"(45.4,54]",ch_dist,4,141
-0.0319878029721493,age,"[11,19.6]",ch_dist,4,141
-0.0296793123585172,ci_scorent,100,ch_dist,4,141
-0.0296793123585172,obgyn_10kwra,100,ch_dist,4,141
-0.0233275115623624,nhblack,0,ch_dist,4,141
-0.0347601020056703,nhblack,1,ch_dist,4,141
-0.0188780646669945,mcaid_unins,0,ch_dist,4,141
-0.0387194763807756,mcaid_unins,1,ch_dist,4,141
-0.0299767874308319,hispanic,0,ch_dist,4,141
-0.0266475387129212,hispanic,1,ch_dist,4,141
0.147991765027536,overall,,ch_peri,4,141
0.138212903928601,age,"(19.6,28.2]",ch_peri,4,141
0.149496780301851,age,"(28.2,36.8]",ch_peri,4,141
0.214550654344855,age,"(36.8,45.4]",ch_peri,4,141
0.208872813686416,age,"(45.4,54]",ch_peri,4,141
0.155621925763711,age,"[11,19.6]",ch_peri,4,141
0.147991765027536,ci_scorent,100,ch_peri,4,141
0.147991765027536,obgyn_10kwra,100,ch_peri,4,141
0.0801215730018002,nhblack,0,ch_peri,4,141
0.190298402631571,nhblack,1,ch_peri,4,141
0.11792340281508,mcaid_unins,0,ch_peri,4,141
0.17315764715934,mcaid_unins,1,ch_peri,4,141
0.138566136408343,hispanic,0,ch_peri,4,141
0.244054847619603,hispanic,1,ch_peri,4,141
,overall,,ch_teach,4,141
-0.0327816323451264,overall,,ch_csection,4,141
-0.0358420364991712,age,"(19.6,28.2]",ch_csection,4,141
-0.0240727673988833,age,"(28.2,36.8]",ch_csection,4,141
-0.030496304326634,age,"(36.8,45.4]",ch_csection,4,141
-0.0274723282957065,age,"(45.4,54]",ch_csection,4,141
-0.0563409702645498,age,"[11,19.6]",ch_csection,4,141
-0.0327816323451264,ci_scorent,100,ch_csection,4,141
-0.0327816323451264,obgyn_10kwra,100,ch_csection,4,141
-0.0185049481627862,nhblack,0,ch_csection,4,141
-0.0628870382815663,nhblack,1,ch_csection,4,141
0.0262367831846533,mcaid_unins,0,ch_csection,4,141
-0.0821774217909837,mcaid_unins,1,ch_csection,4,141
-0.0390787860085893,hispanic,0,ch_csection,4,141
0.031397004105324,hispanic,1,ch_csection,4,141
