mean,group_var,bin,outcome,mkt,boot_rep
-0.0309912517399917,overall,,ch_dist,4,91
-0.0291451801823486,age,"(19.6,28.2]",ch_dist,4,91
-0.0326710663898318,age,"(28.2,36.8]",ch_dist,4,91
-0.0398265639737275,age,"(36.8,45.4]",ch_dist,4,91
-0.046256590183688,age,"(45.4,54]",ch_dist,4,91
-0.0289123343508194,age,"[11,19.6]",ch_dist,4,91
-0.0309912517399917,ci_scorent,100,ch_dist,4,91
-0.0309912517399917,obgyn_10kwra,100,ch_dist,4,91
-0.0239328770739563,nhblack,0,ch_dist,4,91
-0.0358659400617337,nhblack,1,ch_dist,4,91
-0.0208482514136071,mcaid_unins,0,ch_dist,4,91
-0.039527467609748,mcaid_unins,1,ch_dist,4,91
-0.0308482788094093,hispanic,0,ch_dist,4,91
-0.0323896842484119,hispanic,1,ch_dist,4,91
0.147651856608509,overall,,ch_peri,4,91
0.142444853977845,age,"(19.6,28.2]",ch_peri,4,91
0.144088984412674,age,"(28.2,36.8]",ch_peri,4,91
0.197919090733362,age,"(36.8,45.4]",ch_peri,4,91
0.220512367634942,age,"(45.4,54]",ch_peri,4,91
0.162035278158829,age,"[11,19.6]",ch_peri,4,91
0.147651856608509,ci_scorent,100,ch_peri,4,91
0.147651856608509,obgyn_10kwra,100,ch_peri,4,91
0.0761594648335909,nhblack,0,ch_peri,4,91
0.194734971438813,nhblack,1,ch_peri,4,91
0.11261381053578,mcaid_unins,0,ch_peri,4,91
0.177139416039346,mcaid_unins,1,ch_peri,4,91
0.137269052083373,hispanic,0,ch_peri,4,91
0.249207104286292,hispanic,1,ch_peri,4,91
,overall,,ch_teach,4,91
-0.0334893111724008,overall,,ch_csection,4,91
-0.0382528170731764,age,"(19.6,28.2]",ch_csection,4,91
-0.0224239403378059,age,"(28.2,36.8]",ch_csection,4,91
-0.0285536454692003,age,"(36.8,45.4]",ch_csection,4,91
-0.036329009707814,age,"(45.4,54]",ch_csection,4,91
-0.0575442379220353,age,"[11,19.6]",ch_csection,4,91
-0.0334893111724008,ci_scorent,100,ch_csection,4,91
-0.0334893111724008,obgyn_10kwra,100,ch_csection,4,91
-0.022869703402522,nhblack,0,ch_csection,4,91
-0.0594898847679792,nhblack,1,ch_csection,4,91
0.0232143805334398,mcaid_unins,0,ch_csection,4,91
-0.0812103934397512,mcaid_unins,1,ch_csection,4,91
-0.0401156896354292,hispanic,0,ch_csection,4,91
0.0313239581509735,hispanic,1,ch_csection,4,91
