mean,group_var,bin,outcome,mkt,boot_rep
-0.0298830159688963,overall,,ch_dist,4,7
-0.0278372566236397,age,"(19.6,28.2]",ch_dist,4,7
-0.0319356345226835,age,"(28.2,36.8]",ch_dist,4,7
-0.0390509919246469,age,"(36.8,45.4]",ch_dist,4,7
-0.0674972969713133,age,"(45.4,54]",ch_dist,4,7
-0.0269607558286253,age,"[11,19.6]",ch_dist,4,7
-0.0298830159688963,ci_scorent,100,ch_dist,4,7
-0.0298830159688963,obgyn_10kwra,100,ch_dist,4,7
-0.0255944850324015,nhblack,0,ch_dist,4,7
-0.0335208920813294,nhblack,1,ch_dist,4,7
-0.0204141296301532,mcaid_unins,0,ch_dist,4,7
-0.0380025620644608,mcaid_unins,1,ch_dist,4,7
-0.030293769212547,hispanic,0,ch_dist,4,7
-0.025923648867776,hispanic,1,ch_dist,4,7
0.147582058211982,overall,,ch_peri,4,7
0.140357407528674,age,"(19.6,28.2]",ch_peri,4,7
0.14748621753759,age,"(28.2,36.8]",ch_peri,4,7
0.209298850098272,age,"(36.8,45.4]",ch_peri,4,7
0.146534049726263,age,"(45.4,54]",ch_peri,4,7
0.148575283628701,age,"[11,19.6]",ch_peri,4,7
0.147582058211982,ci_scorent,100,ch_peri,4,7
0.147582058211982,obgyn_10kwra,100,ch_peri,4,7
0.0918092956964404,nhblack,0,ch_peri,4,7
0.186308281889772,nhblack,1,ch_peri,4,7
0.122602831483745,mcaid_unins,0,ch_peri,4,7
0.169001681977199,mcaid_unins,1,ch_peri,4,7
0.138123598010821,hispanic,0,ch_peri,4,7
0.238754840719749,hispanic,1,ch_peri,4,7
,overall,,ch_teach,4,7
-0.0350585253535612,overall,,ch_csection,4,7
-0.0388000950724055,age,"(19.6,28.2]",ch_csection,4,7
-0.0245549605805923,age,"(28.2,36.8]",ch_csection,4,7
-0.0320657518569841,age,"(36.8,45.4]",ch_csection,4,7
-0.0737694240533611,age,"(45.4,54]",ch_csection,4,7
-0.0611109200974256,age,"[11,19.6]",ch_csection,4,7
-0.0350585253535612,ci_scorent,100,ch_csection,4,7
-0.0350585253535612,obgyn_10kwra,100,ch_csection,4,7
-0.0207091974434616,nhblack,0,ch_csection,4,7
-0.0649725139904449,nhblack,1,ch_csection,4,7
0.0246508707170425,mcaid_unins,0,ch_csection,4,7
-0.0862591815225895,mcaid_unins,1,ch_csection,4,7
-0.0420430724710472,hispanic,0,ch_csection,4,7
0.0322675067610157,hispanic,1,ch_csection,4,7
