mean,group_var,bin,outcome,mkt,boot_rep
-0.0285373806963447,overall,,ch_dist,4,110
-0.0278037092036438,age,"(19.6,28.2]",ch_dist,4,110
-0.0283410485121337,age,"(28.2,36.8]",ch_dist,4,110
-0.033808732632813,age,"(36.8,45.4]",ch_dist,4,110
-0.0379349873958439,age,"(45.4,54]",ch_dist,4,110
-0.0304822776748359,age,"[11,19.6]",ch_dist,4,110
-0.0285373806963447,ci_scorent,100,ch_dist,4,110
-0.0285373806963447,obgyn_10kwra,100,ch_dist,4,110
-0.0235370138138766,nhblack,0,ch_dist,4,110
-0.0310745538835414,nhblack,1,ch_dist,4,110
-0.0179465661988356,mcaid_unins,0,ch_dist,4,110
-0.037656760859761,mcaid_unins,1,ch_dist,4,110
-0.0281181134115747,hispanic,0,ch_dist,4,110
-0.0325802836709812,hispanic,1,ch_dist,4,110
0.150433627489049,overall,,ch_peri,4,110
0.146008436917184,age,"(19.6,28.2]",ch_peri,4,110
0.146251027108328,age,"(28.2,36.8]",ch_peri,4,110
0.194665968080267,age,"(36.8,45.4]",ch_peri,4,110
0.164913013069954,age,"(45.4,54]",ch_peri,4,110
0.166517233933507,age,"[11,19.6]",ch_peri,4,110
0.150433627489049,ci_scorent,100,ch_peri,4,110
0.150433627489049,obgyn_10kwra,100,ch_peri,4,110
0.0844205760825677,nhblack,0,ch_peri,4,110
0.194859742591819,nhblack,1,ch_peri,4,110
0.120044012478272,mcaid_unins,0,ch_peri,4,110
0.176601062710233,mcaid_unins,1,ch_peri,4,110
0.141591352669693,hispanic,0,ch_peri,4,110
0.235697754856733,hispanic,1,ch_peri,4,110
,overall,,ch_teach,4,110
-0.0338637655232958,overall,,ch_csection,4,110
-0.0380589778849284,age,"(19.6,28.2]",ch_csection,4,110
-0.0223880305170013,age,"(28.2,36.8]",ch_csection,4,110
-0.0340209329508981,age,"(36.8,45.4]",ch_csection,4,110
-0.0503060899412541,age,"(45.4,54]",ch_csection,4,110
-0.0600813118018645,age,"[11,19.6]",ch_csection,4,110
-0.0338637655232958,ci_scorent,100,ch_csection,4,110
-0.0338637655232958,obgyn_10kwra,100,ch_csection,4,110
-0.0213858627475202,nhblack,0,ch_csection,4,110
-0.0637971066125821,nhblack,1,ch_csection,4,110
0.0247710118639258,mcaid_unins,0,ch_csection,4,110
-0.08435212276127,mcaid_unins,1,ch_csection,4,110
-0.0410878647424429,hispanic,0,ch_csection,4,110
0.0357966474950556,hispanic,1,ch_csection,4,110
