mean,group_var,bin,outcome,mkt,boot_rep
-0.0299818730717443,overall,,ch_dist,4,34
-0.0287714410141646,age,"(19.6,28.2]",ch_dist,4,34
-0.030438860244894,age,"(28.2,36.8]",ch_dist,4,34
-0.0368332007692498,age,"(36.8,45.4]",ch_dist,4,34
-0.0483610954182757,age,"(45.4,54]",ch_dist,4,34
-0.0309946768655645,age,"[11,19.6]",ch_dist,4,34
-0.0299818730717443,ci_scorent,100,ch_dist,4,34
-0.0299818730717443,obgyn_10kwra,100,ch_dist,4,34
-0.0250322739871683,nhblack,0,ch_dist,4,34
-0.0338513572545084,nhblack,1,ch_dist,4,34
-0.0192458368077494,mcaid_unins,0,ch_dist,4,34
-0.0392568330313233,mcaid_unins,1,ch_dist,4,34
-0.0299317816419456,hispanic,0,ch_dist,4,34
-0.0304657023308455,hispanic,1,ch_dist,4,34
0.145221849062796,overall,,ch_peri,4,34
0.137669760214851,age,"(19.6,28.2]",ch_peri,4,34
0.146134176681016,age,"(28.2,36.8]",ch_peri,4,34
0.194234043537273,age,"(36.8,45.4]",ch_peri,4,34
0.197709436286836,age,"(45.4,54]",ch_peri,4,34
0.156496602192855,age,"[11,19.6]",ch_peri,4,34
0.145221849062796,ci_scorent,100,ch_peri,4,34
0.145221849062796,obgyn_10kwra,100,ch_peri,4,34
0.0723233317753751,nhblack,0,ch_peri,4,34
0.187073561272858,nhblack,1,ch_peri,4,34
0.117040942743797,mcaid_unins,0,ch_peri,4,34
0.169567591877574,mcaid_unins,1,ch_peri,4,34
0.132242607582754,hispanic,0,ch_peri,4,34
0.270587342006769,hispanic,1,ch_peri,4,34
,overall,,ch_teach,4,34
-0.034188540183401,overall,,ch_csection,4,34
-0.0374407498368867,age,"(19.6,28.2]",ch_csection,4,34
-0.024562545443059,age,"(28.2,36.8]",ch_csection,4,34
-0.034942643821995,age,"(36.8,45.4]",ch_csection,4,34
-0.044862874091646,age,"(45.4,54]",ch_csection,4,34
-0.0575133250924562,age,"[11,19.6]",ch_csection,4,34
-0.034188540183401,ci_scorent,100,ch_csection,4,34
-0.034188540183401,obgyn_10kwra,100,ch_csection,4,34
-0.0231996577047512,nhblack,0,ch_csection,4,34
-0.0629101623788983,nhblack,1,ch_csection,4,34
0.022857840744263,mcaid_unins,0,ch_csection,4,34
-0.0834714306219711,mcaid_unins,1,ch_csection,4,34
-0.0419579494417146,hispanic,0,ch_csection,4,34
0.0408555849335934,hispanic,1,ch_csection,4,34
