mean,group_var,bin,outcome,mkt,boot_rep
-0.0298542144944325,overall,,ch_dist,4,32
-0.028703370038282,age,"(19.6,28.2]",ch_dist,4,32
-0.0303885998874147,age,"(28.2,36.8]",ch_dist,4,32
-0.0356960069527961,age,"(36.8,45.4]",ch_dist,4,32
-0.0464208174656544,age,"(45.4,54]",ch_dist,4,32
-0.0305470155642225,age,"[11,19.6]",ch_dist,4,32
-0.0298542144944325,ci_scorent,100,ch_dist,4,32
-0.0298542144944325,obgyn_10kwra,100,ch_dist,4,32
-0.0267281056857339,nhblack,0,ch_dist,4,32
-0.0333478869079665,nhblack,1,ch_dist,4,32
-0.0191969190574674,mcaid_unins,0,ch_dist,4,32
-0.0390280301151605,mcaid_unins,1,ch_dist,4,32
-0.0306192619878536,hispanic,0,ch_dist,4,32
-0.0223819515829427,hispanic,1,ch_dist,4,32
0.145801360065779,overall,,ch_peri,4,32
0.137656343313899,age,"(19.6,28.2]",ch_peri,4,32
0.147690296790428,age,"(28.2,36.8]",ch_peri,4,32
0.198611070891929,age,"(36.8,45.4]",ch_peri,4,32
0.227995677627735,age,"(45.4,54]",ch_peri,4,32
0.150221087151918,age,"[11,19.6]",ch_peri,4,32
0.145801360065779,ci_scorent,100,ch_peri,4,32
0.145801360065779,obgyn_10kwra,100,ch_peri,4,32
0.0831988559562109,nhblack,0,ch_peri,4,32
0.180110625134662,nhblack,1,ch_peri,4,32
0.124149588132721,mcaid_unins,0,ch_peri,4,32
0.164439237259928,mcaid_unins,1,ch_peri,4,32
0.133005972743542,hispanic,0,ch_peri,4,32
0.270774644663513,hispanic,1,ch_peri,4,32
,overall,,ch_teach,4,32
-0.0321556384599402,overall,,ch_csection,4,32
-0.0357330047327891,age,"(19.6,28.2]",ch_csection,4,32
-0.022017701133458,age,"(28.2,36.8]",ch_csection,4,32
-0.0320971000760477,age,"(36.8,45.4]",ch_csection,4,32
-0.051455122163852,age,"(45.4,54]",ch_csection,4,32
-0.0571342198395683,age,"[11,19.6]",ch_csection,4,32
-0.0321556384599402,ci_scorent,100,ch_csection,4,32
-0.0321556384599402,obgyn_10kwra,100,ch_csection,4,32
-0.0163320631482428,nhblack,0,ch_csection,4,32
-0.0632218486586922,nhblack,1,ch_csection,4,32
0.025998883498071,mcaid_unins,0,ch_csection,4,32
-0.082215136679715,mcaid_unins,1,ch_csection,4,32
-0.0392240276135836,hispanic,0,ch_csection,4,32
0.036881725325885,hispanic,1,ch_csection,4,32
