mean,group_var,bin,outcome,mkt,boot_rep
-0.0276714302250429,overall,,ch_dist,4,70
-0.0268369181903851,age,"(19.6,28.2]",ch_dist,4,70
-0.0277253114957046,age,"(28.2,36.8]",ch_dist,4,70
-0.0334684176256352,age,"(36.8,45.4]",ch_dist,4,70
-0.0544267325899043,age,"(45.4,54]",ch_dist,4,70
-0.0286030438735377,age,"[11,19.6]",ch_dist,4,70
-0.0276714302250429,ci_scorent,100,ch_dist,4,70
-0.0276714302250429,obgyn_10kwra,100,ch_dist,4,70
-0.0224201797285303,nhblack,0,ch_dist,4,70
-0.0309601109780698,nhblack,1,ch_dist,4,70
-0.016461653618393,mcaid_unins,0,ch_dist,4,70
-0.0370816781891165,mcaid_unins,1,ch_dist,4,70
-0.0276039604463227,hispanic,0,ch_dist,4,70
-0.0283285428039617,hispanic,1,ch_dist,4,70
0.15240246021951,overall,,ch_peri,4,70
0.148013584449289,age,"(19.6,28.2]",ch_peri,4,70
0.145937769376152,age,"(28.2,36.8]",ch_peri,4,70
0.200363183042549,age,"(36.8,45.4]",ch_peri,4,70
0.231892491647796,age,"(45.4,54]",ch_peri,4,70
0.176784547414654,age,"[11,19.6]",ch_peri,4,70
0.15240246021951,ci_scorent,100,ch_peri,4,70
0.15240246021951,obgyn_10kwra,100,ch_peri,4,70
0.0786703845293753,nhblack,0,ch_peri,4,70
0.194855668417785,nhblack,1,ch_peri,4,70
0.117731259290162,mcaid_unins,0,ch_peri,4,70
0.181507821495295,mcaid_unins,1,ch_peri,4,70
0.139913456333512,hispanic,0,ch_peri,4,70
0.274037386364528,hispanic,1,ch_peri,4,70
,overall,,ch_teach,4,70
-0.0379659585535751,overall,,ch_csection,4,70
-0.0418452701800978,age,"(19.6,28.2]",ch_csection,4,70
-0.0274441949568788,age,"(28.2,36.8]",ch_csection,4,70
-0.0384318071454549,age,"(36.8,45.4]",ch_csection,4,70
-0.0897206933372129,age,"(45.4,54]",ch_csection,4,70
-0.0610990580339425,age,"[11,19.6]",ch_csection,4,70
-0.0379659585535751,ci_scorent,100,ch_csection,4,70
-0.0379659585535751,obgyn_10kwra,100,ch_csection,4,70
-0.0256264779163981,nhblack,0,ch_csection,4,70
-0.0675681474308416,nhblack,1,ch_csection,4,70
0.0198827577918447,mcaid_unins,0,ch_csection,4,70
-0.0865281007189083,mcaid_unins,1,ch_csection,4,70
-0.0455922084471922,hispanic,0,ch_csection,4,70
0.0363088475911747,hispanic,1,ch_csection,4,70
