mean,group_var,bin,outcome,mkt,boot_rep
-0.0306754363233628,overall,,ch_dist,4,38
-0.0297607023890773,age,"(19.6,28.2]",ch_dist,4,38
-0.0307135472641539,age,"(28.2,36.8]",ch_dist,4,38
-0.0357597024709712,age,"(36.8,45.4]",ch_dist,4,38
-0.0426224331644621,age,"(45.4,54]",ch_dist,4,38
-0.0327861930345367,age,"[11,19.6]",ch_dist,4,38
-0.0306754363233628,ci_scorent,100,ch_dist,4,38
-0.0306754363233628,obgyn_10kwra,100,ch_dist,4,38
-0.0249655064833465,nhblack,0,ch_dist,4,38
-0.0355074842965511,nhblack,1,ch_dist,4,38
-0.0194770404504725,mcaid_unins,0,ch_dist,4,38
-0.0402861306560816,mcaid_unins,1,ch_dist,4,38
-0.0308934061183504,hispanic,0,ch_dist,4,38
-0.0285504918291726,hispanic,1,ch_dist,4,38
0.14637482860001,overall,,ch_peri,4,38
0.135980675913372,age,"(19.6,28.2]",ch_peri,4,38
0.150663787582162,age,"(28.2,36.8]",ch_peri,4,38
0.207448826777066,age,"(36.8,45.4]",ch_peri,4,38
0.285508511052764,age,"(45.4,54]",ch_peri,4,38
0.147313165665324,age,"[11,19.6]",ch_peri,4,38
0.14637482860001,ci_scorent,100,ch_peri,4,38
0.14637482860001,obgyn_10kwra,100,ch_peri,4,38
0.0788665479559166,nhblack,0,ch_peri,4,38
0.188174096771378,nhblack,1,ch_peri,4,38
0.112255544072066,mcaid_unins,0,ch_peri,4,38
0.175656702376499,mcaid_unins,1,ch_peri,4,38
0.136720227846637,hispanic,0,ch_peri,4,38
0.240495625087661,hispanic,1,ch_peri,4,38
,overall,,ch_teach,4,38
-0.0312560389842003,overall,,ch_csection,4,38
-0.0350091614748856,age,"(19.6,28.2]",ch_csection,4,38
-0.0206307988942413,age,"(28.2,36.8]",ch_csection,4,38
-0.027638936051483,age,"(36.8,45.4]",ch_csection,4,38
-0.0509869382091589,age,"(45.4,54]",ch_csection,4,38
-0.0593949748671728,age,"[11,19.6]",ch_csection,4,38
-0.0312560389842003,ci_scorent,100,ch_csection,4,38
-0.0312560389842003,obgyn_10kwra,100,ch_csection,4,38
-0.0172878533235677,nhblack,0,ch_csection,4,38
-0.0601511103693746,nhblack,1,ch_csection,4,38
0.0251986630929254,mcaid_unins,0,ch_csection,4,38
-0.0797066288246114,mcaid_unins,1,ch_csection,4,38
-0.0378288873984993,hispanic,0,ch_csection,4,38
0.0328213624277902,hispanic,1,ch_csection,4,38
