mean,group_var,bin,outcome,mkt,boot_rep
-0.0295421203488298,overall,,ch_dist,4,97
-0.0285034768000611,age,"(19.6,28.2]",ch_dist,4,97
-0.0299831816010364,age,"(28.2,36.8]",ch_dist,4,97
-0.0354912154265316,age,"(36.8,45.4]",ch_dist,4,97
-0.0415720776987842,age,"(45.4,54]",ch_dist,4,97
-0.029893579907363,age,"[11,19.6]",ch_dist,4,97
-0.0295421203488298,ci_scorent,100,ch_dist,4,97
-0.0295421203488298,obgyn_10kwra,100,ch_dist,4,97
-0.0241351242452374,nhblack,0,ch_dist,4,97
-0.033100945497991,nhblack,1,ch_dist,4,97
-0.0193919821979158,mcaid_unins,0,ch_dist,4,97
-0.0383904522537179,mcaid_unins,1,ch_dist,4,97
-0.0295761262652098,hispanic,0,ch_dist,4,97
-0.0292048551846458,hispanic,1,ch_dist,4,97
0.145236514053083,overall,,ch_peri,4,97
0.136685200696258,age,"(19.6,28.2]",ch_peri,4,97
0.146775802110093,age,"(28.2,36.8]",ch_peri,4,97
0.204860472104088,age,"(36.8,45.4]",ch_peri,4,97
0.287774754962435,age,"(45.4,54]",ch_peri,4,97
0.148937614669118,age,"[11,19.6]",ch_peri,4,97
0.145236514053083,ci_scorent,100,ch_peri,4,97
0.145236514053083,obgyn_10kwra,100,ch_peri,4,97
0.0738593522283063,nhblack,0,ch_peri,4,97
0.188685547344433,nhblack,1,ch_peri,4,97
0.117443495432704,mcaid_unins,0,ch_peri,4,97
0.169464938310512,mcaid_unins,1,ch_peri,4,97
0.133695747863184,hispanic,0,ch_peri,4,97
0.259695961648905,hispanic,1,ch_peri,4,97
,overall,,ch_teach,4,97
-0.0339688091160533,overall,,ch_csection,4,97
-0.0373948026567061,age,"(19.6,28.2]",ch_csection,4,97
-0.0237948072059054,age,"(28.2,36.8]",ch_csection,4,97
-0.0364593167380152,age,"(36.8,45.4]",ch_csection,4,97
-0.0592223133031959,age,"(45.4,54]",ch_csection,4,97
-0.0576411070309209,age,"[11,19.6]",ch_csection,4,97
-0.0339688091160533,ci_scorent,100,ch_csection,4,97
-0.0339688091160533,obgyn_10kwra,100,ch_csection,4,97
-0.0204585240861828,nhblack,0,ch_csection,4,97
-0.0642395479556321,nhblack,1,ch_csection,4,97
0.0249444319377684,mcaid_unins,0,ch_csection,4,97
-0.0853261308279707,mcaid_unins,1,ch_csection,4,97
-0.0405549709178186,hispanic,0,ch_csection,4,97
0.0313516756076167,hispanic,1,ch_csection,4,97
