mean,group_var,bin,outcome,mkt,boot_rep
-0.030057824155738,overall,,ch_dist,4,24
-0.0296658668110644,age,"(19.6,28.2]",ch_dist,4,24
-0.0294430508659182,age,"(28.2,36.8]",ch_dist,4,24
-0.0333539373713352,age,"(36.8,45.4]",ch_dist,4,24
-0.0320946127630005,age,"(45.4,54]",ch_dist,4,24
-0.03313356174173,age,"[11,19.6]",ch_dist,4,24
-0.030057824155738,ci_scorent,100,ch_dist,4,24
-0.030057824155738,obgyn_10kwra,100,ch_dist,4,24
-0.0264561978354289,nhblack,0,ch_dist,4,24
-0.0323371713670542,nhblack,1,ch_dist,4,24
-0.0183835909343454,mcaid_unins,0,ch_dist,4,24
-0.040241407508795,mcaid_unins,1,ch_dist,4,24
-0.0301793580021034,hispanic,0,ch_dist,4,24
-0.0288647365354764,hispanic,1,ch_dist,4,24
0.153153024366251,overall,,ch_peri,4,24
0.14485710246665,age,"(19.6,28.2]",ch_peri,4,24
0.154186819254231,age,"(28.2,36.8]",ch_peri,4,24
0.20506956192342,age,"(36.8,45.4]",ch_peri,4,24
0.148414100379811,age,"(45.4,54]",ch_peri,4,24
0.163758666600702,age,"[11,19.6]",ch_peri,4,24
0.153153024366251,ci_scorent,100,ch_peri,4,24
0.153153024366251,obgyn_10kwra,100,ch_peri,4,24
0.0975303610121736,nhblack,0,ch_peri,4,24
0.189842703740327,nhblack,1,ch_peri,4,24
0.132500797569216,mcaid_unins,0,ch_peri,4,24
0.171168226651952,mcaid_unins,1,ch_peri,4,24
0.143044809305896,hispanic,0,ch_peri,4,24
0.252384527458753,hispanic,1,ch_peri,4,24
,overall,,ch_teach,4,24
-0.0313742769295356,overall,,ch_csection,4,24
-0.0360751537684987,age,"(19.6,28.2]",ch_csection,4,24
-0.0198659023143546,age,"(28.2,36.8]",ch_csection,4,24
-0.0269708261909329,age,"(36.8,45.4]",ch_csection,4,24
-0.0180266157042627,age,"(45.4,54]",ch_csection,4,24
-0.0576707769189368,age,"[11,19.6]",ch_csection,4,24
-0.0313742769295356,ci_scorent,100,ch_csection,4,24
-0.0313742769295356,obgyn_10kwra,100,ch_csection,4,24
-0.015538551429968,nhblack,0,ch_csection,4,24
-0.0624328003952653,nhblack,1,ch_csection,4,24
0.0282542946723367,mcaid_unins,0,ch_csection,4,24
-0.0833890446333926,mcaid_unins,1,ch_csection,4,24
-0.0376869942971863,hispanic,0,ch_csection,4,24
0.0305971422824442,hispanic,1,ch_csection,4,24
