mean,group_var,bin,outcome,mkt,boot_rep
-0.0284954012501258,overall,,ch_dist,4,118
-0.0279250554395892,age,"(19.6,28.2]",ch_dist,4,118
-0.0283307740893625,age,"(28.2,36.8]",ch_dist,4,118
-0.0330248832450004,age,"(36.8,45.4]",ch_dist,4,118
-0.029357038847428,age,"(45.4,54]",ch_dist,4,118
-0.0295924735496054,age,"[11,19.6]",ch_dist,4,118
-0.0284954012501258,ci_scorent,100,ch_dist,4,118
-0.0284954012501258,obgyn_10kwra,100,ch_dist,4,118
-0.0243941698409084,nhblack,0,ch_dist,4,118
-0.0316546220979388,nhblack,1,ch_dist,4,118
-0.0173247387978724,mcaid_unins,0,ch_dist,4,118
-0.0379456163748466,mcaid_unins,1,ch_dist,4,118
-0.0291044052510162,hispanic,0,ch_dist,4,118
-0.0226339778850896,hispanic,1,ch_dist,4,118
0.149196490573807,overall,,ch_peri,4,118
0.140952314913131,age,"(19.6,28.2]",ch_peri,4,118
0.149444441572864,age,"(28.2,36.8]",ch_peri,4,118
0.211044518354016,age,"(36.8,45.4]",ch_peri,4,118
0.255228803019874,age,"(45.4,54]",ch_peri,4,118
0.154774739062576,age,"[11,19.6]",ch_peri,4,118
0.149196490573807,ci_scorent,100,ch_peri,4,118
0.149196490573807,obgyn_10kwra,100,ch_peri,4,118
0.0794009325758025,nhblack,0,ch_peri,4,118
0.192798611661397,nhblack,1,ch_peri,4,118
0.114297192982523,mcaid_unins,0,ch_peri,4,118
0.178720779876163,mcaid_unins,1,ch_peri,4,118
0.138465185249627,hispanic,0,ch_peri,4,118
0.252481072731775,hispanic,1,ch_peri,4,118
,overall,,ch_teach,4,118
-0.0353105590386324,overall,,ch_csection,4,118
-0.0392977620570235,age,"(19.6,28.2]",ch_csection,4,118
-0.0250336112780465,age,"(28.2,36.8]",ch_csection,4,118
-0.0347500861065186,age,"(36.8,45.4]",ch_csection,4,118
-0.0490085482845239,age,"(45.4,54]",ch_csection,4,118
-0.0567154586970347,age,"[11,19.6]",ch_csection,4,118
-0.0353105590386324,ci_scorent,100,ch_csection,4,118
-0.0353105590386324,obgyn_10kwra,100,ch_csection,4,118
-0.0208247358756244,nhblack,0,ch_csection,4,118
-0.0642880984436642,nhblack,1,ch_csection,4,118
0.0222046558983993,mcaid_unins,0,ch_csection,4,118
-0.0839675797321421,mcaid_unins,1,ch_csection,4,118
-0.0412222235319018,hispanic,0,ch_csection,4,118
0.0215868806110993,hispanic,1,ch_csection,4,118
