mean,group_var,bin,outcome,mkt,boot_rep
-0.0303807453225235,overall,,ch_dist,4,130
-0.0290007721102133,age,"(19.6,28.2]",ch_dist,4,130
-0.0313380514434365,age,"(28.2,36.8]",ch_dist,4,130
-0.0369356910782235,age,"(36.8,45.4]",ch_dist,4,130
-0.0462770386159593,age,"(45.4,54]",ch_dist,4,130
-0.0302648107992061,age,"[11,19.6]",ch_dist,4,130
-0.0303807453225235,ci_scorent,100,ch_dist,4,130
-0.0303807453225235,obgyn_10kwra,100,ch_dist,4,130
-0.0243805299534948,nhblack,0,ch_dist,4,130
-0.0338456939599734,nhblack,1,ch_dist,4,130
-0.0194778796893139,mcaid_unins,0,ch_dist,4,130
-0.0397848315670919,mcaid_unins,1,ch_dist,4,130
-0.0300680272235894,hispanic,0,ch_dist,4,130
-0.033531084262142,hispanic,1,ch_dist,4,130
0.150161643588277,overall,,ch_peri,4,130
0.141002036802719,age,"(19.6,28.2]",ch_peri,4,130
0.153119015548963,age,"(28.2,36.8]",ch_peri,4,130
0.203511370251666,age,"(36.8,45.4]",ch_peri,4,130
0.20236126258486,age,"(45.4,54]",ch_peri,4,130
0.158841132949204,age,"[11,19.6]",ch_peri,4,130
0.150161643588277,ci_scorent,100,ch_peri,4,130
0.150161643588277,obgyn_10kwra,100,ch_peri,4,130
0.0861567477872378,nhblack,0,ch_peri,4,130
0.194078897825966,nhblack,1,ch_peri,4,130
0.124742845999363,mcaid_unins,0,ch_peri,4,130
0.172086206616116,mcaid_unins,1,ch_peri,4,130
0.141182797900083,hispanic,0,ch_peri,4,130
0.240615017731818,hispanic,1,ch_peri,4,130
,overall,,ch_teach,4,130
-0.0326912583624638,overall,,ch_csection,4,130
-0.0360323037515921,age,"(19.6,28.2]",ch_csection,4,130
-0.0239517271042164,age,"(28.2,36.8]",ch_csection,4,130
-0.0284059549682598,age,"(36.8,45.4]",ch_csection,4,130
-0.0553616588781284,age,"(45.4,54]",ch_csection,4,130
-0.055902047508594,age,"[11,19.6]",ch_csection,4,130
-0.0326912583624638,ci_scorent,100,ch_csection,4,130
-0.0326912583624638,obgyn_10kwra,100,ch_csection,4,130
-0.0220655715495037,nhblack,0,ch_csection,4,130
-0.0591171288282389,nhblack,1,ch_csection,4,130
0.0244191319773929,mcaid_unins,0,ch_csection,4,130
-0.0819508800330348,mcaid_unins,1,ch_csection,4,130
-0.0396608545486717,hispanic,0,ch_csection,4,130
0.0375208282857578,hispanic,1,ch_csection,4,130
