mean,group_var,bin,outcome,mkt,boot_rep
-0.0284504043378991,overall,,ch_dist,4,117
-0.0274618418984906,age,"(19.6,28.2]",ch_dist,4,117
-0.028820010964004,age,"(28.2,36.8]",ch_dist,4,117
-0.0335665218351048,age,"(36.8,45.4]",ch_dist,4,117
-0.036971645648743,age,"(45.4,54]",ch_dist,4,117
-0.0295682881159951,age,"[11,19.6]",ch_dist,4,117
-0.0284504043378991,ci_scorent,100,ch_dist,4,117
-0.0284504043378991,obgyn_10kwra,100,ch_dist,4,117
-0.0236090472775768,nhblack,0,ch_dist,4,117
-0.0321760893527059,nhblack,1,ch_dist,4,117
-0.0178861333604566,mcaid_unins,0,ch_dist,4,117
-0.0374632721017216,mcaid_unins,1,ch_dist,4,117
-0.0286426777802521,hispanic,0,ch_dist,4,117
-0.0266099722041888,hispanic,1,ch_dist,4,117
0.149054654271926,overall,,ch_peri,4,117
0.140681596683272,age,"(19.6,28.2]",ch_peri,4,117
0.151715249360486,age,"(28.2,36.8]",ch_peri,4,117
0.204205739701222,age,"(36.8,45.4]",ch_peri,4,117
0.21869198098319,age,"(45.4,54]",ch_peri,4,117
0.150323192183257,age,"[11,19.6]",ch_peri,4,117
0.149054654271926,ci_scorent,100,ch_peri,4,117
0.149054654271926,obgyn_10kwra,100,ch_peri,4,117
0.0832319580435813,nhblack,0,ch_peri,4,117
0.191358403896153,nhblack,1,ch_peri,4,117
0.123217268853488,mcaid_unins,0,ch_peri,4,117
0.17109772176201,mcaid_unins,1,ch_peri,4,117
0.138067345271467,hispanic,0,ch_peri,4,117
0.254224647069615,hispanic,1,ch_peri,4,117
,overall,,ch_teach,4,117
-0.0358891714191075,overall,,ch_csection,4,117
-0.0408636305271458,age,"(19.6,28.2]",ch_csection,4,117
-0.0235781058840845,age,"(28.2,36.8]",ch_csection,4,117
-0.0286377238367318,age,"(36.8,45.4]",ch_csection,4,117
-0.0441354266420778,age,"(45.4,54]",ch_csection,4,117
-0.0652736556092345,age,"[11,19.6]",ch_csection,4,117
-0.0358891714191075,ci_scorent,100,ch_csection,4,117
-0.0358891714191075,obgyn_10kwra,100,ch_csection,4,117
-0.0216261703367593,nhblack,0,ch_csection,4,117
-0.0651035896822672,nhblack,1,ch_csection,4,117
0.0235853642480274,mcaid_unins,0,ch_csection,4,117
-0.0866296462163944,mcaid_unins,1,ch_csection,4,117
-0.0424180623690454,hispanic,0,ch_csection,4,117
0.0266050584376501,hispanic,1,ch_csection,4,117
