mean,group_var,bin,outcome,mkt,boot_rep
-0.0297351828624061,overall,,ch_dist,4,3
-0.0293206285447589,age,"(19.6,28.2]",ch_dist,4,3
-0.0292413947356205,age,"(28.2,36.8]",ch_dist,4,3
-0.0347083699078071,age,"(36.8,45.4]",ch_dist,4,3
-0.0363598326402687,age,"(45.4,54]",ch_dist,4,3
-0.0309264918449858,age,"[11,19.6]",ch_dist,4,3
-0.0297351828624061,ci_scorent,100,ch_dist,4,3
-0.0297351828624061,obgyn_10kwra,100,ch_dist,4,3
-0.0253522991629374,nhblack,0,ch_dist,4,3
-0.033311212008719,nhblack,1,ch_dist,4,3
-0.0190477108481786,mcaid_unins,0,ch_dist,4,3
-0.0388003183342598,mcaid_unins,1,ch_dist,4,3
-0.0299561906089455,hispanic,0,ch_dist,4,3
-0.0275967109723973,hispanic,1,ch_dist,4,3
0.15005704090674,overall,,ch_peri,4,3
0.145382515774536,age,"(19.6,28.2]",ch_peri,4,3
0.145817741473922,age,"(28.2,36.8]",ch_peri,4,3
0.198160075931574,age,"(36.8,45.4]",ch_peri,4,3
0.272367587498409,age,"(45.4,54]",ch_peri,4,3
0.163601958986137,age,"[11,19.6]",ch_peri,4,3
0.15005704090674,ci_scorent,100,ch_peri,4,3
0.15005704090674,obgyn_10kwra,100,ch_peri,4,3
0.0848248892538788,nhblack,0,ch_peri,4,3
0.19688894568575,nhblack,1,ch_peri,4,3
0.120300700915981,mcaid_unins,0,ch_peri,4,3
0.175296428930744,mcaid_unins,1,ch_peri,4,3
0.140029989733962,hispanic,0,ch_peri,4,3
0.247078830452223,hispanic,1,ch_peri,4,3
,overall,,ch_teach,4,3
-0.0339307555027145,overall,,ch_csection,4,3
-0.038266696789171,age,"(19.6,28.2]",ch_csection,4,3
-0.0227557934554018,age,"(28.2,36.8]",ch_csection,4,3
-0.0343062098949594,age,"(36.8,45.4]",ch_csection,4,3
-0.0458492847756048,age,"(45.4,54]",ch_csection,4,3
-0.0550896071943009,age,"[11,19.6]",ch_csection,4,3
-0.0339307555027145,ci_scorent,100,ch_csection,4,3
-0.0339307555027145,obgyn_10kwra,100,ch_csection,4,3
-0.019922290320478,nhblack,0,ch_csection,4,3
-0.0618284392154834,nhblack,1,ch_csection,4,3
0.0250120968039198,mcaid_unins,0,ch_csection,4,3
-0.0839262025593985,mcaid_unins,1,ch_csection,4,3
-0.0400778578726689,hispanic,0,ch_csection,4,3
0.0255486330209413,hispanic,1,ch_csection,4,3
