mean,group_var,bin,outcome,mkt,boot_rep
-0.0275296671244983,overall,,ch_dist,4,121
-0.0261088676846136,age,"(19.6,28.2]",ch_dist,4,121
-0.028333355046687,age,"(28.2,36.8]",ch_dist,4,121
-0.0350325154395912,age,"(36.8,45.4]",ch_dist,4,121
-0.0341441745982137,age,"(45.4,54]",ch_dist,4,121
-0.0275151810932846,age,"[11,19.6]",ch_dist,4,121
-0.0275296671244983,ci_scorent,100,ch_dist,4,121
-0.0275296671244983,obgyn_10kwra,100,ch_dist,4,121
-0.0223177694522998,nhblack,0,ch_dist,4,121
-0.0316679376662799,nhblack,1,ch_dist,4,121
-0.01598111193068,mcaid_unins,0,ch_dist,4,121
-0.0373304930053641,mcaid_unins,1,ch_dist,4,121
-0.0280667559332032,hispanic,0,ch_dist,4,121
-0.0221730897234879,hispanic,1,ch_dist,4,121
0.147355384518487,overall,,ch_peri,4,121
0.142218443725104,age,"(19.6,28.2]",ch_peri,4,121
0.143142577228895,age,"(28.2,36.8]",ch_peri,4,121
0.192579269928859,age,"(36.8,45.4]",ch_peri,4,121
0.22439056722692,age,"(45.4,54]",ch_peri,4,121
0.165504527690819,age,"[11,19.6]",ch_peri,4,121
0.147355384518487,ci_scorent,100,ch_peri,4,121
0.147355384518487,obgyn_10kwra,100,ch_peri,4,121
0.0752030747266728,nhblack,0,ch_peri,4,121
0.194120910254427,nhblack,1,ch_peri,4,121
0.118250109812306,mcaid_unins,0,ch_peri,4,121
0.172055940113765,mcaid_unins,1,ch_peri,4,121
0.136448062126532,hispanic,0,ch_peri,4,121
0.256137983752222,hispanic,1,ch_peri,4,121
,overall,,ch_teach,4,121
-0.033981941098239,overall,,ch_csection,4,121
-0.036869009670491,age,"(19.6,28.2]",ch_csection,4,121
-0.0246506265567209,age,"(28.2,36.8]",ch_csection,4,121
-0.0338968143167161,age,"(36.8,45.4]",ch_csection,4,121
-0.0350583521576225,age,"(45.4,54]",ch_csection,4,121
-0.057861840790378,age,"[11,19.6]",ch_csection,4,121
-0.033981941098239,ci_scorent,100,ch_csection,4,121
-0.033981941098239,obgyn_10kwra,100,ch_csection,4,121
-0.0186480856406714,nhblack,0,ch_csection,4,121
-0.0641123477927375,nhblack,1,ch_csection,4,121
0.0238986299473575,mcaid_unins,0,ch_csection,4,121
-0.0831030120185767,mcaid_unins,1,ch_csection,4,121
-0.0402370548910572,hispanic,0,ch_csection,4,121
0.0284025298501455,hispanic,1,ch_csection,4,121
