mean,group_var,bin,outcome,mkt,boot_rep
-0.0289534043778985,overall,,ch_dist,4,42
-0.0279833046025656,age,"(19.6,28.2]",ch_dist,4,42
-0.0293102452384934,age,"(28.2,36.8]",ch_dist,4,42
-0.0341792398115502,age,"(36.8,45.4]",ch_dist,4,42
-0.0460209756648804,age,"(45.4,54]",ch_dist,4,42
-0.0295368512980665,age,"[11,19.6]",ch_dist,4,42
-0.0289534043778985,ci_scorent,100,ch_dist,4,42
-0.0289534043778985,obgyn_10kwra,100,ch_dist,4,42
-0.025141440815181,nhblack,0,ch_dist,4,42
-0.0320341594055304,nhblack,1,ch_dist,4,42
-0.0183391721220481,mcaid_unins,0,ch_dist,4,42
-0.0377976349202437,mcaid_unins,1,ch_dist,4,42
-0.0294557193653326,hispanic,0,ch_dist,4,42
-0.0241137316621253,hispanic,1,ch_dist,4,42
0.153588103682507,overall,,ch_peri,4,42
0.146453326567031,age,"(19.6,28.2]",ch_peri,4,42
0.149523807120633,age,"(28.2,36.8]",ch_peri,4,42
0.210445157630812,age,"(36.8,45.4]",ch_peri,4,42
0.167861197710832,age,"(45.4,54]",ch_peri,4,42
0.17464608646694,age,"[11,19.6]",ch_peri,4,42
0.153588103682507,ci_scorent,100,ch_peri,4,42
0.153588103682507,obgyn_10kwra,100,ch_peri,4,42
0.0849632210419463,nhblack,0,ch_peri,4,42
0.196993803532002,nhblack,1,ch_peri,4,42
0.123524393894988,mcaid_unins,0,ch_peri,4,42
0.178638467562799,mcaid_unins,1,ch_peri,4,42
0.143966101949253,hispanic,0,ch_peri,4,42
0.246293558276694,hispanic,1,ch_peri,4,42
,overall,,ch_teach,4,42
-0.0355266314412279,overall,,ch_csection,4,42
-0.0392650084247106,age,"(19.6,28.2]",ch_csection,4,42
-0.025260763868351,age,"(28.2,36.8]",ch_csection,4,42
-0.0332928168719793,age,"(36.8,45.4]",ch_csection,4,42
-0.0468624934647883,age,"(45.4,54]",ch_csection,4,42
-0.0602888198014855,age,"[11,19.6]",ch_csection,4,42
-0.0355266314412279,ci_scorent,100,ch_csection,4,42
-0.0355266314412279,obgyn_10kwra,100,ch_csection,4,42
-0.0223577260459695,nhblack,0,ch_csection,4,42
-0.0633568911666825,nhblack,1,ch_csection,4,42
0.0244294491728427,mcaid_unins,0,ch_csection,4,42
-0.0854845922795171,mcaid_unins,1,ch_csection,4,42
-0.0422203544835441,hispanic,0,ch_csection,4,42
0.0289656285654256,hispanic,1,ch_csection,4,42
