mean,group_var,bin,outcome,mkt,boot_rep
-0.0277180396769655,overall,,ch_dist,4,148
-0.0269003610569998,age,"(19.6,28.2]",ch_dist,4,148
-0.0277759539542605,age,"(28.2,36.8]",ch_dist,4,148
-0.0324811872674724,age,"(36.8,45.4]",ch_dist,4,148
-0.0408170219046443,age,"(45.4,54]",ch_dist,4,148
-0.0294406408328227,age,"[11,19.6]",ch_dist,4,148
-0.0277180396769655,ci_scorent,100,ch_dist,4,148
-0.0277180396769655,obgyn_10kwra,100,ch_dist,4,148
-0.0237700329343179,nhblack,0,ch_dist,4,148
-0.0314734515235135,nhblack,1,ch_dist,4,148
-0.0166705082927172,mcaid_unins,0,ch_dist,4,148
-0.0373907853948976,mcaid_unins,1,ch_dist,4,148
-0.0281300310062411,hispanic,0,ch_dist,4,148
-0.0238344311683216,hispanic,1,ch_dist,4,148
0.14700727781463,overall,,ch_peri,4,148
0.141871472240387,age,"(19.6,28.2]",ch_peri,4,148
0.143633859063224,age,"(28.2,36.8]",ch_peri,4,148
0.195044971157476,age,"(36.8,45.4]",ch_peri,4,148
0.191075562546859,age,"(45.4,54]",ch_peri,4,148
0.161164428483972,age,"[11,19.6]",ch_peri,4,148
0.14700727781463,ci_scorent,100,ch_peri,4,148
0.14700727781463,obgyn_10kwra,100,ch_peri,4,148
0.0804213151212771,nhblack,0,ch_peri,4,148
0.190110282164072,nhblack,1,ch_peri,4,148
0.11520005132014,mcaid_unins,0,ch_peri,4,148
0.174856324191863,mcaid_unins,1,ch_peri,4,148
0.13647266440503,hispanic,0,ch_peri,4,148
0.246311101379872,hispanic,1,ch_peri,4,148
,overall,,ch_teach,4,148
-0.0349285667678147,overall,,ch_csection,4,148
-0.0373092508791526,age,"(19.6,28.2]",ch_csection,4,148
-0.0266981093407926,age,"(28.2,36.8]",ch_csection,4,148
-0.0361909465475692,age,"(36.8,45.4]",ch_csection,4,148
-0.0584983574671443,age,"(45.4,54]",ch_csection,4,148
-0.0573040737488954,age,"[11,19.6]",ch_csection,4,148
-0.0349285667678147,ci_scorent,100,ch_csection,4,148
-0.0349285667678147,obgyn_10kwra,100,ch_csection,4,148
-0.0233104526376399,nhblack,0,ch_csection,4,148
-0.0614322320589733,nhblack,1,ch_csection,4,148
0.0235415465034087,mcaid_unins,0,ch_csection,4,148
-0.086122495809521,mcaid_unins,1,ch_csection,4,148
-0.0414436598083835,hispanic,0,ch_csection,4,148
0.0264855188427928,hispanic,1,ch_csection,4,148
