mean,group_var,bin,outcome,mkt,boot_rep
-0.0303775317697721,overall,,ch_dist,4,62
-0.0296510484543477,age,"(19.6,28.2]",ch_dist,4,62
-0.0302757089471939,age,"(28.2,36.8]",ch_dist,4,62
-0.0353018729991914,age,"(36.8,45.4]",ch_dist,4,62
-0.046212263205,age,"(45.4,54]",ch_dist,4,62
-0.0322800888820967,age,"[11,19.6]",ch_dist,4,62
-0.0303775317697721,ci_scorent,100,ch_dist,4,62
-0.0303775317697721,obgyn_10kwra,100,ch_dist,4,62
-0.0262783296999883,nhblack,0,ch_dist,4,62
-0.0342801266414836,nhblack,1,ch_dist,4,62
-0.0186516459819627,mcaid_unins,0,ch_dist,4,62
-0.0404688805023985,mcaid_unins,1,ch_dist,4,62
-0.0308579439451744,hispanic,0,ch_dist,4,62
-0.02576239568769,hispanic,1,ch_dist,4,62
0.145825452268543,overall,,ch_peri,4,62
0.137699894221319,age,"(19.6,28.2]",ch_peri,4,62
0.145865083864863,age,"(28.2,36.8]",ch_peri,4,62
0.205643071438947,age,"(36.8,45.4]",ch_peri,4,62
0.262239050491349,age,"(45.4,54]",ch_peri,4,62
0.15766303523298,age,"[11,19.6]",ch_peri,4,62
0.145825452268543,ci_scorent,100,ch_peri,4,62
0.145825452268543,obgyn_10kwra,100,ch_peri,4,62
0.0844558365960671,nhblack,0,ch_peri,4,62
0.180356529285638,nhblack,1,ch_peri,4,62
0.120385378450198,mcaid_unins,0,ch_peri,4,62
0.167719291363546,mcaid_unins,1,ch_peri,4,62
0.133932974482304,hispanic,0,ch_peri,4,62
0.260071939237085,hispanic,1,ch_peri,4,62
,overall,,ch_teach,4,62
-0.0316628886908524,overall,,ch_csection,4,62
-0.035410468388784,age,"(19.6,28.2]",ch_csection,4,62
-0.0208146512752818,age,"(28.2,36.8]",ch_csection,4,62
-0.0293420641150129,age,"(36.8,45.4]",ch_csection,4,62
-0.0618453756223472,age,"(45.4,54]",ch_csection,4,62
-0.0589119786601454,age,"[11,19.6]",ch_csection,4,62
-0.0316628886908524,ci_scorent,100,ch_csection,4,62
-0.0316628886908524,obgyn_10kwra,100,ch_csection,4,62
-0.0187647959880888,nhblack,0,ch_csection,4,62
-0.0590989976001866,nhblack,1,ch_csection,4,62
0.0258018421837562,mcaid_unins,0,ch_csection,4,62
-0.0811172880919689,mcaid_unins,1,ch_csection,4,62
-0.0379575628290696,hispanic,0,ch_csection,4,62
0.0288076389678295,hispanic,1,ch_csection,4,62
