mean,group_var,bin,outcome,mkt,boot_rep
-0.0279180540043434,overall,,ch_dist,4,29
-0.0273161865978452,age,"(19.6,28.2]",ch_dist,4,29
-0.0278084475046835,age,"(28.2,36.8]",ch_dist,4,29
-0.0320528043971427,age,"(36.8,45.4]",ch_dist,4,29
-0.0211785508553024,age,"(45.4,54]",ch_dist,4,29
-0.0296038232972368,age,"[11,19.6]",ch_dist,4,29
-0.0279180540043434,ci_scorent,100,ch_dist,4,29
-0.0279180540043434,obgyn_10kwra,100,ch_dist,4,29
-0.0231268748710432,nhblack,0,ch_dist,4,29
-0.0313665068483255,nhblack,1,ch_dist,4,29
-0.0175420032523577,mcaid_unins,0,ch_dist,4,29
-0.0368797980969822,mcaid_unins,1,ch_dist,4,29
-0.0278113714021581,hispanic,0,ch_dist,4,29
-0.0289977453840587,hispanic,1,ch_dist,4,29
0.149821320418193,overall,,ch_peri,4,29
0.14511147868187,age,"(19.6,28.2]",ch_peri,4,29
0.146263903278856,age,"(28.2,36.8]",ch_peri,4,29
0.199744821777414,age,"(36.8,45.4]",ch_peri,4,29
0.298436975374841,age,"(45.4,54]",ch_peri,4,29
0.160243394834244,age,"[11,19.6]",ch_peri,4,29
0.149821320418193,ci_scorent,100,ch_peri,4,29
0.149821320418193,obgyn_10kwra,100,ch_peri,4,29
0.0748520443958476,nhblack,0,ch_peri,4,29
0.201258476990604,nhblack,1,ch_peri,4,29
0.116658874396406,mcaid_unins,0,ch_peri,4,29
0.178463562234168,mcaid_unins,1,ch_peri,4,29
0.140813976113624,hispanic,0,ch_peri,4,29
0.240981001571091,hispanic,1,ch_peri,4,29
,overall,,ch_teach,4,29
-0.0348180694367726,overall,,ch_csection,4,29
-0.0387836745969021,age,"(19.6,28.2]",ch_csection,4,29
-0.0246835194755445,age,"(28.2,36.8]",ch_csection,4,29
-0.0312252522380979,age,"(36.8,45.4]",ch_csection,4,29
-0.0241407523181831,age,"(45.4,54]",ch_csection,4,29
-0.0585243430810488,age,"[11,19.6]",ch_csection,4,29
-0.0348180694367726,ci_scorent,100,ch_csection,4,29
-0.0348180694367726,obgyn_10kwra,100,ch_csection,4,29
-0.0205152471669876,nhblack,0,ch_csection,4,29
-0.0627273341254738,nhblack,1,ch_csection,4,29
0.0236474495086208,mcaid_unins,0,ch_csection,4,29
-0.0853144511098933,mcaid_unins,1,ch_csection,4,29
-0.0407894439838605,hispanic,0,ch_csection,4,29
0.0256157922377481,hispanic,1,ch_csection,4,29
