mean,group_var,bin,outcome,mkt,boot_rep
-0.0280425342346118,overall,,ch_dist,4,25
-0.0274087566628772,age,"(19.6,28.2]",ch_dist,4,25
-0.0277897303726866,age,"(28.2,36.8]",ch_dist,4,25
-0.0319781139876123,age,"(36.8,45.4]",ch_dist,4,25
-0.0335897004150933,age,"(45.4,54]",ch_dist,4,25
-0.0306779855369809,age,"[11,19.6]",ch_dist,4,25
-0.0280425342346118,ci_scorent,100,ch_dist,4,25
-0.0280425342346118,obgyn_10kwra,100,ch_dist,4,25
-0.0239811228149866,nhblack,0,ch_dist,4,25
-0.0314558657833229,nhblack,1,ch_dist,4,25
-0.0176546805790853,mcaid_unins,0,ch_dist,4,25
-0.0369664884105165,mcaid_unins,1,ch_dist,4,25
-0.0284589111077184,hispanic,0,ch_dist,4,25
-0.0240834877434448,hispanic,1,ch_dist,4,25
0.146040118438426,overall,,ch_peri,4,25
0.140780479732526,age,"(19.6,28.2]",ch_peri,4,25
0.143603310323084,age,"(28.2,36.8]",ch_peri,4,25
0.185588460505854,age,"(36.8,45.4]",ch_peri,4,25
0.133520251155353,age,"(45.4,54]",ch_peri,4,25
0.163854283405208,age,"[11,19.6]",ch_peri,4,25
0.146040118438426,ci_scorent,100,ch_peri,4,25
0.146040118438426,obgyn_10kwra,100,ch_peri,4,25
0.0788706730759726,nhblack,0,ch_peri,4,25
0.191458480796677,nhblack,1,ch_peri,4,25
0.112521575483024,mcaid_unins,0,ch_peri,4,25
0.174835089112465,mcaid_unins,1,ch_peri,4,25
0.13637253656578,hispanic,0,ch_peri,4,25
0.237962625578178,hispanic,1,ch_peri,4,25
,overall,,ch_teach,4,25
-0.0352878214332347,overall,,ch_csection,4,25
-0.037808382079797,age,"(19.6,28.2]",ch_csection,4,25
-0.0261106528913533,age,"(28.2,36.8]",ch_csection,4,25
-0.0374981005759518,age,"(36.8,45.4]",ch_csection,4,25
-0.0504422037064734,age,"(45.4,54]",ch_csection,4,25
-0.0596089842216794,age,"[11,19.6]",ch_csection,4,25
-0.0352878214332347,ci_scorent,100,ch_csection,4,25
-0.0352878214332347,obgyn_10kwra,100,ch_csection,4,25
-0.0205734796267012,nhblack,0,ch_csection,4,25
-0.0640380939991049,nhblack,1,ch_csection,4,25
0.0238021614415429,mcaid_unins,0,ch_csection,4,25
-0.0860505985107658,mcaid_unins,1,ch_csection,4,25
-0.0415924390272966,hispanic,0,ch_csection,4,25
0.0246585295196693,hispanic,1,ch_csection,4,25
