mean,group_var,bin,outcome,mkt,boot_rep
-0.0277346390366986,overall,,ch_dist,4,99
-0.0266738466970868,age,"(19.6,28.2]",ch_dist,4,99
-0.0283414727013144,age,"(28.2,36.8]",ch_dist,4,99
-0.0331400934210998,age,"(36.8,45.4]",ch_dist,4,99
-0.0585440461651924,age,"(45.4,54]",ch_dist,4,99
-0.0282967151922469,age,"[11,19.6]",ch_dist,4,99
-0.0277346390366986,ci_scorent,100,ch_dist,4,99
-0.0277346390366986,obgyn_10kwra,100,ch_dist,4,99
-0.0242053317178359,nhblack,0,ch_dist,4,99
-0.0303777590690795,nhblack,1,ch_dist,4,99
-0.0171706185582607,mcaid_unins,0,ch_dist,4,99
-0.0367065162384172,mcaid_unins,1,ch_dist,4,99
-0.0281151359781688,hispanic,0,ch_dist,4,99
-0.0241206099053523,hispanic,1,ch_dist,4,99
0.15023615479568,overall,,ch_peri,4,99
0.141772584500425,age,"(19.6,28.2]",ch_peri,4,99
0.151974925488431,age,"(28.2,36.8]",ch_peri,4,99
0.204127772782518,age,"(36.8,45.4]",ch_peri,4,99
0.164310107708982,age,"(45.4,54]",ch_peri,4,99
0.162269408946883,age,"[11,19.6]",ch_peri,4,99
0.15023615479568,ci_scorent,100,ch_peri,4,99
0.15023615479568,obgyn_10kwra,100,ch_peri,4,99
0.0888944471021058,nhblack,0,ch_peri,4,99
0.185391873237711,nhblack,1,ch_peri,4,99
0.117911365589112,mcaid_unins,0,ch_peri,4,99
0.17768915338885,mcaid_unins,1,ch_peri,4,99
0.139076866865748,hispanic,0,ch_peri,4,99
0.256229100515616,hispanic,1,ch_peri,4,99
,overall,,ch_teach,4,99
-0.033976536483263,overall,,ch_csection,4,99
-0.0378961248725348,age,"(19.6,28.2]",ch_csection,4,99
-0.0234417983026561,age,"(28.2,36.8]",ch_csection,4,99
-0.0281220227932414,age,"(36.8,45.4]",ch_csection,4,99
-0.0650189524787949,age,"(45.4,54]",ch_csection,4,99
-0.0602388908943775,age,"[11,19.6]",ch_csection,4,99
-0.033976536483263,ci_scorent,100,ch_csection,4,99
-0.033976536483263,obgyn_10kwra,100,ch_csection,4,99
-0.0187656496400539,nhblack,0,ch_csection,4,99
-0.0641039332138097,nhblack,1,ch_csection,4,99
0.0236571315967661,mcaid_unins,0,ch_csection,4,99
-0.0829240175823434,mcaid_unins,1,ch_csection,4,99
-0.040101253238002,hispanic,0,ch_csection,4,99
0.0241971368381119,hispanic,1,ch_csection,4,99
