mean,group_var,bin,outcome,mkt,boot_rep
-0.0293545684220699,overall,,ch_dist,4,67
-0.02872348440971,age,"(19.6,28.2]",ch_dist,4,67
-0.0291555388839923,age,"(28.2,36.8]",ch_dist,4,67
-0.0334618681918814,age,"(36.8,45.4]",ch_dist,4,67
-0.0341165601240749,age,"(45.4,54]",ch_dist,4,67
-0.0316462326083792,age,"[11,19.6]",ch_dist,4,67
-0.0293545684220699,ci_scorent,100,ch_dist,4,67
-0.0293545684220699,obgyn_10kwra,100,ch_dist,4,67
-0.0243174591269767,nhblack,0,ch_dist,4,67
-0.0330653960653557,nhblack,1,ch_dist,4,67
-0.0194038966810108,mcaid_unins,0,ch_dist,4,67
-0.0378015142007933,mcaid_unins,1,ch_dist,4,67
-0.0292141225041625,hispanic,0,ch_dist,4,67
-0.0307173036149213,hispanic,1,ch_dist,4,67
0.149711846464651,overall,,ch_peri,4,67
0.144589943443115,age,"(19.6,28.2]",ch_peri,4,67
0.146072217906125,age,"(28.2,36.8]",ch_peri,4,67
0.196917938321965,age,"(36.8,45.4]",ch_peri,4,67
0.209335542737043,age,"(45.4,54]",ch_peri,4,67
0.166903546259321,age,"[11,19.6]",ch_peri,4,67
0.149711846464651,ci_scorent,100,ch_peri,4,67
0.149711846464651,obgyn_10kwra,100,ch_peri,4,67
0.0735517530268167,nhblack,0,ch_peri,4,67
0.200116545266682,nhblack,1,ch_peri,4,67
0.119121451308192,mcaid_unins,0,ch_peri,4,67
0.17567948120936,mcaid_unins,1,ch_peri,4,67
0.139543286229224,hispanic,0,ch_peri,4,67
0.248376550287438,hispanic,1,ch_peri,4,67
,overall,,ch_teach,4,67
-0.0316028521065337,overall,,ch_csection,4,67
-0.0353397002625504,age,"(19.6,28.2]",ch_csection,4,67
-0.0212391840747465,age,"(28.2,36.8]",ch_csection,4,67
-0.0288405003703313,age,"(36.8,45.4]",ch_csection,4,67
-0.0273513607978281,age,"(45.4,54]",ch_csection,4,67
-0.0568207407879155,age,"[11,19.6]",ch_csection,4,67
-0.0316028521065337,ci_scorent,100,ch_csection,4,67
-0.0316028521065337,obgyn_10kwra,100,ch_csection,4,67
-0.0214533659409569,nhblack,0,ch_csection,4,67
-0.0570909495325834,nhblack,1,ch_csection,4,67
0.0250023949271369,mcaid_unins,0,ch_csection,4,67
-0.0796540254269966,mcaid_unins,1,ch_csection,4,67
-0.0381591062061943,hispanic,0,ch_csection,4,67
0.0320119423140456,hispanic,1,ch_csection,4,67
