mean,group_var,bin,outcome,mkt,boot_rep
-0.0283087583966446,overall,,ch_dist,4,132
-0.0273256711663311,age,"(19.6,28.2]",ch_dist,4,132
-0.0285930278058683,age,"(28.2,36.8]",ch_dist,4,132
-0.0337984336799351,age,"(36.8,45.4]",ch_dist,4,132
-0.0465824142089178,age,"(45.4,54]",ch_dist,4,132
-0.0292507441040311,age,"[11,19.6]",ch_dist,4,132
-0.0283087583966446,ci_scorent,100,ch_dist,4,132
-0.0283087583966446,obgyn_10kwra,100,ch_dist,4,132
-0.0220404575474919,nhblack,0,ch_dist,4,132
-0.0334986065174824,nhblack,1,ch_dist,4,132
-0.0171713595246599,mcaid_unins,0,ch_dist,4,132
-0.037653431280955,mcaid_unins,1,ch_dist,4,132
-0.0284911276760922,hispanic,0,ch_dist,4,132
-0.0265274273527487,hispanic,1,ch_dist,4,132
0.149581425657287,overall,,ch_peri,4,132
0.138089465468732,age,"(19.6,28.2]",ch_peri,4,132
0.154725405286025,age,"(28.2,36.8]",ch_peri,4,132
0.214867886600251,age,"(36.8,45.4]",ch_peri,4,132
0.227874127334517,age,"(45.4,54]",ch_peri,4,132
0.151977038449323,age,"[11,19.6]",ch_peri,4,132
0.149581425657287,ci_scorent,100,ch_peri,4,132
0.149581425657287,obgyn_10kwra,100,ch_peri,4,132
0.0791110723869287,nhblack,0,ch_peri,4,132
0.193525582729845,nhblack,1,ch_peri,4,132
0.126377616765027,mcaid_unins,0,ch_peri,4,132
0.169050244746962,mcaid_unins,1,ch_peri,4,132
0.138974779595692,hispanic,0,ch_peri,4,132
0.253184115531179,hispanic,1,ch_peri,4,132
,overall,,ch_teach,4,132
-0.0353830148756444,overall,,ch_csection,4,132
-0.0402776864327469,age,"(19.6,28.2]",ch_csection,4,132
-0.0237722596944515,age,"(28.2,36.8]",ch_csection,4,132
-0.0284472458549371,age,"(36.8,45.4]",ch_csection,4,132
-0.0579138911121592,age,"(45.4,54]",ch_csection,4,132
-0.0616732210494269,age,"[11,19.6]",ch_csection,4,132
-0.0353830148756444,ci_scorent,100,ch_csection,4,132
-0.0353830148756444,obgyn_10kwra,100,ch_csection,4,132
-0.0237384134768123,nhblack,0,ch_csection,4,132
-0.06207943877716,nhblack,1,ch_csection,4,132
0.0239721216408146,mcaid_unins,0,ch_csection,4,132
-0.0851840807371793,mcaid_unins,1,ch_csection,4,132
-0.0423654691801482,hispanic,0,ch_csection,4,132
0.0328196048466635,hispanic,1,ch_csection,4,132
