mean,group_var,bin,outcome,mkt,boot_rep
-0.0296330903271933,overall,,ch_dist,4,119
-0.0285095059112339,age,"(19.6,28.2]",ch_dist,4,119
-0.0300358619968782,age,"(28.2,36.8]",ch_dist,4,119
-0.0364783495037194,age,"(36.8,45.4]",ch_dist,4,119
-0.0288770335508338,age,"(45.4,54]",ch_dist,4,119
-0.0300800454813738,age,"[11,19.6]",ch_dist,4,119
-0.0296330903271933,ci_scorent,100,ch_dist,4,119
-0.0296330903271933,obgyn_10kwra,100,ch_dist,4,119
-0.0236917478154033,nhblack,0,ch_dist,4,119
-0.0357855462841168,nhblack,1,ch_dist,4,119
-0.0186196298921723,mcaid_unins,0,ch_dist,4,119
-0.0391897707768215,mcaid_unins,1,ch_dist,4,119
-0.029953928282927,hispanic,0,ch_dist,4,119
-0.0265207751286204,hispanic,1,ch_dist,4,119
0.145140868417722,overall,,ch_peri,4,119
0.139653873955867,age,"(19.6,28.2]",ch_peri,4,119
0.141806353711714,age,"(28.2,36.8]",ch_peri,4,119
0.191337377131225,age,"(36.8,45.4]",ch_peri,4,119
0.204044360547753,age,"(45.4,54]",ch_peri,4,119
0.161834946512936,age,"[11,19.6]",ch_peri,4,119
0.145140868417722,ci_scorent,100,ch_peri,4,119
0.145140868417722,obgyn_10kwra,100,ch_peri,4,119
0.0754285567224862,nhblack,0,ch_peri,4,119
0.190179752272372,nhblack,1,ch_peri,4,119
0.120862786838404,mcaid_unins,0,ch_peri,4,119
0.166207622954359,mcaid_unins,1,ch_peri,4,119
0.135293828609818,hispanic,0,ch_peri,4,119
0.240662894747173,hispanic,1,ch_peri,4,119
,overall,,ch_teach,4,119
-0.034346605753033,overall,,ch_csection,4,119
-0.0378627132838742,age,"(19.6,28.2]",ch_csection,4,119
-0.0244145625543558,age,"(28.2,36.8]",ch_csection,4,119
-0.0330665016874569,age,"(36.8,45.4]",ch_csection,4,119
-0.027218968510284,age,"(45.4,54]",ch_csection,4,119
-0.0575773631475017,age,"[11,19.6]",ch_csection,4,119
-0.034346605753033,ci_scorent,100,ch_csection,4,119
-0.034346605753033,obgyn_10kwra,100,ch_csection,4,119
-0.0230594824397641,nhblack,0,ch_csection,4,119
-0.0610021689125039,nhblack,1,ch_csection,4,119
0.0226617514074667,mcaid_unins,0,ch_csection,4,119
-0.0838143144314759,mcaid_unins,1,ch_csection,4,119
-0.0413101081446301,hispanic,0,ch_csection,4,119
0.0332034267208337,hispanic,1,ch_csection,4,119
