mean,group_var,bin,outcome,mkt,boot_rep
-0.0303808234156761,overall,,ch_dist,4,129
-0.0302203758286591,age,"(19.6,28.2]",ch_dist,4,129
-0.0295743422054882,age,"(28.2,36.8]",ch_dist,4,129
-0.0334153577383963,age,"(36.8,45.4]",ch_dist,4,129
-0.0312835906497996,age,"(45.4,54]",ch_dist,4,129
-0.0330418278258407,age,"[11,19.6]",ch_dist,4,129
-0.0303808234156761,ci_scorent,100,ch_dist,4,129
-0.0303808234156761,obgyn_10kwra,100,ch_dist,4,129
-0.0247393558565636,nhblack,0,ch_dist,4,129
-0.0347777967359458,nhblack,1,ch_dist,4,129
-0.0199973785442032,mcaid_unins,0,ch_dist,4,129
-0.0396674803954718,mcaid_unins,1,ch_dist,4,129
-0.0307448000425271,hispanic,0,ch_dist,4,129
-0.0267781815845514,hispanic,1,ch_dist,4,129
0.138499980227881,overall,,ch_peri,4,129
0.132017679306652,age,"(19.6,28.2]",ch_peri,4,129
0.136971000073909,age,"(28.2,36.8]",ch_peri,4,129
0.192897289018349,age,"(36.8,45.4]",ch_peri,4,129
0.169915535143682,age,"(45.4,54]",ch_peri,4,129
0.14646535928394,age,"[11,19.6]",ch_peri,4,129
0.138499980227881,ci_scorent,100,ch_peri,4,129
0.138499980227881,obgyn_10kwra,100,ch_peri,4,129
0.0690419992143465,nhblack,0,ch_peri,4,129
0.183201557966561,nhblack,1,ch_peri,4,129
0.114001069965221,mcaid_unins,0,ch_peri,4,129
0.160411106911201,mcaid_unins,1,ch_peri,4,129
0.127328550272102,hispanic,0,ch_peri,4,129
0.249074830103186,hispanic,1,ch_peri,4,129
,overall,,ch_teach,4,129
-0.0305594685308172,overall,,ch_csection,4,129
-0.0348443353151964,age,"(19.6,28.2]",ch_csection,4,129
-0.019973801848232,age,"(28.2,36.8]",ch_csection,4,129
-0.0289042845687318,age,"(36.8,45.4]",ch_csection,4,129
-0.0232529609141763,age,"(45.4,54]",ch_csection,4,129
-0.0540002778139469,age,"[11,19.6]",ch_csection,4,129
-0.0305594685308172,ci_scorent,100,ch_csection,4,129
-0.0305594685308172,obgyn_10kwra,100,ch_csection,4,129
-0.0174971893163309,nhblack,0,ch_csection,4,129
-0.0591504641982382,nhblack,1,ch_csection,4,129
0.0273552682089309,mcaid_unins,0,ch_csection,4,129
-0.0823567574685994,mcaid_unins,1,ch_csection,4,129
-0.0370050040969069,hispanic,0,ch_csection,4,129
0.0332384633729343,hispanic,1,ch_csection,4,129
