mean,group_var,bin,outcome,mkt,boot_rep
-0.0275627683823044,overall,,ch_dist,4,8
-0.0268563879943341,age,"(19.6,28.2]",ch_dist,4,8
-0.0274852744319551,age,"(28.2,36.8]",ch_dist,4,8
-0.0325190100588933,age,"(36.8,45.4]",ch_dist,4,8
-0.0384132452499464,age,"(45.4,54]",ch_dist,4,8
-0.0288612624849474,age,"[11,19.6]",ch_dist,4,8
-0.0275627683823044,ci_scorent,100,ch_dist,4,8
-0.0275627683823044,obgyn_10kwra,100,ch_dist,4,8
-0.0220079838703534,nhblack,0,ch_dist,4,8
-0.0321522902072709,nhblack,1,ch_dist,4,8
-0.0162921700589587,mcaid_unins,0,ch_dist,4,8
-0.0373145893015897,mcaid_unins,1,ch_dist,4,8
-0.0280490246289757,hispanic,0,ch_dist,4,8
-0.0227091959712668,hispanic,1,ch_dist,4,8
0.153421622065565,overall,,ch_peri,4,8
0.143168272294349,age,"(19.6,28.2]",ch_peri,4,8
0.158160716973081,age,"(28.2,36.8]",ch_peri,4,8
0.21801052613702,age,"(36.8,45.4]",ch_peri,4,8
0.158971748714532,age,"(45.4,54]",ch_peri,4,8
0.150640228971274,age,"[11,19.6]",ch_peri,4,8
0.153421622065565,ci_scorent,100,ch_peri,4,8
0.153421622065565,obgyn_10kwra,100,ch_peri,4,8
0.0901453093607749,nhblack,0,ch_peri,4,8
0.196074864641886,nhblack,1,ch_peri,4,8
0.131404981487743,mcaid_unins,0,ch_peri,4,8
0.172471394757265,mcaid_unins,1,ch_peri,4,8
0.143899229973135,hispanic,0,ch_peri,4,8
0.248469490063741,hispanic,1,ch_peri,4,8
,overall,,ch_teach,4,8
-0.0321310907865223,overall,,ch_csection,4,8
-0.0358963712230219,age,"(19.6,28.2]",ch_csection,4,8
-0.0216249593665791,age,"(28.2,36.8]",ch_csection,4,8
-0.0322972008430156,age,"(36.8,45.4]",ch_csection,4,8
-0.0203245140708171,age,"(45.4,54]",ch_csection,4,8
-0.055668939306072,age,"[11,19.6]",ch_csection,4,8
-0.0321310907865223,ci_scorent,100,ch_csection,4,8
-0.0321310907865223,obgyn_10kwra,100,ch_csection,4,8
-0.0199764214267419,nhblack,0,ch_csection,4,8
-0.057369837929795,nhblack,1,ch_csection,4,8
0.0249591132104553,mcaid_unins,0,ch_csection,4,8
-0.081528064190391,mcaid_unins,1,ch_csection,4,8
-0.0381367501720515,hispanic,0,ch_csection,4,8
0.0278144685831201,hispanic,1,ch_csection,4,8
