mean,group_var,bin,outcome,mkt,boot_rep
-0.0291804854787715,overall,,ch_dist,4,11
-0.027875404687305,age,"(19.6,28.2]",ch_dist,4,11
-0.0298885398673361,age,"(28.2,36.8]",ch_dist,4,11
-0.0363377366612504,age,"(36.8,45.4]",ch_dist,4,11
-0.0439256103871175,age,"(45.4,54]",ch_dist,4,11
-0.0292193666382279,age,"[11,19.6]",ch_dist,4,11
-0.0291804854787715,ci_scorent,100,ch_dist,4,11
-0.0291804854787715,obgyn_10kwra,100,ch_dist,4,11
-0.0242792510058561,nhblack,0,ch_dist,4,11
-0.0331158226176512,nhblack,1,ch_dist,4,11
-0.0187136142663739,mcaid_unins,0,ch_dist,4,11
-0.0380653337187361,mcaid_unins,1,ch_dist,4,11
-0.0294660284132538,hispanic,0,ch_dist,4,11
-0.0263459382012052,hispanic,1,ch_dist,4,11
0.145592204844666,overall,,ch_peri,4,11
0.135758772240344,age,"(19.6,28.2]",ch_peri,4,11
0.148769144011969,age,"(28.2,36.8]",ch_peri,4,11
0.205666525404036,age,"(36.8,45.4]",ch_peri,4,11
0.219547638547106,age,"(45.4,54]",ch_peri,4,11
0.15146482396485,age,"[11,19.6]",ch_peri,4,11
0.145592204844666,ci_scorent,100,ch_peri,4,11
0.145592204844666,obgyn_10kwra,100,ch_peri,4,11
0.071276180614192,nhblack,0,ch_peri,4,11
0.195663647081123,nhblack,1,ch_peri,4,11
0.112447730316279,mcaid_unins,0,ch_peri,4,11
0.173727033314638,mcaid_unins,1,ch_peri,4,11
0.135401249475602,hispanic,0,ch_peri,4,11
0.246756482817634,hispanic,1,ch_peri,4,11
,overall,,ch_teach,4,11
-0.0362817971344803,overall,,ch_csection,4,11
-0.0403900484719578,age,"(19.6,28.2]",ch_csection,4,11
-0.0252336692674725,age,"(28.2,36.8]",ch_csection,4,11
-0.0327872776547541,age,"(36.8,45.4]",ch_csection,4,11
-0.0379592344691987,age,"(45.4,54]",ch_csection,4,11
-0.0637247465979178,age,"[11,19.6]",ch_csection,4,11
-0.0362817971344803,ci_scorent,100,ch_csection,4,11
-0.0362817971344803,obgyn_10kwra,100,ch_csection,4,11
-0.0218744027117076,nhblack,0,ch_csection,4,11
-0.0634645346000325,nhblack,1,ch_csection,4,11
0.0229996692028623,mcaid_unins,0,ch_csection,4,11
-0.0866031225011284,mcaid_unins,1,ch_csection,4,11
-0.0421469024917177,hispanic,0,ch_csection,4,11
0.0219403348651809,hispanic,1,ch_csection,4,11
