mean,group_var,bin,outcome,mkt,boot_rep
-0.0308718257031563,overall,,ch_dist,4,22
-0.0296489210857796,age,"(19.6,28.2]",ch_dist,4,22
-0.0314091771507218,age,"(28.2,36.8]",ch_dist,4,22
-0.0371329698614209,age,"(36.8,45.4]",ch_dist,4,22
-0.0418399322082655,age,"(45.4,54]",ch_dist,4,22
-0.03165351684308,age,"[11,19.6]",ch_dist,4,22
-0.0308718257031563,ci_scorent,100,ch_dist,4,22
-0.0308718257031563,obgyn_10kwra,100,ch_dist,4,22
-0.0255961963071339,nhblack,0,ch_dist,4,22
-0.0358665156579992,nhblack,1,ch_dist,4,22
-0.0182490042220907,mcaid_unins,0,ch_dist,4,22
-0.0418295985300964,mcaid_unins,1,ch_dist,4,22
-0.0311970566730229,hispanic,0,ch_dist,4,22
-0.0275887629935963,hispanic,1,ch_dist,4,22
0.150078173008029,overall,,ch_peri,4,22
0.143734018054512,age,"(19.6,28.2]",ch_peri,4,22
0.14988215211292,age,"(28.2,36.8]",ch_peri,4,22
0.19400934621458,age,"(36.8,45.4]",ch_peri,4,22
0.263832669981125,age,"(45.4,54]",ch_peri,4,22
0.158127189902909,age,"[11,19.6]",ch_peri,4,22
0.150078173008029,ci_scorent,100,ch_peri,4,22
0.150078173008029,obgyn_10kwra,100,ch_peri,4,22
0.0777647447596027,nhblack,0,ch_peri,4,22
0.194135454908811,nhblack,1,ch_peri,4,22
0.126993670235775,mcaid_unins,0,ch_peri,4,22
0.170117649727292,mcaid_unins,1,ch_peri,4,22
0.138082282141417,hispanic,0,ch_peri,4,22
0.271171382514755,hispanic,1,ch_peri,4,22
,overall,,ch_teach,4,22
-0.0335447747492478,overall,,ch_csection,4,22
-0.0383222192855568,age,"(19.6,28.2]",ch_csection,4,22
-0.0222281190707857,age,"(28.2,36.8]",ch_csection,4,22
-0.0256964005708638,age,"(36.8,45.4]",ch_csection,4,22
-0.0367005670711538,age,"(45.4,54]",ch_csection,4,22
-0.0607355876525475,age,"[11,19.6]",ch_csection,4,22
-0.0335447747492478,ci_scorent,100,ch_csection,4,22
-0.0335447747492478,obgyn_10kwra,100,ch_csection,4,22
-0.0223371096562148,nhblack,0,ch_csection,4,22
-0.0615535101122164,nhblack,1,ch_csection,4,22
0.0255965664851753,mcaid_unins,0,ch_csection,4,22
-0.0848849115720211,mcaid_unins,1,ch_csection,4,22
-0.0406702311559527,hispanic,0,ch_csection,4,22
0.0383835542996337,hispanic,1,ch_csection,4,22
