mean,group_var,bin,outcome,mkt,boot_rep
-0.0281952458249621,overall,,ch_dist,4,122
-0.0264628867147396,age,"(19.6,28.2]",ch_dist,4,122
-0.0297239355160956,age,"(28.2,36.8]",ch_dist,4,122
-0.0367634148742322,age,"(36.8,45.4]",ch_dist,4,122
-0.0493152455252973,age,"(45.4,54]",ch_dist,4,122
-0.0260194286351361,age,"[11,19.6]",ch_dist,4,122
-0.0281952458249621,ci_scorent,100,ch_dist,4,122
-0.0281952458249621,obgyn_10kwra,100,ch_dist,4,122
-0.0251656652042157,nhblack,0,ch_dist,4,122
-0.0295392170954127,nhblack,1,ch_dist,4,122
-0.0192283859222254,mcaid_unins,0,ch_dist,4,122
-0.0359109928447624,mcaid_unins,1,ch_dist,4,122
-0.028022251468933,hispanic,0,ch_dist,4,122
-0.0298336674749056,hispanic,1,ch_dist,4,122
0.147028129632174,overall,,ch_peri,4,122
0.139962668714489,age,"(19.6,28.2]",ch_peri,4,122
0.145693183827461,age,"(28.2,36.8]",ch_peri,4,122
0.205168638845826,age,"(36.8,45.4]",ch_peri,4,122
0.0973177152673885,age,"(45.4,54]",ch_peri,4,122
0.157199348856414,age,"[11,19.6]",ch_peri,4,122
0.147028129632174,ci_scorent,100,ch_peri,4,122
0.147028129632174,obgyn_10kwra,100,ch_peri,4,122
0.0707615715485141,nhblack,0,ch_peri,4,122
0.198189203660088,nhblack,1,ch_peri,4,122
0.115639070408154,mcaid_unins,0,ch_peri,4,122
0.174037589218818,mcaid_unins,1,ch_peri,4,122
0.13697978253661,hispanic,0,ch_peri,4,122
0.242195566336011,hispanic,1,ch_peri,4,122
,overall,,ch_teach,4,122
-0.033335444891949,overall,,ch_csection,4,122
-0.0373658865564322,age,"(19.6,28.2]",ch_csection,4,122
-0.0227194698171398,age,"(28.2,36.8]",ch_csection,4,122
-0.0336605866671368,age,"(36.8,45.4]",ch_csection,4,122
-0.0234205455031661,age,"(45.4,54]",ch_csection,4,122
-0.0565602603484527,age,"[11,19.6]",ch_csection,4,122
-0.033335444891949,ci_scorent,100,ch_csection,4,122
-0.033335444891949,obgyn_10kwra,100,ch_csection,4,122
-0.0200395759550301,nhblack,0,ch_csection,4,122
-0.0615528710018415,nhblack,1,ch_csection,4,122
0.0243722764341567,mcaid_unins,0,ch_csection,4,122
-0.0829914207487225,mcaid_unins,1,ch_csection,4,122
-0.0401741532152111,hispanic,0,ch_csection,4,122
0.0314336494974523,hispanic,1,ch_csection,4,122
