mean,group_var,bin,outcome,mkt,boot_rep
-0.0290157583537314,overall,,ch_dist,4,116
-0.0274342701418785,age,"(19.6,28.2]",ch_dist,4,116
-0.0300217807676594,age,"(28.2,36.8]",ch_dist,4,116
-0.0363551337895601,age,"(36.8,45.4]",ch_dist,4,116
-0.0562281712403659,age,"(45.4,54]",ch_dist,4,116
-0.0294608454324948,age,"[11,19.6]",ch_dist,4,116
-0.0290157583537314,ci_scorent,100,ch_dist,4,116
-0.0290157583537314,obgyn_10kwra,100,ch_dist,4,116
-0.0231842690024309,nhblack,0,ch_dist,4,116
-0.0339660527158299,nhblack,1,ch_dist,4,116
-0.0177447339473404,mcaid_unins,0,ch_dist,4,116
-0.0389249503069644,mcaid_unins,1,ch_dist,4,116
-0.0290883653156879,hispanic,0,ch_dist,4,116
-0.0282937399351855,hispanic,1,ch_dist,4,116
0.147283084640686,overall,,ch_peri,4,116
0.137528349626606,age,"(19.6,28.2]",ch_peri,4,116
0.150531262589519,age,"(28.2,36.8]",ch_peri,4,116
0.209065508950765,age,"(36.8,45.4]",ch_peri,4,116
0.218425433186618,age,"(45.4,54]",ch_peri,4,116
0.151192081602402,age,"[11,19.6]",ch_peri,4,116
0.147283084640686,ci_scorent,100,ch_peri,4,116
0.147283084640686,obgyn_10kwra,100,ch_peri,4,116
0.0806129557903178,nhblack,0,ch_peri,4,116
0.198665450590177,nhblack,1,ch_peri,4,116
0.12190425036092,mcaid_unins,0,ch_peri,4,116
0.169595496659322,mcaid_unins,1,ch_peri,4,116
0.138790438176073,hispanic,0,ch_peri,4,116
0.231735690897949,hispanic,1,ch_peri,4,116
,overall,,ch_teach,4,116
-0.0355182812166726,overall,,ch_csection,4,116
-0.0394768595042568,age,"(19.6,28.2]",ch_csection,4,116
-0.025041061912213,age,"(28.2,36.8]",ch_csection,4,116
-0.0282960921777769,age,"(36.8,45.4]",ch_csection,4,116
-0.0796191429227249,age,"(45.4,54]",ch_csection,4,116
-0.0653698187803487,age,"[11,19.6]",ch_csection,4,116
-0.0355182812166726,ci_scorent,100,ch_csection,4,116
-0.0355182812166726,obgyn_10kwra,100,ch_csection,4,116
-0.0229055651393766,nhblack,0,ch_csection,4,116
-0.0640231696718826,nhblack,1,ch_csection,4,116
0.024134764886874,mcaid_unins,0,ch_csection,4,116
-0.0879636901805571,mcaid_unins,1,ch_csection,4,116
-0.0422957326579532,hispanic,0,ch_csection,4,116
0.0318780763714029,hispanic,1,ch_csection,4,116
