mean,group_var,bin,outcome,mkt,boot_rep
-0.0297622308403489,overall,,ch_dist,4,84
-0.0287316799382928,age,"(19.6,28.2]",ch_dist,4,84
-0.0301315354553419,age,"(28.2,36.8]",ch_dist,4,84
-0.0364187184961694,age,"(36.8,45.4]",ch_dist,4,84
-0.0441202162130067,age,"(45.4,54]",ch_dist,4,84
-0.030077208648695,age,"[11,19.6]",ch_dist,4,84
-0.0297622308403489,ci_scorent,100,ch_dist,4,84
-0.0297622308403489,obgyn_10kwra,100,ch_dist,4,84
-0.0233284544989272,nhblack,0,ch_dist,4,84
-0.035274818629917,nhblack,1,ch_dist,4,84
-0.0190127412916373,mcaid_unins,0,ch_dist,4,84
-0.0391177517554742,mcaid_unins,1,ch_dist,4,84
-0.0304459896100736,hispanic,0,ch_dist,4,84
-0.0231060336939215,hispanic,1,ch_dist,4,84
0.146656633329021,overall,,ch_peri,4,84
0.141431740932969,age,"(19.6,28.2]",ch_peri,4,84
0.14483699300363,age,"(28.2,36.8]",ch_peri,4,84
0.191657666584019,age,"(36.8,45.4]",ch_peri,4,84
0.13104137771315,age,"(45.4,54]",ch_peri,4,84
0.15756683500687,age,"[11,19.6]",ch_peri,4,84
0.146656633329021,ci_scorent,100,ch_peri,4,84
0.146656633329021,obgyn_10kwra,100,ch_peri,4,84
0.077020757843804,nhblack,0,ch_peri,4,84
0.19131096005539,nhblack,1,ch_peri,4,84
0.11646500783271,mcaid_unins,0,ch_peri,4,84
0.172933079527921,mcaid_unins,1,ch_peri,4,84
0.135252014493967,hispanic,0,ch_peri,4,84
0.257677353950322,hispanic,1,ch_peri,4,84
,overall,,ch_teach,4,84
-0.0335940371101989,overall,,ch_csection,4,84
-0.0383353113513846,age,"(19.6,28.2]",ch_csection,4,84
-0.0220159789191852,age,"(28.2,36.8]",ch_csection,4,84
-0.0307246014721024,age,"(36.8,45.4]",ch_csection,4,84
-0.036350655867597,age,"(45.4,54]",ch_csection,4,84
-0.0580170020655018,age,"[11,19.6]",ch_csection,4,84
-0.0335940371101989,ci_scorent,100,ch_csection,4,84
-0.0335940371101989,obgyn_10kwra,100,ch_csection,4,84
-0.0202024858318317,nhblack,0,ch_csection,4,84
-0.060897876573159,nhblack,1,ch_csection,4,84
0.0233825289464276,mcaid_unins,0,ch_csection,4,84
-0.0831820154973851,mcaid_unins,1,ch_csection,4,84
-0.03975336078175,hispanic,0,ch_csection,4,84
0.0263652269779305,hispanic,1,ch_csection,4,84
