mean,group_var,bin,outcome,mkt,boot_rep
-0.029578211863313,overall,,ch_dist,4,80
-0.0280859623538423,age,"(19.6,28.2]",ch_dist,4,80
-0.0303374709598826,age,"(28.2,36.8]",ch_dist,4,80
-0.0377298423377495,age,"(36.8,45.4]",ch_dist,4,80
-0.0516629969059323,age,"(45.4,54]",ch_dist,4,80
-0.0294610927178612,age,"[11,19.6]",ch_dist,4,80
-0.029578211863313,ci_scorent,100,ch_dist,4,80
-0.029578211863313,obgyn_10kwra,100,ch_dist,4,80
-0.0242815332068132,nhblack,0,ch_dist,4,80
-0.033889051262687,nhblack,1,ch_dist,4,80
-0.0197267843365687,mcaid_unins,0,ch_dist,4,80
-0.0383203066015583,mcaid_unins,1,ch_dist,4,80
-0.0296047855839706,hispanic,0,ch_dist,4,80
-0.0293308144578235,hispanic,1,ch_dist,4,80
0.154459744040754,overall,,ch_peri,4,80
0.148252832732329,age,"(19.6,28.2]",ch_peri,4,80
0.153231270352065,age,"(28.2,36.8]",ch_peri,4,80
0.198172549998834,age,"(36.8,45.4]",ch_peri,4,80
0.196215944881665,age,"(45.4,54]",ch_peri,4,80
0.167974930093201,age,"[11,19.6]",ch_peri,4,80
0.154459744040754,ci_scorent,100,ch_peri,4,80
0.154459744040754,obgyn_10kwra,100,ch_peri,4,80
0.0896497056771703,nhblack,0,ch_peri,4,80
0.200966552313585,nhblack,1,ch_peri,4,80
0.123170621343787,mcaid_unins,0,ch_peri,4,80
0.18222551444823,mcaid_unins,1,ch_peri,4,80
0.145845932542522,hispanic,0,ch_peri,4,80
0.234653053946194,hispanic,1,ch_peri,4,80
,overall,,ch_teach,4,80
-0.0323812858230329,overall,,ch_csection,4,80
-0.034732914526076,age,"(19.6,28.2]",ch_csection,4,80
-0.0240980308019502,age,"(28.2,36.8]",ch_csection,4,80
-0.034902647010853,age,"(36.8,45.4]",ch_csection,4,80
-0.0661862681442934,age,"(45.4,54]",ch_csection,4,80
-0.054413296652498,age,"[11,19.6]",ch_csection,4,80
-0.0323812858230329,ci_scorent,100,ch_csection,4,80
-0.0323812858230329,obgyn_10kwra,100,ch_csection,4,80
-0.021981655191388,nhblack,0,ch_csection,4,80
-0.059128611116252,nhblack,1,ch_csection,4,80
0.0235133793714407,mcaid_unins,0,ch_csection,4,80
-0.081981859665358,mcaid_unins,1,ch_csection,4,80
-0.0393795081371763,hispanic,0,ch_csection,4,80
0.0327711279418205,hispanic,1,ch_csection,4,80
