mean,group_var,bin,outcome,mkt,boot_rep
-0.0292551438499343,overall,,ch_dist,4,112
-0.02788669534174,age,"(19.6,28.2]",ch_dist,4,112
-0.0300993268277467,age,"(28.2,36.8]",ch_dist,4,112
-0.0364838273093826,age,"(36.8,45.4]",ch_dist,4,112
-0.0535978162329086,age,"(45.4,54]",ch_dist,4,112
-0.028721292012248,age,"[11,19.6]",ch_dist,4,112
-0.0292551438499343,ci_scorent,100,ch_dist,4,112
-0.0292551438499343,obgyn_10kwra,100,ch_dist,4,112
-0.0239717580817681,nhblack,0,ch_dist,4,112
-0.032933410132453,nhblack,1,ch_dist,4,112
-0.0188922643136462,mcaid_unins,0,ch_dist,4,112
-0.0382686400916455,mcaid_unins,1,ch_dist,4,112
-0.029326292033213,hispanic,0,ch_dist,4,112
-0.0285619605115687,hispanic,1,ch_dist,4,112
0.140932211867679,overall,,ch_peri,4,112
0.136085572811182,age,"(19.6,28.2]",ch_peri,4,112
0.137103778866598,age,"(28.2,36.8]",ch_peri,4,112
0.18589105180099,age,"(36.8,45.4]",ch_peri,4,112
0.144549590058693,age,"(45.4,54]",ch_peri,4,112
0.157739371867678,age,"[11,19.6]",ch_peri,4,112
0.140932211867679,ci_scorent,100,ch_peri,4,112
0.140932211867679,obgyn_10kwra,100,ch_peri,4,112
0.0743137945207927,nhblack,0,ch_peri,4,112
0.181484834917188,nhblack,1,ch_peri,4,112
0.115565196643407,mcaid_unins,0,ch_peri,4,112
0.162996107871367,mcaid_unins,1,ch_peri,4,112
0.130292513998225,hispanic,0,ch_peri,4,112
0.244592782643722,hispanic,1,ch_peri,4,112
,overall,,ch_teach,4,112
-0.0342467132360275,overall,,ch_csection,4,112
-0.0367788914908928,age,"(19.6,28.2]",ch_csection,4,112
-0.0250192847478387,age,"(28.2,36.8]",ch_csection,4,112
-0.0392305528693704,age,"(36.8,45.4]",ch_csection,4,112
-0.0674494729802242,age,"(45.4,54]",ch_csection,4,112
-0.057326305947105,age,"[11,19.6]",ch_csection,4,112
-0.0342467132360275,ci_scorent,100,ch_csection,4,112
-0.0342467132360275,obgyn_10kwra,100,ch_csection,4,112
-0.0195089983088418,nhblack,0,ch_csection,4,112
-0.0637562024749614,nhblack,1,ch_csection,4,112
0.0241367628088093,mcaid_unins,0,ch_csection,4,112
-0.0850278923538026,mcaid_unins,1,ch_csection,4,112
-0.0414164725555411,hispanic,0,ch_csection,4,112
0.0356069003258153,hispanic,1,ch_csection,4,112
