mean,group_var,bin,outcome,mkt,boot_rep
-0.0290322054261162,overall,,ch_dist,4,150
-0.0276984243112779,age,"(19.6,28.2]",ch_dist,4,150
-0.0299176199181196,age,"(28.2,36.8]",ch_dist,4,150
-0.0359706380392676,age,"(36.8,45.4]",ch_dist,4,150
-0.047084627219018,age,"(45.4,54]",ch_dist,4,150
-0.0283664163587425,age,"[11,19.6]",ch_dist,4,150
-0.0290322054261162,ci_scorent,100,ch_dist,4,150
-0.0290322054261162,obgyn_10kwra,100,ch_dist,4,150
-0.0248485504812567,nhblack,0,ch_dist,4,150
-0.0314994186938192,nhblack,1,ch_dist,4,150
-0.0197183913252564,mcaid_unins,0,ch_dist,4,150
-0.037014006197919,mcaid_unins,1,ch_dist,4,150
-0.0292784715945422,hispanic,0,ch_dist,4,150
-0.026606596147638,hispanic,1,ch_dist,4,150
0.143642004246698,overall,,ch_peri,4,150
0.137483986753806,age,"(19.6,28.2]",ch_peri,4,150
0.141313491495847,age,"(28.2,36.8]",ch_peri,4,150
0.189918686004372,age,"(36.8,45.4]",ch_peri,4,150
0.142654637413491,age,"(45.4,54]",ch_peri,4,150
0.160060418841675,age,"[11,19.6]",ch_peri,4,150
0.143642004246698,ci_scorent,100,ch_peri,4,150
0.143642004246698,obgyn_10kwra,100,ch_peri,4,150
0.0707929537866344,nhblack,0,ch_peri,4,150
0.19219854175714,nhblack,1,ch_peri,4,150
0.113221537412036,mcaid_unins,0,ch_peri,4,150
0.169711893878389,mcaid_unins,1,ch_peri,4,150
0.133277825462462,hispanic,0,ch_peri,4,150
0.245724431498192,hispanic,1,ch_peri,4,150
,overall,,ch_teach,4,150
-0.0361097828495482,overall,,ch_csection,4,150
-0.0401680292647164,age,"(19.6,28.2]",ch_csection,4,150
-0.0244876927392669,age,"(28.2,36.8]",ch_csection,4,150
-0.0348626075872882,age,"(36.8,45.4]",ch_csection,4,150
-0.0393287598479348,age,"(45.4,54]",ch_csection,4,150
-0.0633489677688428,age,"[11,19.6]",ch_csection,4,150
-0.0361097828495482,ci_scorent,100,ch_csection,4,150
-0.0361097828495482,obgyn_10kwra,100,ch_csection,4,150
-0.0210728644643978,nhblack,0,ch_csection,4,150
-0.0648924797635478,nhblack,1,ch_csection,4,150
0.0243214595625062,mcaid_unins,0,ch_csection,4,150
-0.0878984627718808,mcaid_unins,1,ch_csection,4,150
-0.0427686196516904,hispanic,0,ch_csection,4,150
0.0294767182698859,hispanic,1,ch_csection,4,150
