mean,group_var,bin,outcome,mkt,boot_rep
-0.0292394568334807,overall,,ch_dist,4,149
-0.0282123398311432,age,"(19.6,28.2]",ch_dist,4,149
-0.0294676470565349,age,"(28.2,36.8]",ch_dist,4,149
-0.0345117954364004,age,"(36.8,45.4]",ch_dist,4,149
-0.0406775813456015,age,"(45.4,54]",ch_dist,4,149
-0.0310498877429896,age,"[11,19.6]",ch_dist,4,149
-0.0292394568334807,ci_scorent,100,ch_dist,4,149
-0.0292394568334807,obgyn_10kwra,100,ch_dist,4,149
-0.0222936294519508,nhblack,0,ch_dist,4,149
-0.0333872332400809,nhblack,1,ch_dist,4,149
-0.0194198531061946,mcaid_unins,0,ch_dist,4,149
-0.0375980029104748,mcaid_unins,1,ch_dist,4,149
-0.0292419495681088,hispanic,0,ch_dist,4,149
-0.0292160166519081,hispanic,1,ch_dist,4,149
0.149440036589424,overall,,ch_peri,4,149
0.141066288005972,age,"(19.6,28.2]",ch_peri,4,149
0.148899480071511,age,"(28.2,36.8]",ch_peri,4,149
0.207592918849932,age,"(36.8,45.4]",ch_peri,4,149
0.279446859611116,age,"(45.4,54]",ch_peri,4,149
0.162597837903713,age,"[11,19.6]",ch_peri,4,149
0.149440036589424,ci_scorent,100,ch_peri,4,149
0.149440036589424,obgyn_10kwra,100,ch_peri,4,149
0.0750344545002089,nhblack,0,ch_peri,4,149
0.199162926054077,nhblack,1,ch_peri,4,149
0.120696819842277,mcaid_unins,0,ch_peri,4,149
0.17390655359504,mcaid_unins,1,ch_peri,4,149
0.13917294058846,hispanic,0,ch_peri,4,149
0.245985650298637,hispanic,1,ch_peri,4,149
,overall,,ch_teach,4,149
-0.0336726216179958,overall,,ch_csection,4,149
-0.0374858209272637,age,"(19.6,28.2]",ch_csection,4,149
-0.023531844406717,age,"(28.2,36.8]",ch_csection,4,149
-0.0306131526370345,age,"(36.8,45.4]",ch_csection,4,149
-0.0445491796006057,age,"(45.4,54]",ch_csection,4,149
-0.0588311949967429,age,"[11,19.6]",ch_csection,4,149
-0.0336726216179958,ci_scorent,100,ch_csection,4,149
-0.0336726216179958,obgyn_10kwra,100,ch_csection,4,149
-0.0250365992807983,nhblack,0,ch_csection,4,149
-0.0587077645903815,nhblack,1,ch_csection,4,149
0.0245627723263223,mcaid_unins,0,ch_csection,4,149
-0.0832431783445261,mcaid_unins,1,ch_csection,4,149
-0.0407863102243341,hispanic,0,ch_csection,4,149
0.0332202400218225,hispanic,1,ch_csection,4,149
