mean,group_var,bin,outcome,mkt,boot_rep
-0.0296968449900682,overall,,ch_dist,4,142
-0.0278964275338697,age,"(19.6,28.2]",ch_dist,4,142
-0.0311209669784215,age,"(28.2,36.8]",ch_dist,4,142
-0.0382554207776055,age,"(36.8,45.4]",ch_dist,4,142
-0.0383471592951291,age,"(45.4,54]",ch_dist,4,142
-0.0286053182189096,age,"[11,19.6]",ch_dist,4,142
-0.0296968449900682,ci_scorent,100,ch_dist,4,142
-0.0296968449900682,obgyn_10kwra,100,ch_dist,4,142
-0.0253270056724546,nhblack,0,ch_dist,4,142
-0.0327537048631198,nhblack,1,ch_dist,4,142
-0.0192729993504044,mcaid_unins,0,ch_dist,4,142
-0.0387694156065769,mcaid_unins,1,ch_dist,4,142
-0.0300592946415308,hispanic,0,ch_dist,4,142
-0.0262026545704849,hispanic,1,ch_dist,4,142
0.14933579354506,overall,,ch_peri,4,142
0.146115099383449,age,"(19.6,28.2]",ch_peri,4,142
0.143733964668251,age,"(28.2,36.8]",ch_peri,4,142
0.184487803900956,age,"(36.8,45.4]",ch_peri,4,142
0.250794989066035,age,"(45.4,54]",ch_peri,4,142
0.169573595863886,age,"[11,19.6]",ch_peri,4,142
0.14933579354506,ci_scorent,100,ch_peri,4,142
0.14933579354506,obgyn_10kwra,100,ch_peri,4,142
0.0857422231136461,nhblack,0,ch_peri,4,142
0.190191426763327,nhblack,1,ch_peri,4,142
0.117899799042599,mcaid_unins,0,ch_peri,4,142
0.176696643838019,mcaid_unins,1,ch_peri,4,142
0.138418020631935,hispanic,0,ch_peri,4,142
0.254588419288452,hispanic,1,ch_peri,4,142
,overall,,ch_teach,4,142
-0.0344804411042556,overall,,ch_csection,4,142
-0.0375844952754938,age,"(19.6,28.2]",ch_csection,4,142
-0.024730285826486,age,"(28.2,36.8]",ch_csection,4,142
-0.0326736137396333,age,"(36.8,45.4]",ch_csection,4,142
-0.0411499087493441,age,"(45.4,54]",ch_csection,4,142
-0.0608182439888917,age,"[11,19.6]",ch_csection,4,142
-0.0344804411042556,ci_scorent,100,ch_csection,4,142
-0.0344804411042556,obgyn_10kwra,100,ch_csection,4,142
-0.0200889637076292,nhblack,0,ch_csection,4,142
-0.0649635288375899,nhblack,1,ch_csection,4,142
0.0228714599468816,mcaid_unins,0,ch_csection,4,142
-0.084397639637737,mcaid_unins,1,ch_csection,4,142
-0.0415084495605586,hispanic,0,ch_csection,4,142
0.033272968831891,hispanic,1,ch_csection,4,142
