mean,group_var,bin,outcome,mkt,boot_rep
-0.0313843501978926,overall,,ch_dist,4,139
-0.0304971068761535,age,"(19.6,28.2]",ch_dist,4,139
-0.0315763954537069,age,"(28.2,36.8]",ch_dist,4,139
-0.0367761817596177,age,"(36.8,45.4]",ch_dist,4,139
-0.0519446493856636,age,"(45.4,54]",ch_dist,4,139
-0.0322052545862191,age,"[11,19.6]",ch_dist,4,139
-0.0313843501978926,ci_scorent,100,ch_dist,4,139
-0.0313843501978926,obgyn_10kwra,100,ch_dist,4,139
-0.0260484453998638,nhblack,0,ch_dist,4,139
-0.036486948581677,nhblack,1,ch_dist,4,139
-0.02050076111841,mcaid_unins,0,ch_dist,4,139
-0.0407104204055163,mcaid_unins,1,ch_dist,4,139
-0.0319459556472648,hispanic,0,ch_dist,4,139
-0.0259352272602475,hispanic,1,ch_dist,4,139
0.145923477124818,overall,,ch_peri,4,139
0.138761267121958,age,"(19.6,28.2]",ch_peri,4,139
0.145353068469585,age,"(28.2,36.8]",ch_peri,4,139
0.198124530423154,age,"(36.8,45.4]",ch_peri,4,139
0.264544426073872,age,"(45.4,54]",ch_peri,4,139
0.155317685027898,age,"[11,19.6]",ch_peri,4,139
0.145923477124818,ci_scorent,100,ch_peri,4,139
0.145923477124818,obgyn_10kwra,100,ch_peri,4,139
0.0771924356149882,nhblack,0,ch_peri,4,139
0.187868420957862,nhblack,1,ch_peri,4,139
0.118914990271081,mcaid_unins,0,ch_peri,4,139
0.169066857746792,mcaid_unins,1,ch_peri,4,139
0.135515829505334,hispanic,0,ch_peri,4,139
0.246906385025118,hispanic,1,ch_peri,4,139
,overall,,ch_teach,4,139
-0.0314864519146343,overall,,ch_csection,4,139
-0.0366107008179405,age,"(19.6,28.2]",ch_csection,4,139
-0.0195277224951984,age,"(28.2,36.8]",ch_csection,4,139
-0.0243343020681473,age,"(36.8,45.4]",ch_csection,4,139
-0.0696942415033282,age,"(45.4,54]",ch_csection,4,139
-0.0573432080768235,age,"[11,19.6]",ch_csection,4,139
-0.0314864519146343,ci_scorent,100,ch_csection,4,139
-0.0314864519146343,obgyn_10kwra,100,ch_csection,4,139
-0.0187861621768802,nhblack,0,ch_csection,4,139
-0.0595359061938994,nhblack,1,ch_csection,4,139
0.0257242843075057,mcaid_unins,0,ch_csection,4,139
-0.0805099255813635,mcaid_unins,1,ch_csection,4,139
-0.0379096204853991,hispanic,0,ch_csection,4,139
0.0308360117125312,hispanic,1,ch_csection,4,139
