mean,group_var,bin,outcome,mkt,boot_rep
-0.0286200398145112,overall,,ch_dist,4,41
-0.0272788695819499,age,"(19.6,28.2]",ch_dist,4,41
-0.0295641703724293,age,"(28.2,36.8]",ch_dist,4,41
-0.0352132953238358,age,"(36.8,45.4]",ch_dist,4,41
-0.0466320343385734,age,"(45.4,54]",ch_dist,4,41
-0.0282554200313688,age,"[11,19.6]",ch_dist,4,41
-0.0286200398145112,ci_scorent,100,ch_dist,4,41
-0.0286200398145112,obgyn_10kwra,100,ch_dist,4,41
-0.0243675471988302,nhblack,0,ch_dist,4,41
-0.0310115997515495,nhblack,1,ch_dist,4,41
-0.0194685760407691,mcaid_unins,0,ch_dist,4,41
-0.0364152338286818,mcaid_unins,1,ch_dist,4,41
-0.0285848797426009,hispanic,0,ch_dist,4,41
-0.0289684303487662,hispanic,1,ch_dist,4,41
0.146675680478853,overall,,ch_peri,4,41
0.135745844903942,age,"(19.6,28.2]",ch_peri,4,41
0.151985520509337,age,"(28.2,36.8]",ch_peri,4,41
0.209538252560708,age,"(36.8,45.4]",ch_peri,4,41
0.227398420138377,age,"(45.4,54]",ch_peri,4,41
0.148278805718252,age,"[11,19.6]",ch_peri,4,41
0.146675680478853,ci_scorent,100,ch_peri,4,41
0.146675680478853,obgyn_10kwra,100,ch_peri,4,41
0.0800142450473372,nhblack,0,ch_peri,4,41
0.191392596468331,nhblack,1,ch_peri,4,41
0.121568058300355,mcaid_unins,0,ch_peri,4,41
0.168062290419599,mcaid_unins,1,ch_peri,4,41
0.136756341608763,hispanic,0,ch_peri,4,41
0.244963413712957,hispanic,1,ch_peri,4,41
,overall,,ch_teach,4,41
-0.035215378779171,overall,,ch_csection,4,41
-0.039404407754352,age,"(19.6,28.2]",ch_csection,4,41
-0.023850264462113,age,"(28.2,36.8]",ch_csection,4,41
-0.0285412100070955,age,"(36.8,45.4]",ch_csection,4,41
-0.060367290987571,age,"(45.4,54]",ch_csection,4,41
-0.0652220112296729,age,"[11,19.6]",ch_csection,4,41
-0.035215378779171,ci_scorent,100,ch_csection,4,41
-0.035215378779171,obgyn_10kwra,100,ch_csection,4,41
-0.0188032947965263,nhblack,0,ch_csection,4,41
-0.0651445088127671,nhblack,1,ch_csection,4,41
0.0240398075620674,mcaid_unins,0,ch_csection,4,41
-0.0856887986927277,mcaid_unins,1,ch_csection,4,41
-0.0416553268964398,hispanic,0,ch_csection,4,41
0.0285961222574724,hispanic,1,ch_csection,4,41
