mean,group_var,bin,outcome,mkt,boot_rep
-0.0316067890459724,overall,,ch_dist,4,147
-0.0301508747000186,age,"(19.6,28.2]",ch_dist,4,147
-0.0326816162531212,age,"(28.2,36.8]",ch_dist,4,147
-0.0383364488311417,age,"(36.8,45.4]",ch_dist,4,147
-0.0448462471834386,age,"(45.4,54]",ch_dist,4,147
-0.0315010674243689,age,"[11,19.6]",ch_dist,4,147
-0.0316067890459724,ci_scorent,100,ch_dist,4,147
-0.0316067890459724,obgyn_10kwra,100,ch_dist,4,147
-0.0263018618252012,nhblack,0,ch_dist,4,147
-0.0363856495392513,nhblack,1,ch_dist,4,147
-0.0201784109398783,mcaid_unins,0,ch_dist,4,147
-0.0412612224131731,mcaid_unins,1,ch_dist,4,147
-0.0318555655137125,hispanic,0,ch_dist,4,147
-0.029161953641139,hispanic,1,ch_dist,4,147
0.147140295125174,overall,,ch_peri,4,147
0.137714820475299,age,"(19.6,28.2]",ch_peri,4,147
0.149223870487316,age,"(28.2,36.8]",ch_peri,4,147
0.205611727612389,age,"(36.8,45.4]",ch_peri,4,147
0.255374380030456,age,"(45.4,54]",ch_peri,4,147
0.15776388843035,age,"[11,19.6]",ch_peri,4,147
0.147140295125174,ci_scorent,100,ch_peri,4,147
0.147140295125174,obgyn_10kwra,100,ch_peri,4,147
0.0780297259431769,nhblack,0,ch_peri,4,147
0.192292627224978,nhblack,1,ch_peri,4,147
0.109655535531244,mcaid_unins,0,ch_peri,4,147
0.178806565739039,mcaid_unins,1,ch_peri,4,147
0.137794466688993,hispanic,0,ch_peri,4,147
0.238985848106256,hispanic,1,ch_peri,4,147
,overall,,ch_teach,4,147
-0.0321569911069624,overall,,ch_csection,4,147
-0.0366869308724585,age,"(19.6,28.2]",ch_csection,4,147
-0.0204824935931167,age,"(28.2,36.8]",ch_csection,4,147
-0.0275408572614016,age,"(36.8,45.4]",ch_csection,4,147
-0.0431136313293321,age,"(45.4,54]",ch_csection,4,147
-0.0601777310214921,age,"[11,19.6]",ch_csection,4,147
-0.0321569911069624,ci_scorent,100,ch_csection,4,147
-0.0321569911069624,obgyn_10kwra,100,ch_csection,4,147
-0.0166374345821238,nhblack,0,ch_csection,4,147
-0.0633615866002187,nhblack,1,ch_csection,4,147
0.027080927439107,mcaid_unins,0,ch_csection,4,147
-0.0821998346413155,mcaid_unins,1,ch_csection,4,147
-0.0386609498652984,hispanic,0,ch_csection,4,147
0.0317602627571127,hispanic,1,ch_csection,4,147
