mean,group_var,bin,outcome,mkt,boot_rep
-0.0274559162191832,overall,,ch_dist,4,73
-0.0274664526224227,age,"(19.6,28.2]",ch_dist,4,73
-0.0265132584230763,age,"(28.2,36.8]",ch_dist,4,73
-0.0298806933536158,age,"(36.8,45.4]",ch_dist,4,73
-0.0325770644589745,age,"(45.4,54]",ch_dist,4,73
-0.0299124405303394,age,"[11,19.6]",ch_dist,4,73
-0.0274559162191832,ci_scorent,100,ch_dist,4,73
-0.0274559162191832,obgyn_10kwra,100,ch_dist,4,73
-0.0229387023016061,nhblack,0,ch_dist,4,73
-0.0313960123723548,nhblack,1,ch_dist,4,73
-0.0161705520616578,mcaid_unins,0,ch_dist,4,73
-0.0371376909915421,mcaid_unins,1,ch_dist,4,73
-0.0277772794873186,hispanic,0,ch_dist,4,73
-0.0243446436899016,hispanic,1,ch_dist,4,73
0.146467610004775,overall,,ch_peri,4,73
0.137432074190829,age,"(19.6,28.2]",ch_peri,4,73
0.147377768025416,age,"(28.2,36.8]",ch_peri,4,73
0.206229157060968,age,"(36.8,45.4]",ch_peri,4,73
0.170271271440448,age,"(45.4,54]",ch_peri,4,73
0.156072559478553,age,"[11,19.6]",ch_peri,4,73
0.146467610004775,ci_scorent,100,ch_peri,4,73
0.146467610004775,obgyn_10kwra,100,ch_peri,4,73
0.0831568481988399,nhblack,0,ch_peri,4,73
0.186464897701641,nhblack,1,ch_peri,4,73
0.121049210167355,mcaid_unins,0,ch_peri,4,73
0.168274192305937,mcaid_unins,1,ch_peri,4,73
0.13571190280609,hispanic,0,ch_peri,4,73
0.250598790069077,hispanic,1,ch_peri,4,73
,overall,,ch_teach,4,73
-0.0354750377026254,overall,,ch_csection,4,73
-0.0401701115868183,age,"(19.6,28.2]",ch_csection,4,73
-0.0240711624908532,age,"(28.2,36.8]",ch_csection,4,73
-0.0334606694304312,age,"(36.8,45.4]",ch_csection,4,73
-0.0424360390932349,age,"(45.4,54]",ch_csection,4,73
-0.0593836380660014,age,"[11,19.6]",ch_csection,4,73
-0.0354750377026254,ci_scorent,100,ch_csection,4,73
-0.0354750377026254,obgyn_10kwra,100,ch_csection,4,73
-0.0216976462125436,nhblack,0,ch_csection,4,73
-0.0634718603075282,nhblack,1,ch_csection,4,73
0.0214250803479685,mcaid_unins,0,ch_csection,4,73
-0.0842899558387965,mcaid_unins,1,ch_csection,4,73
-0.0423609636514319,hispanic,0,ch_csection,4,73
0.0311909268535974,hispanic,1,ch_csection,4,73
