mean,group_var,bin,outcome,mkt,boot_rep
-0.0291882099414144,overall,,ch_dist,4,75
-0.0284072682398425,age,"(19.6,28.2]",ch_dist,4,75
-0.029362935275452,age,"(28.2,36.8]",ch_dist,4,75
-0.0337081765899829,age,"(36.8,45.4]",ch_dist,4,75
-0.036770516959911,age,"(45.4,54]",ch_dist,4,75
-0.0304424668657048,age,"[11,19.6]",ch_dist,4,75
-0.0291882099414144,ci_scorent,100,ch_dist,4,75
-0.0291882099414144,obgyn_10kwra,100,ch_dist,4,75
-0.0245143283813076,nhblack,0,ch_dist,4,75
-0.0331543754739879,nhblack,1,ch_dist,4,75
-0.0171510164167442,mcaid_unins,0,ch_dist,4,75
-0.0394843133532532,mcaid_unins,1,ch_dist,4,75
-0.0292309519062598,hispanic,0,ch_dist,4,75
-0.0287847470095545,hispanic,1,ch_dist,4,75
0.149855239182848,overall,,ch_peri,4,75
0.141652874567471,age,"(19.6,28.2]",ch_peri,4,75
0.151897411554025,age,"(28.2,36.8]",ch_peri,4,75
0.200020957084882,age,"(36.8,45.4]",ch_peri,4,75
0.196025917408406,age,"(45.4,54]",ch_peri,4,75
0.15991803672114,age,"[11,19.6]",ch_peri,4,75
0.149855239182848,ci_scorent,100,ch_peri,4,75
0.149855239182848,obgyn_10kwra,100,ch_peri,4,75
0.0814758356308109,nhblack,0,ch_peri,4,75
0.191444634181716,nhblack,1,ch_peri,4,75
0.122424929734462,mcaid_unins,0,ch_peri,4,75
0.173317959302824,mcaid_unins,1,ch_peri,4,75
0.138844623290135,hispanic,0,ch_peri,4,75
0.2537899877544,hispanic,1,ch_peri,4,75
,overall,,ch_teach,4,75
-0.031235656434481,overall,,ch_csection,4,75
-0.0354914920828091,age,"(19.6,28.2]",ch_csection,4,75
-0.020698287208291,age,"(28.2,36.8]",ch_csection,4,75
-0.026535280805543,age,"(36.8,45.4]",ch_csection,4,75
-0.0389952763175514,age,"(45.4,54]",ch_csection,4,75
-0.0554350064151184,age,"[11,19.6]",ch_csection,4,75
-0.031235656434481,ci_scorent,100,ch_csection,4,75
-0.031235656434481,obgyn_10kwra,100,ch_csection,4,75
-0.0168543397025734,nhblack,0,ch_csection,4,75
-0.0620402627706377,nhblack,1,ch_csection,4,75
0.0256096529500625,mcaid_unins,0,ch_csection,4,75
-0.0798587165108761,mcaid_unins,1,ch_csection,4,75
-0.0382385217909085,hispanic,0,ch_csection,4,75
0.034867916443978,hispanic,1,ch_csection,4,75
