mean,group_var,bin,outcome,mkt,boot_rep
-0.0284596873042418,overall,,ch_dist,4,36
-0.0275796397389654,age,"(19.6,28.2]",ch_dist,4,36
-0.0284068505656024,age,"(28.2,36.8]",ch_dist,4,36
-0.0340836330771276,age,"(36.8,45.4]",ch_dist,4,36
-0.036096186779074,age,"(45.4,54]",ch_dist,4,36
-0.0302308494761186,age,"[11,19.6]",ch_dist,4,36
-0.0284596873042418,ci_scorent,100,ch_dist,4,36
-0.0284596873042418,obgyn_10kwra,100,ch_dist,4,36
-0.0225529739853437,nhblack,0,ch_dist,4,36
-0.0336357935944966,nhblack,1,ch_dist,4,36
-0.0173439185294832,mcaid_unins,0,ch_dist,4,36
-0.0380525793377022,mcaid_unins,1,ch_dist,4,36
-0.02878374886594,hispanic,0,ch_dist,4,36
-0.025282912508836,hispanic,1,ch_dist,4,36
0.143156790034373,overall,,ch_peri,4,36
0.135171294010904,age,"(19.6,28.2]",ch_peri,4,36
0.142704270141196,age,"(28.2,36.8]",ch_peri,4,36
0.201024837407762,age,"(36.8,45.4]",ch_peri,4,36
0.209698793559677,age,"(45.4,54]",ch_peri,4,36
0.152486293990708,age,"[11,19.6]",ch_peri,4,36
0.143156790034373,ci_scorent,100,ch_peri,4,36
0.143156790034373,obgyn_10kwra,100,ch_peri,4,36
0.0736610947932122,nhblack,0,ch_peri,4,36
0.188692930248657,nhblack,1,ch_peri,4,36
0.119112566270269,mcaid_unins,0,ch_peri,4,36
0.163906919626954,mcaid_unins,1,ch_peri,4,36
0.132059679370083,hispanic,0,ch_peri,4,36
0.251941742113861,hispanic,1,ch_peri,4,36
,overall,,ch_teach,4,36
-0.0353384899916287,overall,,ch_csection,4,36
-0.0391215944251454,age,"(19.6,28.2]",ch_csection,4,36
-0.023914005585942,age,"(28.2,36.8]",ch_csection,4,36
-0.0355042580355057,age,"(36.8,45.4]",ch_csection,4,36
-0.0365410283145602,age,"(45.4,54]",ch_csection,4,36
-0.0648376661533871,age,"[11,19.6]",ch_csection,4,36
-0.0353384899916287,ci_scorent,100,ch_csection,4,36
-0.0353384899916287,obgyn_10kwra,100,ch_csection,4,36
-0.02302755875656,nhblack,0,ch_csection,4,36
-0.0630669806051368,nhblack,1,ch_csection,4,36
0.0236837861154227,mcaid_unins,0,ch_csection,4,36
-0.0862746270899223,mcaid_unins,1,ch_csection,4,36
-0.0418542373240821,hispanic,0,ch_csection,4,36
0.0285353671560625,hispanic,1,ch_csection,4,36
