mean,group_var,bin,outcome,mkt,boot_rep
-0.0295442882979402,overall,,ch_dist,4,138
-0.0280811017175186,age,"(19.6,28.2]",ch_dist,4,138
-0.0304059317351809,age,"(28.2,36.8]",ch_dist,4,138
-0.0378842144446728,age,"(36.8,45.4]",ch_dist,4,138
-0.0493597156270475,age,"(45.4,54]",ch_dist,4,138
-0.029192877603913,age,"[11,19.6]",ch_dist,4,138
-0.0295442882979402,ci_scorent,100,ch_dist,4,138
-0.0295442882979402,obgyn_10kwra,100,ch_dist,4,138
-0.023708465702213,nhblack,0,ch_dist,4,138
-0.0344053676516248,nhblack,1,ch_dist,4,138
-0.0193184103287984,mcaid_unins,0,ch_dist,4,138
-0.0381868889359672,mcaid_unins,1,ch_dist,4,138
-0.0299268474340919,hispanic,0,ch_dist,4,138
-0.0257902090620339,hispanic,1,ch_dist,4,138
0.147729030265806,overall,,ch_peri,4,138
0.144274004782567,age,"(19.6,28.2]",ch_peri,4,138
0.141882014031046,age,"(28.2,36.8]",ch_peri,4,138
0.186425052489489,age,"(36.8,45.4]",ch_peri,4,138
0.115785030241908,age,"(45.4,54]",ch_peri,4,138
0.172038280923798,age,"[11,19.6]",ch_peri,4,138
0.147729030265806,ci_scorent,100,ch_peri,4,138
0.147729030265806,obgyn_10kwra,100,ch_peri,4,138
0.0795273504585203,nhblack,0,ch_peri,4,138
0.189763866285086,nhblack,1,ch_peri,4,138
0.117482623722935,mcaid_unins,0,ch_peri,4,138
0.173292371944075,mcaid_unins,1,ch_peri,4,138
0.135929747483201,hispanic,0,ch_peri,4,138
0.263516207480644,hispanic,1,ch_peri,4,138
,overall,,ch_teach,4,138
-0.03269015989428,overall,,ch_csection,4,138
-0.0372723346941203,age,"(19.6,28.2]",ch_csection,4,138
-0.0211860186984473,age,"(28.2,36.8]",ch_csection,4,138
-0.0290553087338847,age,"(36.8,45.4]",ch_csection,4,138
-0.0365121363207915,age,"(45.4,54]",ch_csection,4,138
-0.059897866572612,age,"[11,19.6]",ch_csection,4,138
-0.03269015989428,ci_scorent,100,ch_csection,4,138
-0.03269015989428,obgyn_10kwra,100,ch_csection,4,138
-0.0219101106642068,nhblack,0,ch_csection,4,138
-0.059395633856791,nhblack,1,ch_csection,4,138
0.0265124643199307,mcaid_unins,0,ch_csection,4,138
-0.0827264149083378,mcaid_unins,1,ch_csection,4,138
-0.0394307579585339,hispanic,0,ch_csection,4,138
0.0334557946505497,hispanic,1,ch_csection,4,138
