mean,group_var,bin,outcome,mkt,boot_rep
-0.0280483712686222,overall,,ch_dist,4,40
-0.0269786024590064,age,"(19.6,28.2]",ch_dist,4,40
-0.0285424391387037,age,"(28.2,36.8]",ch_dist,4,40
-0.0343273844966825,age,"(36.8,45.4]",ch_dist,4,40
-0.0471543738405645,age,"(45.4,54]",ch_dist,4,40
-0.0282469947074303,age,"[11,19.6]",ch_dist,4,40
-0.0280483712686222,ci_scorent,100,ch_dist,4,40
-0.0280483712686222,obgyn_10kwra,100,ch_dist,4,40
-0.0227669491210639,nhblack,0,ch_dist,4,40
-0.0311019799929655,nhblack,1,ch_dist,4,40
-0.0177917419778391,mcaid_unins,0,ch_dist,4,40
-0.0369319540107778,mcaid_unins,1,ch_dist,4,40
-0.0280444330766349,hispanic,0,ch_dist,4,40
-0.0280857135851731,hispanic,1,ch_dist,4,40
0.148154170234382,overall,,ch_peri,4,40
0.138495243353029,age,"(19.6,28.2]",ch_peri,4,40
0.150613951416986,age,"(28.2,36.8]",ch_peri,4,40
0.215384798052642,age,"(36.8,45.4]",ch_peri,4,40
0.206409206427042,age,"(45.4,54]",ch_peri,4,40
0.151471720484887,age,"[11,19.6]",ch_peri,4,40
0.148154170234382,ci_scorent,100,ch_peri,4,40
0.148154170234382,obgyn_10kwra,100,ch_peri,4,40
0.0820670239602852,nhblack,0,ch_peri,4,40
0.192539412062836,nhblack,1,ch_peri,4,40
0.123587298221647,mcaid_unins,0,ch_peri,4,40
0.169432295245412,mcaid_unins,1,ch_peri,4,40
0.137577047776027,hispanic,0,ch_peri,4,40
0.248447466321078,hispanic,1,ch_peri,4,40
,overall,,ch_teach,4,40
-0.0344873876941793,overall,,ch_csection,4,40
-0.0397373446019199,age,"(19.6,28.2]",ch_csection,4,40
-0.0219426417164627,age,"(28.2,36.8]",ch_csection,4,40
-0.0288745143241076,age,"(36.8,45.4]",ch_csection,4,40
-0.0670792426444291,age,"(45.4,54]",ch_csection,4,40
-0.0616434634530294,age,"[11,19.6]",ch_csection,4,40
-0.0344873876941793,ci_scorent,100,ch_csection,4,40
-0.0344873876941793,obgyn_10kwra,100,ch_csection,4,40
-0.0213354892025717,nhblack,0,ch_csection,4,40
-0.0617374747605001,nhblack,1,ch_csection,4,40
0.0250431912938834,mcaid_unins,0,ch_csection,4,40
-0.0860486569119442,mcaid_unins,1,ch_csection,4,40
-0.041454652439266,hispanic,0,ch_csection,4,40
0.0315768891206754,hispanic,1,ch_csection,4,40
