mean,group_var,bin,outcome,mkt,boot_rep
-0.0309861450200771,overall,,ch_dist,4,37
-0.029265566642777,age,"(19.6,28.2]",ch_dist,4,37
-0.0323326686352885,age,"(28.2,36.8]",ch_dist,4,37
-0.0400425493978097,age,"(36.8,45.4]",ch_dist,4,37
-0.0525779386659184,age,"(45.4,54]",ch_dist,4,37
-0.029531310471489,age,"[11,19.6]",ch_dist,4,37
-0.0309861450200771,ci_scorent,100,ch_dist,4,37
-0.0309861450200771,obgyn_10kwra,100,ch_dist,4,37
-0.0243233764093412,nhblack,0,ch_dist,4,37
-0.037153684390263,nhblack,1,ch_dist,4,37
-0.0196260509359338,mcaid_unins,0,ch_dist,4,37
-0.0404651074654573,mcaid_unins,1,ch_dist,4,37
-0.0314220650781578,hispanic,0,ch_dist,4,37
-0.0268890354788268,hispanic,1,ch_dist,4,37
0.150695401514063,overall,,ch_peri,4,37
0.140522022506642,age,"(19.6,28.2]",ch_peri,4,37
0.152699260203374,age,"(28.2,36.8]",ch_peri,4,37
0.219432928667823,age,"(36.8,45.4]",ch_peri,4,37
0.234138448115317,age,"(45.4,54]",ch_peri,4,37
0.158596290166948,age,"[11,19.6]",ch_peri,4,37
0.150695401514063,ci_scorent,100,ch_peri,4,37
0.150695401514063,obgyn_10kwra,100,ch_peri,4,37
0.0785482356926792,nhblack,0,ch_peri,4,37
0.195256869844256,nhblack,1,ch_peri,4,37
0.126192309874642,mcaid_unins,0,ch_peri,4,37
0.171140996746411,mcaid_unins,1,ch_peri,4,37
0.139164544245574,hispanic,0,ch_peri,4,37
0.259071202209087,hispanic,1,ch_peri,4,37
,overall,,ch_teach,4,37
-0.0330346419647802,overall,,ch_csection,4,37
-0.0376705949574679,age,"(19.6,28.2]",ch_csection,4,37
-0.0215827940339868,age,"(28.2,36.8]",ch_csection,4,37
-0.0272519290618569,age,"(36.8,45.4]",ch_csection,4,37
-0.0409456522963109,age,"(45.4,54]",ch_csection,4,37
-0.0588968375255339,age,"[11,19.6]",ch_csection,4,37
-0.0330346419647802,ci_scorent,100,ch_csection,4,37
-0.0330346419647802,obgyn_10kwra,100,ch_csection,4,37
-0.021244707897897,nhblack,0,ch_csection,4,37
-0.059036697196125,nhblack,1,ch_csection,4,37
0.0250830095344224,mcaid_unins,0,ch_csection,4,37
-0.0815285216716038,mcaid_unins,1,ch_csection,4,37
-0.0395532985057385,hispanic,0,ch_csection,4,37
0.0282326693575799,hispanic,1,ch_csection,4,37
