mean,group_var,bin,outcome,mkt,boot_rep
-0.030263397404471,overall,,ch_dist,4,98
-0.0295331179929953,age,"(19.6,28.2]",ch_dist,4,98
-0.0300033527447151,age,"(28.2,36.8]",ch_dist,4,98
-0.0359800306193624,age,"(36.8,45.4]",ch_dist,4,98
-0.0404312874818221,age,"(45.4,54]",ch_dist,4,98
-0.0322538790673463,age,"[11,19.6]",ch_dist,4,98
-0.030263397404471,ci_scorent,100,ch_dist,4,98
-0.030263397404471,obgyn_10kwra,100,ch_dist,4,98
-0.0234327559202315,nhblack,0,ch_dist,4,98
-0.0353238541840625,nhblack,1,ch_dist,4,98
-0.0177555466063371,mcaid_unins,0,ch_dist,4,98
-0.0409763687403462,mcaid_unins,1,ch_dist,4,98
-0.0303643697521531,hispanic,0,ch_dist,4,98
-0.0292691205830925,hispanic,1,ch_dist,4,98
0.151342244698025,overall,,ch_peri,4,98
0.145761481292174,age,"(19.6,28.2]",ch_peri,4,98
0.148617050134317,age,"(28.2,36.8]",ch_peri,4,98
0.194501117057089,age,"(36.8,45.4]",ch_peri,4,98
0.135694669456675,age,"(45.4,54]",ch_peri,4,98
0.171192146871783,age,"[11,19.6]",ch_peri,4,98
0.151342244698025,ci_scorent,100,ch_peri,4,98
0.151342244698025,obgyn_10kwra,100,ch_peri,4,98
0.0837965132706683,nhblack,0,ch_peri,4,98
0.192849782487441,nhblack,1,ch_peri,4,98
0.127941490208807,mcaid_unins,0,ch_peri,4,98
0.171384985543498,mcaid_unins,1,ch_peri,4,98
0.139740575032926,hispanic,0,ch_peri,4,98
0.265584128759345,hispanic,1,ch_peri,4,98
,overall,,ch_teach,4,98
-0.0318846044641665,overall,,ch_csection,4,98
-0.0338314586874105,age,"(19.6,28.2]",ch_csection,4,98
-0.0240815966368935,age,"(28.2,36.8]",ch_csection,4,98
-0.0388536545574675,age,"(36.8,45.4]",ch_csection,4,98
-0.0536550313004781,age,"(45.4,54]",ch_csection,4,98
-0.050298879107213,age,"[11,19.6]",ch_csection,4,98
-0.0318846044641665,ci_scorent,100,ch_csection,4,98
-0.0318846044641665,obgyn_10kwra,100,ch_csection,4,98
-0.0213846592613488,nhblack,0,ch_csection,4,98
-0.0566451734279837,nhblack,1,ch_csection,4,98
0.0237735763669439,mcaid_unins,0,ch_csection,4,98
-0.0795558235627831,mcaid_unins,1,ch_csection,4,98
-0.0383828780337182,hispanic,0,ch_csection,4,98
0.0321040314099214,hispanic,1,ch_csection,4,98
