mean,group_var,bin,outcome,mkt,boot_rep
-0.0279415013288932,overall,,ch_dist,4,23
-0.0266473567875102,age,"(19.6,28.2]",ch_dist,4,23
-0.0287342873750981,age,"(28.2,36.8]",ch_dist,4,23
-0.0344298827803065,age,"(36.8,45.4]",ch_dist,4,23
-0.0471964011571651,age,"(45.4,54]",ch_dist,4,23
-0.0279672084259459,age,"[11,19.6]",ch_dist,4,23
-0.0279415013288932,ci_scorent,100,ch_dist,4,23
-0.0279415013288932,obgyn_10kwra,100,ch_dist,4,23
-0.0224010832368032,nhblack,0,ch_dist,4,23
-0.0333656065235045,nhblack,1,ch_dist,4,23
-0.0173263072895712,mcaid_unins,0,ch_dist,4,23
-0.037157245696087,mcaid_unins,1,ch_dist,4,23
-0.0282681582020852,hispanic,0,ch_dist,4,23
-0.024902759099858,hispanic,1,ch_dist,4,23
0.149688397874265,overall,,ch_peri,4,23
0.144140883939984,age,"(19.6,28.2]",ch_peri,4,23
0.148628949061095,age,"(28.2,36.8]",ch_peri,4,23
0.190828066888143,age,"(36.8,45.4]",ch_peri,4,23
0.14881083323235,age,"(45.4,54]",ch_peri,4,23
0.160629010016561,age,"[11,19.6]",ch_peri,4,23
0.149688397874265,ci_scorent,100,ch_peri,4,23
0.149688397874265,obgyn_10kwra,100,ch_peri,4,23
0.078212068902804,nhblack,0,ch_peri,4,23
0.190779033299358,nhblack,1,ch_peri,4,23
0.122475288113074,mcaid_unins,0,ch_peri,4,23
0.173313878677208,mcaid_unins,1,ch_peri,4,23
0.137001116602079,hispanic,0,ch_peri,4,23
0.267712479219044,hispanic,1,ch_peri,4,23
,overall,,ch_teach,4,23
-0.0357634828768385,overall,,ch_csection,4,23
-0.0391511672286032,age,"(19.6,28.2]",ch_csection,4,23
-0.0263509083254823,age,"(28.2,36.8]",ch_csection,4,23
-0.0327593650046014,age,"(36.8,45.4]",ch_csection,4,23
-0.0683096953380963,age,"(45.4,54]",ch_csection,4,23
-0.0596498889070084,age,"[11,19.6]",ch_csection,4,23
-0.0357634828768385,ci_scorent,100,ch_csection,4,23
-0.0357634828768385,obgyn_10kwra,100,ch_csection,4,23
-0.0242929217224397,nhblack,0,ch_csection,4,23
-0.0638463761628879,nhblack,1,ch_csection,4,23
0.0228931647113015,mcaid_unins,0,ch_csection,4,23
-0.0866871558315157,mcaid_unins,1,ch_csection,4,23
-0.0426934167559052,hispanic,0,ch_csection,4,23
0.0287025806012344,hispanic,1,ch_csection,4,23
