mean,group_var,bin,outcome,mkt,boot_rep
-0.0291535675852029,overall,,ch_dist,4,14
-0.0287166934768732,age,"(19.6,28.2]",ch_dist,4,14
-0.0284992183988431,age,"(28.2,36.8]",ch_dist,4,14
-0.0333396857751967,age,"(36.8,45.4]",ch_dist,4,14
-0.0405182462555906,age,"(45.4,54]",ch_dist,4,14
-0.0318783374630985,age,"[11,19.6]",ch_dist,4,14
-0.0291535675852029,ci_scorent,100,ch_dist,4,14
-0.0291535675852029,obgyn_10kwra,100,ch_dist,4,14
-0.0236927159518033,nhblack,0,ch_dist,4,14
-0.0341686036132822,nhblack,1,ch_dist,4,14
-0.0169393866112121,mcaid_unins,0,ch_dist,4,14
-0.0395232127174324,mcaid_unins,1,ch_dist,4,14
-0.0294149265096127,hispanic,0,ch_dist,4,14
-0.0265484916611192,hispanic,1,ch_dist,4,14
0.150502627998378,overall,,ch_peri,4,14
0.14306478412021,age,"(19.6,28.2]",ch_peri,4,14
0.148705307136227,age,"(28.2,36.8]",ch_peri,4,14
0.202881056763678,age,"(36.8,45.4]",ch_peri,4,14
0.167233684561453,age,"(45.4,54]",ch_peri,4,14
0.167804732558982,age,"[11,19.6]",ch_peri,4,14
0.150502627998378,ci_scorent,100,ch_peri,4,14
0.150502627998378,obgyn_10kwra,100,ch_peri,4,14
0.0826404371983201,nhblack,0,ch_peri,4,14
0.19138458395906,nhblack,1,ch_peri,4,14
0.12436863649879,mcaid_unins,0,ch_peri,4,14
0.172689970589462,mcaid_unins,1,ch_peri,4,14
0.13899315338874,hispanic,0,ch_peri,4,14
0.265222472641679,hispanic,1,ch_peri,4,14
,overall,,ch_teach,4,14
-0.0329404863580435,overall,,ch_csection,4,14
-0.0352825672502173,age,"(19.6,28.2]",ch_csection,4,14
-0.0247367963650712,age,"(28.2,36.8]",ch_csection,4,14
-0.0382227636608489,age,"(36.8,45.4]",ch_csection,4,14
-0.0692895742418559,age,"(45.4,54]",ch_csection,4,14
-0.0517536715518719,age,"[11,19.6]",ch_csection,4,14
-0.0329404863580435,ci_scorent,100,ch_csection,4,14
-0.0329404863580435,obgyn_10kwra,100,ch_csection,4,14
-0.0203871334373496,nhblack,0,ch_csection,4,14
-0.0612812668852521,nhblack,1,ch_csection,4,14
0.0246271159753606,mcaid_unins,0,ch_csection,4,14
-0.0818144639568588,mcaid_unins,1,ch_csection,4,14
-0.0400704675530226,hispanic,0,ch_csection,4,14
0.0381270786472857,hispanic,1,ch_csection,4,14
