mean,group_var,bin,outcome,mkt,boot_rep
-0.0305909947458672,overall,,ch_dist,4,87
-0.0290569220811315,age,"(19.6,28.2]",ch_dist,4,87
-0.0315816182873724,age,"(28.2,36.8]",ch_dist,4,87
-0.0386620417858971,age,"(36.8,45.4]",ch_dist,4,87
-0.0674035143983393,age,"(45.4,54]",ch_dist,4,87
-0.0302061602267885,age,"[11,19.6]",ch_dist,4,87
-0.0305909947458672,ci_scorent,100,ch_dist,4,87
-0.0305909947458672,obgyn_10kwra,100,ch_dist,4,87
-0.025010315747199,nhblack,0,ch_dist,4,87
-0.0357044680793883,nhblack,1,ch_dist,4,87
-0.0199905139031274,mcaid_unins,0,ch_dist,4,87
-0.0398723221404948,mcaid_unins,1,ch_dist,4,87
-0.0309194289457977,hispanic,0,ch_dist,4,87
-0.0274338498066509,hispanic,1,ch_dist,4,87
0.146985638888728,overall,,ch_peri,4,87
0.140858541602155,age,"(19.6,28.2]",ch_peri,4,87
0.144746973535423,age,"(28.2,36.8]",ch_peri,4,87
0.195880498558258,age,"(36.8,45.4]",ch_peri,4,87
0.190143782674483,age,"(45.4,54]",ch_peri,4,87
0.161547152017938,age,"[11,19.6]",ch_peri,4,87
0.146985638888728,ci_scorent,100,ch_peri,4,87
0.146985638888728,obgyn_10kwra,100,ch_peri,4,87
0.0795173061804136,nhblack,0,ch_peri,4,87
0.191511133475211,nhblack,1,ch_peri,4,87
0.113533781135355,mcaid_unins,0,ch_peri,4,87
0.176274654016773,mcaid_unins,1,ch_peri,4,87
0.138161115171703,hispanic,0,ch_peri,4,87
0.231813285948908,hispanic,1,ch_peri,4,87
,overall,,ch_teach,4,87
-0.0325878237223394,overall,,ch_csection,4,87
-0.0359592532306445,age,"(19.6,28.2]",ch_csection,4,87
-0.0225000120606777,age,"(28.2,36.8]",ch_csection,4,87
-0.0323345932871124,age,"(36.8,45.4]",ch_csection,4,87
-0.0792993813554429,age,"(45.4,54]",ch_csection,4,87
-0.056785360605637,age,"[11,19.6]",ch_csection,4,87
-0.0325878237223394,ci_scorent,100,ch_csection,4,87
-0.0325878237223394,obgyn_10kwra,100,ch_csection,4,87
-0.0185116217285256,nhblack,0,ch_csection,4,87
-0.0599550433619678,nhblack,1,ch_csection,4,87
0.0235003411582754,mcaid_unins,0,ch_csection,4,87
-0.0816962206850472,mcaid_unins,1,ch_csection,4,87
-0.0380572120942697,hispanic,0,ch_csection,4,87
0.0199878575639034,hispanic,1,ch_csection,4,87
