mean,group_var,bin,outcome,mkt,boot_rep
-0.0291804690579743,overall,,ch_dist,4,134
-0.0287138192343002,age,"(19.6,28.2]",ch_dist,4,134
-0.0286941633230089,age,"(28.2,36.8]",ch_dist,4,134
-0.0324668914973601,age,"(36.8,45.4]",ch_dist,4,134
-0.0338623252930351,age,"(45.4,54]",ch_dist,4,134
-0.0320785736755898,age,"[11,19.6]",ch_dist,4,134
-0.0291804690579743,ci_scorent,100,ch_dist,4,134
-0.0291804690579743,obgyn_10kwra,100,ch_dist,4,134
-0.0234935381129289,nhblack,0,ch_dist,4,134
-0.0334135545510939,nhblack,1,ch_dist,4,134
-0.0177642128479025,mcaid_unins,0,ch_dist,4,134
-0.0387953087229563,mcaid_unins,1,ch_dist,4,134
-0.0291353676047599,hispanic,0,ch_dist,4,134
-0.0296064039189762,hispanic,1,ch_dist,4,134
0.150873278826135,overall,,ch_peri,4,134
0.141211531702826,age,"(19.6,28.2]",ch_peri,4,134
0.153308227748862,age,"(28.2,36.8]",ch_peri,4,134
0.209708902053672,age,"(36.8,45.4]",ch_peri,4,134
0.181841355657629,age,"(45.4,54]",ch_peri,4,134
0.157042262680266,age,"[11,19.6]",ch_peri,4,134
0.150873278826135,ci_scorent,100,ch_peri,4,134
0.150873278826135,obgyn_10kwra,100,ch_peri,4,134
0.0833140248688662,nhblack,0,ch_peri,4,134
0.198796772847581,nhblack,1,ch_peri,4,134
0.122028198523277,mcaid_unins,0,ch_peri,4,134
0.175166779000984,mcaid_unins,1,ch_peri,4,134
0.140750026570441,hispanic,0,ch_peri,4,134
0.246476540697214,hispanic,1,ch_peri,4,134
,overall,,ch_teach,4,134
-0.0356053498279518,overall,,ch_csection,4,134
-0.0401981732714803,age,"(19.6,28.2]",ch_csection,4,134
-0.0243519165085279,age,"(28.2,36.8]",ch_csection,4,134
-0.0291271735166607,age,"(36.8,45.4]",ch_csection,4,134
-0.0320860811622207,age,"(45.4,54]",ch_csection,4,134
-0.0629545636551228,age,"[11,19.6]",ch_csection,4,134
-0.0356053498279518,ci_scorent,100,ch_csection,4,134
-0.0356053498279518,obgyn_10kwra,100,ch_csection,4,134
-0.0236616104782016,nhblack,0,ch_csection,4,134
-0.0631769174897034,nhblack,1,ch_csection,4,134
0.0222053719394547,mcaid_unins,0,ch_csection,4,134
-0.0842938875133728,mcaid_unins,1,ch_csection,4,134
-0.0423093444084618,hispanic,0,ch_csection,4,134
0.0277066899468489,hispanic,1,ch_csection,4,134
