mean,group_var,bin,outcome,mkt,boot_rep
-0.0285896234583762,overall,,ch_dist,4,77
-0.0276515398634294,age,"(19.6,28.2]",ch_dist,4,77
-0.0289080637351245,age,"(28.2,36.8]",ch_dist,4,77
-0.0334502176416794,age,"(36.8,45.4]",ch_dist,4,77
-0.0463521099512798,age,"(45.4,54]",ch_dist,4,77
-0.0293571198830462,age,"[11,19.6]",ch_dist,4,77
-0.0285896234583762,ci_scorent,100,ch_dist,4,77
-0.0285896234583762,obgyn_10kwra,100,ch_dist,4,77
-0.0223577260228882,nhblack,0,ch_dist,4,77
-0.0323251293487511,nhblack,1,ch_dist,4,77
-0.0179793111471256,mcaid_unins,0,ch_dist,4,77
-0.0377382312999144,mcaid_unins,1,ch_dist,4,77
-0.0280222991398119,hispanic,0,ch_dist,4,77
-0.0341013326254245,hispanic,1,ch_dist,4,77
0.146445007165243,overall,,ch_peri,4,77
0.137012800704177,age,"(19.6,28.2]",ch_peri,4,77
0.148101735822354,age,"(28.2,36.8]",ch_peri,4,77
0.204165702240716,age,"(36.8,45.4]",ch_peri,4,77
0.225031655105026,age,"(45.4,54]",ch_peri,4,77
0.154226594098248,age,"[11,19.6]",ch_peri,4,77
0.146445007165243,ci_scorent,100,ch_peri,4,77
0.146445007165243,obgyn_10kwra,100,ch_peri,4,77
0.0801128005115431,nhblack,0,ch_peri,4,77
0.188243799591447,nhblack,1,ch_peri,4,77
0.122299913418258,mcaid_unins,0,ch_peri,4,77
0.167263809431235,mcaid_unins,1,ch_peri,4,77
0.137026773843526,hispanic,0,ch_peri,4,77
0.23794569070385,hispanic,1,ch_peri,4,77
,overall,,ch_teach,4,77
-0.0350088598859298,overall,,ch_csection,4,77
-0.0385580529723328,age,"(19.6,28.2]",ch_csection,4,77
-0.0258502648681893,age,"(28.2,36.8]",ch_csection,4,77
-0.036552038541449,age,"(36.8,45.4]",ch_csection,4,77
-0.0627883301495812,age,"(45.4,54]",ch_csection,4,77
-0.0543559098186414,age,"[11,19.6]",ch_csection,4,77
-0.0350088598859298,ci_scorent,100,ch_csection,4,77
-0.0350088598859298,obgyn_10kwra,100,ch_csection,4,77
-0.0238235032914506,nhblack,0,ch_csection,4,77
-0.0611961800695374,nhblack,1,ch_csection,4,77
0.0195467677641117,mcaid_unins,0,ch_csection,4,77
-0.082048761095056,mcaid_unins,1,ch_csection,4,77
-0.041366319734576,hispanic,0,ch_csection,4,77
0.0267555816871058,hispanic,1,ch_csection,4,77
