mean,group_var,bin,outcome,mkt,boot_rep
-0.0294741170389011,overall,,ch_dist,4,50
-0.0290161278867743,age,"(19.6,28.2]",ch_dist,4,50
-0.0291475517263015,age,"(28.2,36.8]",ch_dist,4,50
-0.0335556282472079,age,"(36.8,45.4]",ch_dist,4,50
-0.0303774665122531,age,"(45.4,54]",ch_dist,4,50
-0.0311596054645626,age,"[11,19.6]",ch_dist,4,50
-0.0294741170389011,ci_scorent,100,ch_dist,4,50
-0.0294741170389011,obgyn_10kwra,100,ch_dist,4,50
-0.0247169395169847,nhblack,0,ch_dist,4,50
-0.0335770039282642,nhblack,1,ch_dist,4,50
-0.0190450571096879,mcaid_unins,0,ch_dist,4,50
-0.0383033239191285,mcaid_unins,1,ch_dist,4,50
-0.0299675652416878,hispanic,0,ch_dist,4,50
-0.0245650291493137,hispanic,1,ch_dist,4,50
0.147274727183913,overall,,ch_peri,4,50
0.139957737298655,age,"(19.6,28.2]",ch_peri,4,50
0.148817138239921,age,"(28.2,36.8]",ch_peri,4,50
0.198481872070068,age,"(36.8,45.4]",ch_peri,4,50
0.275427906212563,age,"(45.4,54]",ch_peri,4,50
0.151530492594697,age,"[11,19.6]",ch_peri,4,50
0.147274727183913,ci_scorent,100,ch_peri,4,50
0.147274727183913,obgyn_10kwra,100,ch_peri,4,50
0.0802236117267075,nhblack,0,ch_peri,4,50
0.187792213300796,nhblack,1,ch_peri,4,50
0.120060883445923,mcaid_unins,0,ch_peri,4,50
0.170313875295033,mcaid_unins,1,ch_peri,4,50
0.136920769072474,hispanic,0,ch_peri,4,50
0.250281466467,hispanic,1,ch_peri,4,50
,overall,,ch_teach,4,50
-0.0358170419156969,overall,,ch_csection,4,50
-0.0407796490163323,age,"(19.6,28.2]",ch_csection,4,50
-0.023286810001253,age,"(28.2,36.8]",ch_csection,4,50
-0.0343683219517239,age,"(36.8,45.4]",ch_csection,4,50
-0.0368998641495425,age,"(45.4,54]",ch_csection,4,50
-0.0616712558367716,age,"[11,19.6]",ch_csection,4,50
-0.0358170419156969,ci_scorent,100,ch_csection,4,50
-0.0358170419156969,obgyn_10kwra,100,ch_csection,4,50
-0.0217280414583699,nhblack,0,ch_csection,4,50
-0.0640236825998088,nhblack,1,ch_csection,4,50
0.0249774611519821,mcaid_unins,0,ch_csection,4,50
-0.0872854626946018,mcaid_unins,1,ch_csection,4,50
-0.0422470148844602,hispanic,0,ch_csection,4,50
0.028151784504312,hispanic,1,ch_csection,4,50
