mean,group_var,bin,outcome,mkt,boot_rep
-0.0307025687904196,overall,,ch_dist,4,105
-0.029750030923797,age,"(19.6,28.2]",ch_dist,4,105
-0.0309325506301304,age,"(28.2,36.8]",ch_dist,4,105
-0.0358870683657572,age,"(36.8,45.4]",ch_dist,4,105
-0.0400778072788757,age,"(45.4,54]",ch_dist,4,105
-0.0321412029845865,age,"[11,19.6]",ch_dist,4,105
-0.0307025687904196,ci_scorent,100,ch_dist,4,105
-0.0307025687904196,obgyn_10kwra,100,ch_dist,4,105
-0.0251812477593909,nhblack,0,ch_dist,4,105
-0.0354083337062113,nhblack,1,ch_dist,4,105
-0.0188746073162146,mcaid_unins,0,ch_dist,4,105
-0.0408478185282557,mcaid_unins,1,ch_dist,4,105
-0.0308356054203829,hispanic,0,ch_dist,4,105
-0.0294153285902941,hispanic,1,ch_dist,4,105
0.144363769922088,overall,,ch_peri,4,105
0.137970680568189,age,"(19.6,28.2]",ch_peri,4,105
0.141556085244773,age,"(28.2,36.8]",ch_peri,4,105
0.192414542098572,age,"(36.8,45.4]",ch_peri,4,105
0.164451689886195,age,"(45.4,54]",ch_peri,4,105
0.163638077295309,age,"[11,19.6]",ch_peri,4,105
0.144363769922088,ci_scorent,100,ch_peri,4,105
0.144363769922088,obgyn_10kwra,100,ch_peri,4,105
0.0782476840161277,nhblack,0,ch_peri,4,105
0.185280515847724,nhblack,1,ch_peri,4,105
0.108913648670481,mcaid_unins,0,ch_peri,4,105
0.174770559301515,mcaid_unins,1,ch_peri,4,105
0.133063574513078,hispanic,0,ch_peri,4,105
0.253702572353962,hispanic,1,ch_peri,4,105
,overall,,ch_teach,4,105
-0.0335335961885938,overall,,ch_csection,4,105
-0.0362550455086981,age,"(19.6,28.2]",ch_csection,4,105
-0.024941664492605,age,"(28.2,36.8]",ch_csection,4,105
-0.0331887824442082,age,"(36.8,45.4]",ch_csection,4,105
-0.0355736563789114,age,"(45.4,54]",ch_csection,4,105
-0.0553426691978996,age,"[11,19.6]",ch_csection,4,105
-0.0335335961885938,ci_scorent,100,ch_csection,4,105
-0.0335335961885938,obgyn_10kwra,100,ch_csection,4,105
-0.0219375727805864,nhblack,0,ch_csection,4,105
-0.060764646010738,nhblack,1,ch_csection,4,105
0.0229191956059377,mcaid_unins,0,ch_csection,4,105
-0.0819550991164329,mcaid_unins,1,ch_csection,4,105
-0.039981400922504,hispanic,0,ch_csection,4,105
0.0288542849411558,hispanic,1,ch_csection,4,105
