mean,group_var,bin,outcome,mkt,boot_rep
-0.0289805247077875,overall,,ch_dist,4,83
-0.0282475227734122,age,"(19.6,28.2]",ch_dist,4,83
-0.0290388708838821,age,"(28.2,36.8]",ch_dist,4,83
-0.0343651548526054,age,"(36.8,45.4]",ch_dist,4,83
-0.034043070550997,age,"(45.4,54]",ch_dist,4,83
-0.029508299406293,age,"[11,19.6]",ch_dist,4,83
-0.0289805247077875,ci_scorent,100,ch_dist,4,83
-0.0289805247077875,obgyn_10kwra,100,ch_dist,4,83
-0.0251052414181775,nhblack,0,ch_dist,4,83
-0.0317712355095031,nhblack,1,ch_dist,4,83
-0.0184804592821252,mcaid_unins,0,ch_dist,4,83
-0.0379692682911652,mcaid_unins,1,ch_dist,4,83
-0.028869096101254,hispanic,0,ch_dist,4,83
-0.0300205250354335,hispanic,1,ch_dist,4,83
0.146957813101953,overall,,ch_peri,4,83
0.138865838321475,age,"(19.6,28.2]",ch_peri,4,83
0.147547107311668,age,"(28.2,36.8]",ch_peri,4,83
0.204187029176225,age,"(36.8,45.4]",ch_peri,4,83
0.203881857221377,age,"(45.4,54]",ch_peri,4,83
0.155118147535646,age,"[11,19.6]",ch_peri,4,83
0.146957813101953,ci_scorent,100,ch_peri,4,83
0.146957813101953,obgyn_10kwra,100,ch_peri,4,83
0.0835870427703354,nhblack,0,ch_peri,4,83
0.190834878176729,nhblack,1,ch_peri,4,83
0.114098693428147,mcaid_unins,0,ch_peri,4,83
0.175087371266562,mcaid_unins,1,ch_peri,4,83
0.137950996386761,hispanic,0,ch_peri,4,83
0.231021435777084,hispanic,1,ch_peri,4,83
,overall,,ch_teach,4,83
-0.0358548528660088,overall,,ch_csection,4,83
-0.0396478187960966,age,"(19.6,28.2]",ch_csection,4,83
-0.0253694728496858,age,"(28.2,36.8]",ch_csection,4,83
-0.0375608420257,age,"(36.8,45.4]",ch_csection,4,83
-0.0332432703927703,age,"(45.4,54]",ch_csection,4,83
-0.0583618182232641,age,"[11,19.6]",ch_csection,4,83
-0.0358548528660088,ci_scorent,100,ch_csection,4,83
-0.0358548528660088,obgyn_10kwra,100,ch_csection,4,83
-0.0205591465279406,nhblack,0,ch_csection,4,83
-0.0659227588903161,nhblack,1,ch_csection,4,83
0.022767370448665,mcaid_unins,0,ch_csection,4,83
-0.086039314800432,mcaid_unins,1,ch_csection,4,83
-0.0427808884315855,hispanic,0,ch_csection,4,83
0.0287881457460407,hispanic,1,ch_csection,4,83
