mean,group_var,bin,outcome,mkt,boot_rep
-0.0286617633996457,overall,,ch_dist,4,126
-0.0277417298842525,age,"(19.6,28.2]",ch_dist,4,126
-0.0287914736101626,age,"(28.2,36.8]",ch_dist,4,126
-0.0347166090800597,age,"(36.8,45.4]",ch_dist,4,126
-0.0448650158665378,age,"(45.4,54]",ch_dist,4,126
-0.0297939054703588,age,"[11,19.6]",ch_dist,4,126
-0.0286617633996457,ci_scorent,100,ch_dist,4,126
-0.0286617633996457,obgyn_10kwra,100,ch_dist,4,126
-0.0231341548430173,nhblack,0,ch_dist,4,126
-0.0330407154131356,nhblack,1,ch_dist,4,126
-0.0166617516044285,mcaid_unins,0,ch_dist,4,126
-0.038740504853675,mcaid_unins,1,ch_dist,4,126
-0.028868720881405,hispanic,0,ch_dist,4,126
-0.0267400002934269,hispanic,1,ch_dist,4,126
0.149255256032224,overall,,ch_peri,4,126
0.144514425307696,age,"(19.6,28.2]",ch_peri,4,126
0.145032846685278,age,"(28.2,36.8]",ch_peri,4,126
0.199802423526951,age,"(36.8,45.4]",ch_peri,4,126
0.288039851090772,age,"(45.4,54]",ch_peri,4,126
0.162072242994558,age,"[11,19.6]",ch_peri,4,126
0.149255256032224,ci_scorent,100,ch_peri,4,126
0.149255256032224,obgyn_10kwra,100,ch_peri,4,126
0.0772073122597906,nhblack,0,ch_peri,4,126
0.191970203786601,nhblack,1,ch_peri,4,126
0.119651062341458,mcaid_unins,0,ch_peri,4,126
0.174119649439167,mcaid_unins,1,ch_peri,4,126
0.136281433043407,hispanic,0,ch_peri,4,126
0.269727413668571,hispanic,1,ch_peri,4,126
,overall,,ch_teach,4,126
-0.0362872365492969,overall,,ch_csection,4,126
-0.0395397994327504,age,"(19.6,28.2]",ch_csection,4,126
-0.0263129064674268,age,"(28.2,36.8]",ch_csection,4,126
-0.0374699334117189,age,"(36.8,45.4]",ch_csection,4,126
-0.0781088357783179,age,"(45.4,54]",ch_csection,4,126
-0.0585717889754005,age,"[11,19.6]",ch_csection,4,126
-0.0362872365492969,ci_scorent,100,ch_csection,4,126
-0.0362872365492969,obgyn_10kwra,100,ch_csection,4,126
-0.0235911052097333,nhblack,0,ch_csection,4,126
-0.0662119942901423,nhblack,1,ch_csection,4,126
0.0219878296488124,mcaid_unins,0,ch_csection,4,126
-0.0852321322252559,mcaid_unins,1,ch_csection,4,126
-0.0437698478504061,hispanic,0,ch_csection,4,126
0.0331946986502027,hispanic,1,ch_csection,4,126
