mean,group_var,bin,outcome,mkt,boot_rep
-0.0289874948796267,overall,,ch_dist,4,90
-0.0275660838570762,age,"(19.6,28.2]",ch_dist,4,90
-0.0299799886698625,age,"(28.2,36.8]",ch_dist,4,90
-0.0356185974770686,age,"(36.8,45.4]",ch_dist,4,90
-0.0431531922200026,age,"(45.4,54]",ch_dist,4,90
-0.0289355691593164,age,"[11,19.6]",ch_dist,4,90
-0.0289874948796267,ci_scorent,100,ch_dist,4,90
-0.0289874948796267,obgyn_10kwra,100,ch_dist,4,90
-0.0230964738132647,nhblack,0,ch_dist,4,90
-0.0330434473572652,nhblack,1,ch_dist,4,90
-0.0186870548708353,mcaid_unins,0,ch_dist,4,90
-0.0379329648891118,mcaid_unins,1,ch_dist,4,90
-0.0289273790788199,hispanic,0,ch_dist,4,90
-0.0295722112321377,hispanic,1,ch_dist,4,90
0.146483929908396,overall,,ch_peri,4,90
0.13942623878781,age,"(19.6,28.2]",ch_peri,4,90
0.144384826863918,age,"(28.2,36.8]",ch_peri,4,90
0.199164071849037,age,"(36.8,45.4]",ch_peri,4,90
0.120454104051828,age,"(45.4,54]",ch_peri,4,90
0.164761471788476,age,"[11,19.6]",ch_peri,4,90
0.146483929908396,ci_scorent,100,ch_peri,4,90
0.146483929908396,obgyn_10kwra,100,ch_peri,4,90
0.0690977727930847,nhblack,0,ch_peri,4,90
0.194891328683637,nhblack,1,ch_peri,4,90
0.112392991717278,mcaid_unins,0,ch_peri,4,90
0.176090380207953,mcaid_unins,1,ch_peri,4,90
0.136063772957022,hispanic,0,ch_peri,4,90
0.24783558926283,hispanic,1,ch_peri,4,90
,overall,,ch_teach,4,90
-0.032030225573936,overall,,ch_csection,4,90
-0.0348294771266576,age,"(19.6,28.2]",ch_csection,4,90
-0.023602344948138,age,"(28.2,36.8]",ch_csection,4,90
-0.0313581044109573,age,"(36.8,45.4]",ch_csection,4,90
-0.0219536540641897,age,"(45.4,54]",ch_csection,4,90
-0.0541992346493602,age,"[11,19.6]",ch_csection,4,90
-0.032030225573936,ci_scorent,100,ch_csection,4,90
-0.032030225573936,obgyn_10kwra,100,ch_csection,4,90
-0.0217846028283174,nhblack,0,ch_csection,4,90
-0.0567954797519341,nhblack,1,ch_csection,4,90
0.0228993422431023,mcaid_unins,0,ch_csection,4,90
-0.0797340907604628,mcaid_unins,1,ch_csection,4,90
-0.0387284082922863,hispanic,0,ch_csection,4,90
0.0331196504146924,hispanic,1,ch_csection,4,90
