mean,group_var,bin,outcome,mkt,boot_rep
-0.0293542359882479,overall,,ch_dist,4,44
-0.0278384353379935,age,"(19.6,28.2]",ch_dist,4,44
-0.0305560265175231,age,"(28.2,36.8]",ch_dist,4,44
-0.0365705187150137,age,"(36.8,45.4]",ch_dist,4,44
-0.0415129700284852,age,"(45.4,54]",ch_dist,4,44
-0.028106953319011,age,"[11,19.6]",ch_dist,4,44
-0.0293542359882479,ci_scorent,100,ch_dist,4,44
-0.0293542359882479,obgyn_10kwra,100,ch_dist,4,44
-0.0264249439846532,nhblack,0,ch_dist,4,44
-0.0315564561045842,nhblack,1,ch_dist,4,44
-0.019197483326208,mcaid_unins,0,ch_dist,4,44
-0.037986638195787,mcaid_unins,1,ch_dist,4,44
-0.0296675645315265,hispanic,0,ch_dist,4,44
-0.0261993061495122,hispanic,1,ch_dist,4,44
0.151239974647144,overall,,ch_peri,4,44
0.138968991513533,age,"(19.6,28.2]",ch_peri,4,44
0.15756558093997,age,"(28.2,36.8]",ch_peri,4,44
0.220205982038997,age,"(36.8,45.4]",ch_peri,4,44
0.223517241357744,age,"(45.4,54]",ch_peri,4,44
0.14917512811628,age,"[11,19.6]",ch_peri,4,44
0.151239974647144,ci_scorent,100,ch_peri,4,44
0.151239974647144,obgyn_10kwra,100,ch_peri,4,44
0.0845890782768373,nhblack,0,ch_peri,4,44
0.198354583727659,nhblack,1,ch_peri,4,44
0.130583100701112,mcaid_unins,0,ch_peri,4,44
0.168796614075712,mcaid_unins,1,ch_peri,4,44
0.142412505375958,hispanic,0,ch_peri,4,44
0.240124459644183,hispanic,1,ch_peri,4,44
,overall,,ch_teach,4,44
-0.032871819516886,overall,,ch_csection,4,44
-0.0379203293285404,age,"(19.6,28.2]",ch_csection,4,44
-0.020969748565219,age,"(28.2,36.8]",ch_csection,4,44
-0.0267356983450618,age,"(36.8,45.4]",ch_csection,4,44
-0.0341004518518109,age,"(45.4,54]",ch_csection,4,44
-0.0611453132049407,age,"[11,19.6]",ch_csection,4,44
-0.032871819516886,ci_scorent,100,ch_csection,4,44
-0.032871819516886,obgyn_10kwra,100,ch_csection,4,44
-0.0176456667468925,nhblack,0,ch_csection,4,44
-0.0610373095866854,nhblack,1,ch_csection,4,44
0.0257211090950189,mcaid_unins,0,ch_csection,4,44
-0.0826709770946787,mcaid_unins,1,ch_csection,4,44
-0.0389334069911645,hispanic,0,ch_csection,4,44
0.0281627833080038,hispanic,1,ch_csection,4,44
