mean,group_var,bin,outcome,mkt,boot_rep
-0.028893355134647,overall,,ch_dist,4,58
-0.0275822032515922,age,"(19.6,28.2]",ch_dist,4,58
-0.0296570887912887,age,"(28.2,36.8]",ch_dist,4,58
-0.0358793306036216,age,"(36.8,45.4]",ch_dist,4,58
-0.0435976667003594,age,"(45.4,54]",ch_dist,4,58
-0.0283628202977314,age,"[11,19.6]",ch_dist,4,58
-0.028893355134647,ci_scorent,100,ch_dist,4,58
-0.028893355134647,obgyn_10kwra,100,ch_dist,4,58
-0.0237082608707849,nhblack,0,ch_dist,4,58
-0.0324073937981296,nhblack,1,ch_dist,4,58
-0.0191337000789367,mcaid_unins,0,ch_dist,4,58
-0.0374127980183581,mcaid_unins,1,ch_dist,4,58
-0.0291510510698442,hispanic,0,ch_dist,4,58
-0.0264210425055728,hispanic,1,ch_dist,4,58
0.141824243820722,overall,,ch_peri,4,58
0.13508195572677,age,"(19.6,28.2]",ch_peri,4,58
0.140290151621176,age,"(28.2,36.8]",ch_peri,4,58
0.186074429949131,age,"(36.8,45.4]",ch_peri,4,58
0.203183860832125,age,"(45.4,54]",ch_peri,4,58
0.158658907307825,age,"[11,19.6]",ch_peri,4,58
0.141824243820722,ci_scorent,100,ch_peri,4,58
0.141824243820722,obgyn_10kwra,100,ch_peri,4,58
0.0682082111711966,nhblack,0,ch_peri,4,58
0.193196283878435,nhblack,1,ch_peri,4,58
0.11130298740278,mcaid_unins,0,ch_peri,4,58
0.168466999052078,mcaid_unins,1,ch_peri,4,58
0.131998264667333,hispanic,0,ch_peri,4,58
0.236093842351086,hispanic,1,ch_peri,4,58
,overall,,ch_teach,4,58
-0.0324996620825819,overall,,ch_csection,4,58
-0.0368978511712628,age,"(19.6,28.2]",ch_csection,4,58
-0.0208469721719224,age,"(28.2,36.8]",ch_csection,4,58
-0.0310622252378402,age,"(36.8,45.4]",ch_csection,4,58
-0.0378787297118858,age,"(45.4,54]",ch_csection,4,58
-0.0587209232863363,age,"[11,19.6]",ch_csection,4,58
-0.0324996620825819,ci_scorent,100,ch_csection,4,58
-0.0324996620825819,obgyn_10kwra,100,ch_csection,4,58
-0.0205181184917845,nhblack,0,ch_csection,4,58
-0.0599899698611266,nhblack,1,ch_csection,4,58
0.025899171408247,mcaid_unins,0,ch_csection,4,58
-0.0834774398380955,mcaid_unins,1,ch_csection,4,58
-0.0393432206343714,hispanic,0,ch_csection,4,58
0.033156849815646,hispanic,1,ch_csection,4,58
