mean,group_var,bin,outcome,mkt,boot_rep
-0.0294117525745118,overall,,ch_dist,4,140
-0.0285452244170772,age,"(19.6,28.2]",ch_dist,4,140
-0.0296093697563698,age,"(28.2,36.8]",ch_dist,4,140
-0.0338270030087504,age,"(36.8,45.4]",ch_dist,4,140
-0.0466467636498958,age,"(45.4,54]",ch_dist,4,140
-0.0310231461213046,age,"[11,19.6]",ch_dist,4,140
-0.0294117525745118,ci_scorent,100,ch_dist,4,140
-0.0294117525745118,obgyn_10kwra,100,ch_dist,4,140
-0.0253632396856778,nhblack,0,ch_dist,4,140
-0.0341670561693221,nhblack,1,ch_dist,4,140
-0.0181577122748873,mcaid_unins,0,ch_dist,4,140
-0.0388711354543857,mcaid_unins,1,ch_dist,4,140
-0.0300586958192383,hispanic,0,ch_dist,4,140
-0.0229763328615226,hispanic,1,ch_dist,4,140
0.151886647508166,overall,,ch_peri,4,140
0.143168536899446,age,"(19.6,28.2]",ch_peri,4,140
0.152984264435593,age,"(28.2,36.8]",ch_peri,4,140
0.207102857848281,age,"(36.8,45.4]",ch_peri,4,140
0.153267585990281,age,"(45.4,54]",ch_peri,4,140
0.164701402346605,age,"[11,19.6]",ch_peri,4,140
0.151886647508166,ci_scorent,100,ch_peri,4,140
0.151886647508166,obgyn_10kwra,100,ch_peri,4,140
0.0839123911923922,nhblack,0,ch_peri,4,140
0.19853534959323,nhblack,1,ch_peri,4,140
0.124456645015956,mcaid_unins,0,ch_peri,4,140
0.174942446942114,mcaid_unins,1,ch_peri,4,140
0.142274699597213,hispanic,0,ch_peri,4,140
0.247500783014795,hispanic,1,ch_peri,4,140
,overall,,ch_teach,4,140
-0.0348280057782552,overall,,ch_csection,4,140
-0.0381204611007056,age,"(19.6,28.2]",ch_csection,4,140
-0.0245932461097513,age,"(28.2,36.8]",ch_csection,4,140
-0.0305481790397505,age,"(36.8,45.4]",ch_csection,4,140
-0.0490670408755863,age,"(45.4,54]",ch_csection,4,140
-0.0628172095396565,age,"[11,19.6]",ch_csection,4,140
-0.0348280057782552,ci_scorent,100,ch_csection,4,140
-0.0348280057782552,obgyn_10kwra,100,ch_csection,4,140
-0.0202758481319569,nhblack,0,ch_csection,4,140
-0.0617253983161598,nhblack,1,ch_csection,4,140
0.0248368987283598,mcaid_unins,0,ch_csection,4,140
-0.0849782772534708,mcaid_unins,1,ch_csection,4,140
-0.0407044554693042,hispanic,0,ch_csection,4,140
0.0236275395766627,hispanic,1,ch_csection,4,140
