mean,group_var,bin,outcome,mkt,boot_rep
-0.0310335421567661,overall,,ch_dist,4,17
-0.0302172264026761,age,"(19.6,28.2]",ch_dist,4,17
-0.03098653539516,age,"(28.2,36.8]",ch_dist,4,17
-0.0354830195298227,age,"(36.8,45.4]",ch_dist,4,17
-0.0473032929431184,age,"(45.4,54]",ch_dist,4,17
-0.0335357112608558,age,"[11,19.6]",ch_dist,4,17
-0.0310335421567661,ci_scorent,100,ch_dist,4,17
-0.0310335421567661,obgyn_10kwra,100,ch_dist,4,17
-0.0251909034044719,nhblack,0,ch_dist,4,17
-0.0356315955141086,nhblack,1,ch_dist,4,17
-0.0198691652281777,mcaid_unins,0,ch_dist,4,17
-0.0407100233800841,mcaid_unins,1,ch_dist,4,17
-0.0311457259203973,hispanic,0,ch_dist,4,17
-0.0299807451194596,hispanic,1,ch_dist,4,17
0.145851971258752,overall,,ch_peri,4,17
0.135702537615734,age,"(19.6,28.2]",ch_peri,4,17
0.148064582705349,age,"(28.2,36.8]",ch_peri,4,17
0.209635559581425,age,"(36.8,45.4]",ch_peri,4,17
0.249858013188816,age,"(45.4,54]",ch_peri,4,17
0.154413181522062,age,"[11,19.6]",ch_peri,4,17
0.145851971258752,ci_scorent,100,ch_peri,4,17
0.145851971258752,obgyn_10kwra,100,ch_peri,4,17
0.0814441978213235,nhblack,0,ch_peri,4,17
0.185490384792359,nhblack,1,ch_peri,4,17
0.12034015148003,mcaid_unins,0,ch_peri,4,17
0.167963786959755,mcaid_unins,1,ch_peri,4,17
0.134913479449948,hispanic,0,ch_peri,4,17
0.2485050771642,hispanic,1,ch_peri,4,17
,overall,,ch_teach,4,17
-0.0319280020563827,overall,,ch_csection,4,17
-0.0351994027317064,age,"(19.6,28.2]",ch_csection,4,17
-0.0225010676729418,age,"(28.2,36.8]",ch_csection,4,17
-0.0311620108690644,age,"(36.8,45.4]",ch_csection,4,17
-0.0572798494900005,age,"(45.4,54]",ch_csection,4,17
-0.0551798534639621,age,"[11,19.6]",ch_csection,4,17
-0.0319280020563827,ci_scorent,100,ch_csection,4,17
-0.0319280020563827,obgyn_10kwra,100,ch_csection,4,17
-0.0196114355466493,nhblack,0,ch_csection,4,17
-0.0610365969987576,nhblack,1,ch_csection,4,17
0.0267838507540189,mcaid_unins,0,ch_csection,4,17
-0.0828152253147882,mcaid_unins,1,ch_csection,4,17
-0.0387613508930226,hispanic,0,ch_csection,4,17
0.0322000783113231,hispanic,1,ch_csection,4,17
