mean,group_var,bin,outcome,mkt,boot_rep
-0.0292969008928442,overall,,ch_dist,4,133
-0.0276905384869377,age,"(19.6,28.2]",ch_dist,4,133
-0.0304630557575429,age,"(28.2,36.8]",ch_dist,4,133
-0.0372147238095662,age,"(36.8,45.4]",ch_dist,4,133
-0.0427818265224879,age,"(45.4,54]",ch_dist,4,133
-0.0286299012353556,age,"[11,19.6]",ch_dist,4,133
-0.0292969008928442,ci_scorent,100,ch_dist,4,133
-0.0292969008928442,obgyn_10kwra,100,ch_dist,4,133
-0.0239772825743582,nhblack,0,ch_dist,4,133
-0.0332512042916578,nhblack,1,ch_dist,4,133
-0.0192283332686738,mcaid_unins,0,ch_dist,4,133
-0.0380424211160579,mcaid_unins,1,ch_dist,4,133
-0.0292924253169983,hispanic,0,ch_dist,4,133
-0.0293403521644377,hispanic,1,ch_dist,4,133
0.14236331432506,overall,,ch_peri,4,133
0.131997547628776,age,"(19.6,28.2]",ch_peri,4,133
0.145044478228411,age,"(28.2,36.8]",ch_peri,4,133
0.208030593476496,age,"(36.8,45.4]",ch_peri,4,133
0.194259938813053,age,"(45.4,54]",ch_peri,4,133
0.149932561558787,age,"[11,19.6]",ch_peri,4,133
0.14236331432506,ci_scorent,100,ch_peri,4,133
0.14236331432506,obgyn_10kwra,100,ch_peri,4,133
0.0651803785057286,nhblack,0,ch_peri,4,133
0.194759502398168,nhblack,1,ch_peri,4,133
0.110900334759956,mcaid_unins,0,ch_peri,4,133
0.16969194083283,mcaid_unins,1,ch_peri,4,133
0.131964897553265,hispanic,0,ch_peri,4,133
0.243316676942593,hispanic,1,ch_peri,4,133
,overall,,ch_teach,4,133
-0.0327826136192926,overall,,ch_csection,4,133
-0.0355974454910867,age,"(19.6,28.2]",ch_csection,4,133
-0.0238860785608417,age,"(28.2,36.8]",ch_csection,4,133
-0.0350486925626812,age,"(36.8,45.4]",ch_csection,4,133
-0.038197711077239,age,"(45.4,54]",ch_csection,4,133
-0.0541662612021133,age,"[11,19.6]",ch_csection,4,133
-0.0327826136192926,ci_scorent,100,ch_csection,4,133
-0.0327826136192926,obgyn_10kwra,100,ch_csection,4,133
-0.0217652732276813,nhblack,0,ch_csection,4,133
-0.059797336083474,nhblack,1,ch_csection,4,133
0.0242120969067223,mcaid_unins,0,ch_csection,4,133
-0.0822880062557693,mcaid_unins,1,ch_csection,4,133
-0.0391948526919778,hispanic,0,ch_csection,4,133
0.029470815003703,hispanic,1,ch_csection,4,133
