mean,group_var,bin,outcome,mkt,boot_rep
-0.0303321555621332,overall,,ch_dist,4,102
-0.0295606529844761,age,"(19.6,28.2]",ch_dist,4,102
-0.0302178965162935,age,"(28.2,36.8]",ch_dist,4,102
-0.0358873738026673,age,"(36.8,45.4]",ch_dist,4,102
-0.0458368399602595,age,"(45.4,54]",ch_dist,4,102
-0.0315964626154972,age,"[11,19.6]",ch_dist,4,102
-0.0303321555621332,ci_scorent,100,ch_dist,4,102
-0.0303321555621332,obgyn_10kwra,100,ch_dist,4,102
-0.0239460484000558,nhblack,0,ch_dist,4,102
-0.0361075426203752,nhblack,1,ch_dist,4,102
-0.0185616421618336,mcaid_unins,0,ch_dist,4,102
-0.0406204237756936,mcaid_unins,1,ch_dist,4,102
-0.0309665924945286,hispanic,0,ch_dist,4,102
-0.0243329462273054,hispanic,1,ch_dist,4,102
0.148482450373734,overall,,ch_peri,4,102
0.140975671303046,age,"(19.6,28.2]",ch_peri,4,102
0.14737071119375,age,"(28.2,36.8]",ch_peri,4,102
0.203739620981525,age,"(36.8,45.4]",ch_peri,4,102
0.205332265057963,age,"(45.4,54]",ch_peri,4,102
0.160446587271994,age,"[11,19.6]",ch_peri,4,102
0.148482450373734,ci_scorent,100,ch_peri,4,102
0.148482450373734,obgyn_10kwra,100,ch_peri,4,102
0.0783906721527957,nhblack,0,ch_peri,4,102
0.196794376431806,nhblack,1,ch_peri,4,102
0.117791725203797,mcaid_unins,0,ch_peri,4,102
0.175308333109567,mcaid_unins,1,ch_peri,4,102
0.137439760923673,hispanic,0,ch_peri,4,102
0.25290166408546,hispanic,1,ch_peri,4,102
,overall,,ch_teach,4,102
-0.0325661621123806,overall,,ch_csection,4,102
-0.0359853605839361,age,"(19.6,28.2]",ch_csection,4,102
-0.0228367461536294,age,"(28.2,36.8]",ch_csection,4,102
-0.0348553470045236,age,"(36.8,45.4]",ch_csection,4,102
-0.0704195184197356,age,"(45.4,54]",ch_csection,4,102
-0.0535298218994573,age,"[11,19.6]",ch_csection,4,102
-0.0325661621123806,ci_scorent,100,ch_csection,4,102
-0.0325661621123806,obgyn_10kwra,100,ch_csection,4,102
-0.0206050248185544,nhblack,0,ch_csection,4,102
-0.0603145998483509,nhblack,1,ch_csection,4,102
0.0243948763630857,mcaid_unins,0,ch_csection,4,102
-0.0823541723400077,mcaid_unins,1,ch_csection,4,102
-0.0393166051089406,hispanic,0,ch_csection,4,102
0.0312657470519821,hispanic,1,ch_csection,4,102
