mean,group_var,bin,outcome,mkt,boot_rep
-0.030403372543016,overall,,ch_dist,4,95
-0.0300080351540864,age,"(19.6,28.2]",ch_dist,4,95
-0.0298459330548713,age,"(28.2,36.8]",ch_dist,4,95
-0.0338260367153293,age,"(36.8,45.4]",ch_dist,4,95
-0.0387814472389745,age,"(45.4,54]",ch_dist,4,95
-0.0333029448547675,age,"[11,19.6]",ch_dist,4,95
-0.030403372543016,ci_scorent,100,ch_dist,4,95
-0.030403372543016,obgyn_10kwra,100,ch_dist,4,95
-0.0259608746495047,nhblack,0,ch_dist,4,95
-0.0335786929897531,nhblack,1,ch_dist,4,95
-0.0192447411554662,mcaid_unins,0,ch_dist,4,95
-0.0402386447209187,mcaid_unins,1,ch_dist,4,95
-0.0309864856231105,hispanic,0,ch_dist,4,95
-0.0250058006802413,hispanic,1,ch_dist,4,95
0.144798367386907,overall,,ch_peri,4,95
0.137976926328806,age,"(19.6,28.2]",ch_peri,4,95
0.143836386829974,age,"(28.2,36.8]",ch_peri,4,95
0.196259125428601,age,"(36.8,45.4]",ch_peri,4,95
0.160631218131681,age,"(45.4,54]",ch_peri,4,95
0.158345811441361,age,"[11,19.6]",ch_peri,4,95
0.144798367386907,ci_scorent,100,ch_peri,4,95
0.144798367386907,obgyn_10kwra,100,ch_peri,4,95
0.0749540553213744,nhblack,0,ch_peri,4,95
0.189015314465599,nhblack,1,ch_peri,4,95
0.115259219468618,mcaid_unins,0,ch_peri,4,95
0.170834316562884,mcaid_unins,1,ch_peri,4,95
0.132871983992634,hispanic,0,ch_peri,4,95
0.255194641507795,hispanic,1,ch_peri,4,95
,overall,,ch_teach,4,95
-0.0329681932730373,overall,,ch_csection,4,95
-0.0362651956432472,age,"(19.6,28.2]",ch_csection,4,95
-0.0226715009305258,age,"(28.2,36.8]",ch_csection,4,95
-0.0369479147123011,age,"(36.8,45.4]",ch_csection,4,95
-0.0385831676886354,age,"(45.4,54]",ch_csection,4,95
-0.055564759814652,age,"[11,19.6]",ch_csection,4,95
-0.0329681932730373,ci_scorent,100,ch_csection,4,95
-0.0329681932730373,obgyn_10kwra,100,ch_csection,4,95
-0.0197000080989879,nhblack,0,ch_csection,4,95
-0.0617788601587064,nhblack,1,ch_csection,4,95
0.0237322068487585,mcaid_unins,0,ch_csection,4,95
-0.082944202733845,mcaid_unins,1,ch_csection,4,95
-0.0397175880423455,hispanic,0,ch_csection,4,95
0.029507413159371,hispanic,1,ch_csection,4,95
