mean,group_var,bin,outcome,mkt,boot_rep
-0.0294954303975439,overall,,ch_dist,4,33
-0.0288545253906796,age,"(19.6,28.2]",ch_dist,4,33
-0.0292078991024004,age,"(28.2,36.8]",ch_dist,4,33
-0.0330882505834575,age,"(36.8,45.4]",ch_dist,4,33
-0.0233164718752618,age,"(45.4,54]",ch_dist,4,33
-0.0326861098658903,age,"[11,19.6]",ch_dist,4,33
-0.0294954303975439,ci_scorent,100,ch_dist,4,33
-0.0294954303975439,obgyn_10kwra,100,ch_dist,4,33
-0.0238418069239268,nhblack,0,ch_dist,4,33
-0.0339139811517693,nhblack,1,ch_dist,4,33
-0.0182183711408343,mcaid_unins,0,ch_dist,4,33
-0.0390273286559345,mcaid_unins,1,ch_dist,4,33
-0.0297172329959113,hispanic,0,ch_dist,4,33
-0.0273164131282212,hispanic,1,ch_dist,4,33
0.149152037528732,overall,,ch_peri,4,33
0.136666738468661,age,"(19.6,28.2]",ch_peri,4,33
0.157207273903638,age,"(28.2,36.8]",ch_peri,4,33
0.217349279923278,age,"(36.8,45.4]",ch_peri,4,33
0.268177567882022,age,"(45.4,54]",ch_peri,4,33
0.141366116352806,age,"[11,19.6]",ch_peri,4,33
0.149152037528732,ci_scorent,100,ch_peri,4,33
0.149152037528732,obgyn_10kwra,100,ch_peri,4,33
0.078086975427559,nhblack,0,ch_peri,4,33
0.19510274355559,nhblack,1,ch_peri,4,33
0.129961467275891,mcaid_unins,0,ch_peri,4,33
0.165372805639155,mcaid_unins,1,ch_peri,4,33
0.138399642906665,hispanic,0,ch_peri,4,33
0.254784945982092,hispanic,1,ch_peri,4,33
,overall,,ch_teach,4,33
-0.0365134450456695,overall,,ch_csection,4,33
-0.0404242110141386,age,"(19.6,28.2]",ch_csection,4,33
-0.0256444150636661,age,"(28.2,36.8]",ch_csection,4,33
-0.0342395171575461,age,"(36.8,45.4]",ch_csection,4,33
-0.0194348470753011,age,"(45.4,54]",ch_csection,4,33
-0.0644527523934959,age,"[11,19.6]",ch_csection,4,33
-0.0365134450456695,ci_scorent,100,ch_csection,4,33
-0.0365134450456695,obgyn_10kwra,100,ch_csection,4,33
-0.0242292758687877,nhblack,0,ch_csection,4,33
-0.0644430376509875,nhblack,1,ch_csection,4,33
0.0247240819756419,mcaid_unins,0,ch_csection,4,33
-0.0882742688451272,mcaid_unins,1,ch_csection,4,33
-0.0428596112821545,hispanic,0,ch_csection,4,33
0.0258321087263834,hispanic,1,ch_csection,4,33
