mean,group_var,bin,outcome,mkt,boot_rep
-0.0289414770828232,overall,,ch_dist,4,27
-0.0278878773261134,age,"(19.6,28.2]",ch_dist,4,27
-0.0296522728318999,age,"(28.2,36.8]",ch_dist,4,27
-0.0342677753841129,age,"(36.8,45.4]",ch_dist,4,27
-0.044423236298077,age,"(45.4,54]",ch_dist,4,27
-0.0284806977421733,age,"[11,19.6]",ch_dist,4,27
-0.0289414770828232,ci_scorent,100,ch_dist,4,27
-0.0289414770828232,obgyn_10kwra,100,ch_dist,4,27
-0.0258016419744552,nhblack,0,ch_dist,4,27
-0.0316151490796524,nhblack,1,ch_dist,4,27
-0.0192762263579805,mcaid_unins,0,ch_dist,4,27
-0.0372881713584028,mcaid_unins,1,ch_dist,4,27
-0.0294960284140009,hispanic,0,ch_dist,4,27
-0.0235751445554727,hispanic,1,ch_dist,4,27
0.150961480373073,overall,,ch_peri,4,27
0.143439457741668,age,"(19.6,28.2]",ch_peri,4,27
0.150258423008414,age,"(28.2,36.8]",ch_peri,4,27
0.202609810096893,age,"(36.8,45.4]",ch_peri,4,27
0.171062249231555,age,"(45.4,54]",ch_peri,4,27
0.164274106491565,age,"[11,19.6]",ch_peri,4,27
0.150961480373073,ci_scorent,100,ch_peri,4,27
0.150961480373073,obgyn_10kwra,100,ch_peri,4,27
0.0828288021465201,nhblack,0,ch_peri,4,27
0.194912408590285,nhblack,1,ch_peri,4,27
0.121483707373055,mcaid_unins,0,ch_peri,4,27
0.176417825599968,mcaid_unins,1,ch_peri,4,27
0.140939334832468,hispanic,0,ch_peri,4,27
0.247944685686419,hispanic,1,ch_peri,4,27
,overall,,ch_teach,4,27
-0.0338763877791287,overall,,ch_csection,4,27
-0.0378726749676439,age,"(19.6,28.2]",ch_csection,4,27
-0.0233567431817466,age,"(28.2,36.8]",ch_csection,4,27
-0.030346648595845,age,"(36.8,45.4]",ch_csection,4,27
-0.0584950372431143,age,"(45.4,54]",ch_csection,4,27
-0.058396821979822,age,"[11,19.6]",ch_csection,4,27
-0.0338763877791287,ci_scorent,100,ch_csection,4,27
-0.0338763877791287,obgyn_10kwra,100,ch_csection,4,27
-0.021943035719908,nhblack,0,ch_csection,4,27
-0.0615163573398883,nhblack,1,ch_csection,4,27
0.0240395146539369,mcaid_unins,0,ch_csection,4,27
-0.0838912653094741,mcaid_unins,1,ch_csection,4,27
-0.0404815721727665,hispanic,0,ch_csection,4,27
0.0300412585557084,hispanic,1,ch_csection,4,27
