mean,group_var,bin,outcome,mkt,boot_rep
-0.0295012690787379,overall,,ch_dist,4,21
-0.0276536337932928,age,"(19.6,28.2]",ch_dist,4,21
-0.0310233357985964,age,"(28.2,36.8]",ch_dist,4,21
-0.0391272427252508,age,"(36.8,45.4]",ch_dist,4,21
-0.0541210973572196,age,"(45.4,54]",ch_dist,4,21
-0.027076996040072,age,"[11,19.6]",ch_dist,4,21
-0.0295012690787379,ci_scorent,100,ch_dist,4,21
-0.0295012690787379,obgyn_10kwra,100,ch_dist,4,21
-0.0232406022078449,nhblack,0,ch_dist,4,21
-0.0342138550721398,nhblack,1,ch_dist,4,21
-0.0187744772330151,mcaid_unins,0,ch_dist,4,21
-0.0384389630112389,mcaid_unins,1,ch_dist,4,21
-0.0295141671591616,hispanic,0,ch_dist,4,21
-0.029373321237652,hispanic,1,ch_dist,4,21
0.147855273789131,overall,,ch_peri,4,21
0.140710900101354,age,"(19.6,28.2]",ch_peri,4,21
0.148677188151617,age,"(28.2,36.8]",ch_peri,4,21
0.197590334488946,age,"(36.8,45.4]",ch_peri,4,21
0.158746000079664,age,"(45.4,54]",ch_peri,4,21
0.152685930085461,age,"[11,19.6]",ch_peri,4,21
0.147855273789131,ci_scorent,100,ch_peri,4,21
0.147855273789131,obgyn_10kwra,100,ch_peri,4,21
0.083458841934261,nhblack,0,ch_peri,4,21
0.194261114430233,nhblack,1,ch_peri,4,21
0.123328427700252,mcaid_unins,0,ch_peri,4,21
0.168291341406064,mcaid_unins,1,ch_peri,4,21
0.139839790274997,hispanic,0,ch_peri,4,21
0.227368176268083,hispanic,1,ch_peri,4,21
,overall,,ch_teach,4,21
-0.0358830573667095,overall,,ch_csection,4,21
-0.0406066630272963,age,"(19.6,28.2]",ch_csection,4,21
-0.0238709199095962,age,"(28.2,36.8]",ch_csection,4,21
-0.0335603741052822,age,"(36.8,45.4]",ch_csection,4,21
-0.0380202755710916,age,"(45.4,54]",ch_csection,4,21
-0.0614350402828536,age,"[11,19.6]",ch_csection,4,21
-0.0358830573667095,ci_scorent,100,ch_csection,4,21
-0.0358830573667095,obgyn_10kwra,100,ch_csection,4,21
-0.0248048417683946,nhblack,0,ch_csection,4,21
-0.0622174122880478,nhblack,1,ch_csection,4,21
0.024232001316028,mcaid_unins,0,ch_csection,4,21
-0.0859716582240923,mcaid_unins,1,ch_csection,4,21
-0.042803677453152,hispanic,0,ch_csection,4,21
0.0327688947029138,hispanic,1,ch_csection,4,21
