mean,group_var,bin,outcome,mkt,boot_rep
-0.0291760348834641,overall,,ch_dist,4,56
-0.0278871795923901,age,"(19.6,28.2]",ch_dist,4,56
-0.0298317793661088,age,"(28.2,36.8]",ch_dist,4,56
-0.0359382155389853,age,"(36.8,45.4]",ch_dist,4,56
-0.0433701760762609,age,"(45.4,54]",ch_dist,4,56
-0.0295645222168504,age,"[11,19.6]",ch_dist,4,56
-0.0291760348834641,ci_scorent,100,ch_dist,4,56
-0.0291760348834641,obgyn_10kwra,100,ch_dist,4,56
-0.0239326427638732,nhblack,0,ch_dist,4,56
-0.0348691927207212,nhblack,1,ch_dist,4,56
-0.0173476874581621,mcaid_unins,0,ch_dist,4,56
-0.0391916336508923,mcaid_unins,1,ch_dist,4,56
-0.0301102371725429,hispanic,0,ch_dist,4,56
-0.0200058250678259,hispanic,1,ch_dist,4,56
0.146351662809944,overall,,ch_peri,4,56
0.137831727626332,age,"(19.6,28.2]",ch_peri,4,56
0.145747888892563,age,"(28.2,36.8]",ch_peri,4,56
0.210093386960813,age,"(36.8,45.4]",ch_peri,4,56
0.229317017660979,age,"(45.4,54]",ch_peri,4,56
0.157059920639471,age,"[11,19.6]",ch_peri,4,56
0.146351662809944,ci_scorent,100,ch_peri,4,56
0.146351662809944,obgyn_10kwra,100,ch_peri,4,56
0.0742230310927611,nhblack,0,ch_peri,4,56
0.189395953156737,nhblack,1,ch_peri,4,56
0.11731629674083,mcaid_unins,0,ch_peri,4,56
0.170937225455117,mcaid_unins,1,ch_peri,4,56
0.134089299053147,hispanic,0,ch_peri,4,56
0.266720077445696,hispanic,1,ch_peri,4,56
,overall,,ch_teach,4,56
-0.0355536691585472,overall,,ch_csection,4,56
-0.0402479674161636,age,"(19.6,28.2]",ch_csection,4,56
-0.0236649832317556,age,"(28.2,36.8]",ch_csection,4,56
-0.0299157795947611,age,"(36.8,45.4]",ch_csection,4,56
-0.0536184727079783,age,"(45.4,54]",ch_csection,4,56
-0.0649868712609186,age,"[11,19.6]",ch_csection,4,56
-0.0355536691585472,ci_scorent,100,ch_csection,4,56
-0.0355536691585472,obgyn_10kwra,100,ch_csection,4,56
-0.0216841199546377,nhblack,0,ch_csection,4,56
-0.0635583601464374,nhblack,1,ch_csection,4,56
0.023268781706067,mcaid_unins,0,ch_csection,4,56
-0.0853613088222675,mcaid_unins,1,ch_csection,4,56
-0.041823692563544,hispanic,0,ch_csection,4,56
0.0259934184957563,hispanic,1,ch_csection,4,56
