mean,group_var,bin,outcome,mkt,boot_rep
-0.0295290867090849,overall,,ch_dist,4,2
-0.0279147036501236,age,"(19.6,28.2]",ch_dist,4,2
-0.0307910959329351,age,"(28.2,36.8]",ch_dist,4,2
-0.0377070228768748,age,"(36.8,45.4]",ch_dist,4,2
-0.0638236469449121,age,"(45.4,54]",ch_dist,4,2
-0.0281326447427705,age,"[11,19.6]",ch_dist,4,2
-0.0295290867090849,ci_scorent,100,ch_dist,4,2
-0.0295290867090849,obgyn_10kwra,100,ch_dist,4,2
-0.0249509288713311,nhblack,0,ch_dist,4,2
-0.0340618588080424,nhblack,1,ch_dist,4,2
-0.0195807337395931,mcaid_unins,0,ch_dist,4,2
-0.0381723908791214,mcaid_unins,1,ch_dist,4,2
-0.0297315805494727,hispanic,0,ch_dist,4,2
-0.0275623102879786,hispanic,1,ch_dist,4,2
0.14417012916065,overall,,ch_peri,4,2
0.140102288621872,age,"(19.6,28.2]",ch_peri,4,2
0.138257973841597,age,"(28.2,36.8]",ch_peri,4,2
0.191575231983687,age,"(36.8,45.4]",ch_peri,4,2
0.180072044355877,age,"(45.4,54]",ch_peri,4,2
0.163778503634891,age,"[11,19.6]",ch_peri,4,2
0.14417012916065,ci_scorent,100,ch_peri,4,2
0.14417012916065,obgyn_10kwra,100,ch_peri,4,2
0.0757594542353628,nhblack,0,ch_peri,4,2
0.185754672392123,nhblack,1,ch_peri,4,2
0.117259073958497,mcaid_unins,0,ch_peri,4,2
0.1675509276066,mcaid_unins,1,ch_peri,4,2
0.133484464185607,hispanic,0,ch_peri,4,2
0.247957552405265,hispanic,1,ch_peri,4,2
,overall,,ch_teach,4,2
-0.0317725129259702,overall,,ch_csection,4,2
-0.0357151654362306,age,"(19.6,28.2]",ch_csection,4,2
-0.0213916736865154,age,"(28.2,36.8]",ch_csection,4,2
-0.0294883930704986,age,"(36.8,45.4]",ch_csection,4,2
-0.110647562563198,age,"(45.4,54]",ch_csection,4,2
-0.0565846705289753,age,"[11,19.6]",ch_csection,4,2
-0.0317725129259702,ci_scorent,100,ch_csection,4,2
-0.0317725129259702,obgyn_10kwra,100,ch_csection,4,2
-0.0193688524212982,nhblack,0,ch_csection,4,2
-0.0584553080710582,nhblack,1,ch_csection,4,2
0.0254830624998701,mcaid_unins,0,ch_csection,4,2
-0.0815171646641644,mcaid_unins,1,ch_csection,4,2
-0.0383243065988838,hispanic,0,ch_csection,4,2
0.0318635625574221,hispanic,1,ch_csection,4,2
