mean,group_var,bin,outcome,mkt,boot_rep
-0.0291265194872754,overall,,ch_dist,4,55
-0.0288825217441447,age,"(19.6,28.2]",ch_dist,4,55
-0.0285399624588977,age,"(28.2,36.8]",ch_dist,4,55
-0.0312762037923423,age,"(36.8,45.4]",ch_dist,4,55
-0.0437109347273665,age,"(45.4,54]",ch_dist,4,55
-0.0318295014024569,age,"[11,19.6]",ch_dist,4,55
-0.0291265194872754,ci_scorent,100,ch_dist,4,55
-0.0291265194872754,obgyn_10kwra,100,ch_dist,4,55
-0.0242356435175353,nhblack,0,ch_dist,4,55
-0.0329478932410991,nhblack,1,ch_dist,4,55
-0.0190867265299979,mcaid_unins,0,ch_dist,4,55
-0.0377734125648975,mcaid_unins,1,ch_dist,4,55
-0.0292817600938494,hispanic,0,ch_dist,4,55
-0.0277072213311883,hispanic,1,ch_dist,4,55
0.139856873638127,overall,,ch_peri,4,55
0.132773377038686,age,"(19.6,28.2]",ch_peri,4,55
0.14078961393993,age,"(28.2,36.8]",ch_peri,4,55
0.196348058315255,age,"(36.8,45.4]",ch_peri,4,55
0.203164303541758,age,"(45.4,54]",ch_peri,4,55
0.138206067815471,age,"[11,19.6]",ch_peri,4,55
0.139856873638127,ci_scorent,100,ch_peri,4,55
0.139856873638127,obgyn_10kwra,100,ch_peri,4,55
0.0663064464098581,nhblack,0,ch_peri,4,55
0.187226324771473,nhblack,1,ch_peri,4,55
0.112464043464871,mcaid_unins,0,ch_peri,4,55
0.163449279837093,mcaid_unins,1,ch_peri,4,55
0.127913723697008,hispanic,0,ch_peri,4,55
0.249047961352817,hispanic,1,ch_peri,4,55
,overall,,ch_teach,4,55
-0.0347360993537317,overall,,ch_csection,4,55
-0.038132704307805,age,"(19.6,28.2]",ch_csection,4,55
-0.0249000835414499,age,"(28.2,36.8]",ch_csection,4,55
-0.0311886132115581,age,"(36.8,45.4]",ch_csection,4,55
-0.0654159055971764,age,"(45.4,54]",ch_csection,4,55
-0.0597746614436879,age,"[11,19.6]",ch_csection,4,55
-0.0347360993537317,ci_scorent,100,ch_csection,4,55
-0.0347360993537317,obgyn_10kwra,100,ch_csection,4,55
-0.02138787461757,nhblack,0,ch_csection,4,55
-0.0652846794339142,nhblack,1,ch_csection,4,55
0.0251539426971552,mcaid_unins,0,ch_csection,4,55
-0.0863171222126669,mcaid_unins,1,ch_csection,4,55
-0.0422766193650487,hispanic,0,ch_csection,4,55
0.0342036348059595,hispanic,1,ch_csection,4,55
