mean,group_var,bin,outcome,mkt,boot_rep
-0.0294921054402348,overall,,ch_dist,4,109
-0.0285401758415252,age,"(19.6,28.2]",ch_dist,4,109
-0.0298006850338423,age,"(28.2,36.8]",ch_dist,4,109
-0.0346961997338957,age,"(36.8,45.4]",ch_dist,4,109
-0.0406951671952261,age,"(45.4,54]",ch_dist,4,109
-0.0305852761655111,age,"[11,19.6]",ch_dist,4,109
-0.0294921054402348,ci_scorent,100,ch_dist,4,109
-0.0294921054402348,obgyn_10kwra,100,ch_dist,4,109
-0.0246180835334666,nhblack,0,ch_dist,4,109
-0.0334259026050501,nhblack,1,ch_dist,4,109
-0.0193950414578321,mcaid_unins,0,ch_dist,4,109
-0.0380289655634388,mcaid_unins,1,ch_dist,4,109
-0.0296576143132326,hispanic,0,ch_dist,4,109
-0.02787001233272,hispanic,1,ch_dist,4,109
0.149329971155414,overall,,ch_peri,4,109
0.144338065983769,age,"(19.6,28.2]",ch_peri,4,109
0.146148629921518,age,"(28.2,36.8]",ch_peri,4,109
0.192887703199968,age,"(36.8,45.4]",ch_peri,4,109
0.156854395205025,age,"(45.4,54]",ch_peri,4,109
0.165407123193653,age,"[11,19.6]",ch_peri,4,109
0.149329971155414,ci_scorent,100,ch_peri,4,109
0.149329971155414,obgyn_10kwra,100,ch_peri,4,109
0.081664919531028,nhblack,0,ch_peri,4,109
0.187889950159099,nhblack,1,ch_peri,4,109
0.123377831486206,mcaid_unins,0,ch_peri,4,109
0.171271971982586,mcaid_unins,1,ch_peri,4,109
0.136443971064987,hispanic,0,ch_peri,4,109
0.275621036712962,hispanic,1,ch_peri,4,109
,overall,,ch_teach,4,109
-0.0321392639427492,overall,,ch_csection,4,109
-0.0351652623699205,age,"(19.6,28.2]",ch_csection,4,109
-0.0226808474198529,age,"(28.2,36.8]",ch_csection,4,109
-0.0332103677986842,age,"(36.8,45.4]",ch_csection,4,109
-0.0459887731122738,age,"(45.4,54]",ch_csection,4,109
-0.0557905198748526,age,"[11,19.6]",ch_csection,4,109
-0.0321392639427492,ci_scorent,100,ch_csection,4,109
-0.0321392639427492,obgyn_10kwra,100,ch_csection,4,109
-0.021614698507121,nhblack,0,ch_csection,4,109
-0.0607666620631676,nhblack,1,ch_csection,4,109
0.0274325901129703,mcaid_unins,0,ch_csection,4,109
-0.0825060424676671,mcaid_unins,1,ch_csection,4,109
-0.039846680069139,hispanic,0,ch_csection,4,109
0.0433983573878821,hispanic,1,ch_csection,4,109
