mean,group_var,bin,outcome,mkt,boot_rep
-0.0293860587750134,overall,,ch_dist,4,5
-0.0284132455823615,age,"(19.6,28.2]",ch_dist,4,5
-0.0298348771300163,age,"(28.2,36.8]",ch_dist,4,5
-0.0347865776452995,age,"(36.8,45.4]",ch_dist,4,5
-0.0421597954716432,age,"(45.4,54]",ch_dist,4,5
-0.0299718427478176,age,"[11,19.6]",ch_dist,4,5
-0.0293860587750134,ci_scorent,100,ch_dist,4,5
-0.0293860587750134,obgyn_10kwra,100,ch_dist,4,5
-0.0249179115349524,nhblack,0,ch_dist,4,5
-0.0330138331517464,nhblack,1,ch_dist,4,5
-0.0184865549053027,mcaid_unins,0,ch_dist,4,5
-0.0385917881076897,mcaid_unins,1,ch_dist,4,5
-0.029467046158663,hispanic,0,ch_dist,4,5
-0.0286153710215431,hispanic,1,ch_dist,4,5
0.14535337521522,overall,,ch_peri,4,5
0.139103565988781,age,"(19.6,28.2]",ch_peri,4,5
0.144571823064234,age,"(28.2,36.8]",ch_peri,4,5
0.196913291115927,age,"(36.8,45.4]",ch_peri,4,5
0.193679061696144,age,"(45.4,54]",ch_peri,4,5
0.152775446202726,age,"[11,19.6]",ch_peri,4,5
0.14535337521522,ci_scorent,100,ch_peri,4,5
0.14535337521522,obgyn_10kwra,100,ch_peri,4,5
0.0841672934171932,nhblack,0,ch_peri,4,5
0.187261519750521,nhblack,1,ch_peri,4,5
0.123258708939663,mcaid_unins,0,ch_peri,4,5
0.164014547307082,mcaid_unins,1,ch_peri,4,5
0.135421225735951,hispanic,0,ch_peri,4,5
0.239869158098406,hispanic,1,ch_peri,4,5
,overall,,ch_teach,4,5
-0.0328134353426548,overall,,ch_csection,4,5
-0.0365165730243876,age,"(19.6,28.2]",ch_csection,4,5
-0.0225123403278738,age,"(28.2,36.8]",ch_csection,4,5
-0.0310240363237937,age,"(36.8,45.4]",ch_csection,4,5
-0.0547845255903185,age,"(45.4,54]",ch_csection,4,5
-0.0563060006312172,age,"[11,19.6]",ch_csection,4,5
-0.0328134353426548,ci_scorent,100,ch_csection,4,5
-0.0328134353426548,obgyn_10kwra,100,ch_csection,4,5
-0.0198987475580991,nhblack,0,ch_csection,4,5
-0.0602059193434674,nhblack,1,ch_csection,4,5
0.0257066117364779,mcaid_unins,0,ch_csection,4,5
-0.0822395120141861,mcaid_unins,1,ch_csection,4,5
-0.0390607387428295,hispanic,0,ch_csection,4,5
0.0266368148784864,hispanic,1,ch_csection,4,5
