mean,group_var,bin,outcome,mkt,boot_rep
-0.029813383709718,overall,,ch_dist,4,63
-0.0289831108633131,age,"(19.6,28.2]",ch_dist,4,63
-0.0297719606165237,age,"(28.2,36.8]",ch_dist,4,63
-0.0353851041759975,age,"(36.8,45.4]",ch_dist,4,63
-0.0465075203990073,age,"(45.4,54]",ch_dist,4,63
-0.0314949757550504,age,"[11,19.6]",ch_dist,4,63
-0.029813383709718,ci_scorent,100,ch_dist,4,63
-0.029813383709718,obgyn_10kwra,100,ch_dist,4,63
-0.0243629167684124,nhblack,0,ch_dist,4,63
-0.034066968407267,nhblack,1,ch_dist,4,63
-0.0188509916616015,mcaid_unins,0,ch_dist,4,63
-0.0391340794324177,mcaid_unins,1,ch_dist,4,63
-0.0299236407231302,hispanic,0,ch_dist,4,63
-0.0287564311862836,hispanic,1,ch_dist,4,63
0.147566827157581,overall,,ch_peri,4,63
0.136085048567364,age,"(19.6,28.2]",ch_peri,4,63
0.152880558340471,age,"(28.2,36.8]",ch_peri,4,63
0.224953963260359,age,"(36.8,45.4]",ch_peri,4,63
0.186144578297185,age,"(45.4,54]",ch_peri,4,63
0.142695212794406,age,"[11,19.6]",ch_peri,4,63
0.147566827157581,ci_scorent,100,ch_peri,4,63
0.147566827157581,obgyn_10kwra,100,ch_peri,4,63
0.0771453938204842,nhblack,0,ch_peri,4,63
0.189480803292745,nhblack,1,ch_peri,4,63
0.125002056053007,mcaid_unins,0,ch_peri,4,63
0.16675236299638,mcaid_unins,1,ch_peri,4,63
0.136403149052157,hispanic,0,ch_peri,4,63
0.254584760794314,hispanic,1,ch_peri,4,63
,overall,,ch_teach,4,63
-0.0345370891916026,overall,,ch_csection,4,63
-0.038499646004483,age,"(19.6,28.2]",ch_csection,4,63
-0.0236483220536167,age,"(28.2,36.8]",ch_csection,4,63
-0.0349495167668642,age,"(36.8,45.4]",ch_csection,4,63
-0.0448587362374209,age,"(45.4,54]",ch_csection,4,63
-0.0583568264915334,age,"[11,19.6]",ch_csection,4,63
-0.0345370891916026,ci_scorent,100,ch_csection,4,63
-0.0345370891916026,obgyn_10kwra,100,ch_csection,4,63
-0.0238596674228411,nhblack,0,ch_csection,4,63
-0.0616930466094566,nhblack,1,ch_csection,4,63
0.0255386332993388,mcaid_unins,0,ch_csection,4,63
-0.0856160441497608,mcaid_unins,1,ch_csection,4,63
-0.0420991842122205,hispanic,0,ch_csection,4,63
0.0379551284654057,hispanic,1,ch_csection,4,63
