mean,group_var,bin,outcome,mkt,boot_rep
-0.0286308657477228,overall,,ch_dist,4,146
-0.0276344840032157,age,"(19.6,28.2]",ch_dist,4,146
-0.0290696949904929,age,"(28.2,36.8]",ch_dist,4,146
-0.0340958397128421,age,"(36.8,45.4]",ch_dist,4,146
-0.046790220562993,age,"(45.4,54]",ch_dist,4,146
-0.0291363367508736,age,"[11,19.6]",ch_dist,4,146
-0.0286308657477228,ci_scorent,100,ch_dist,4,146
-0.0286308657477228,obgyn_10kwra,100,ch_dist,4,146
-0.0233402400165842,nhblack,0,ch_dist,4,146
-0.0334349364719612,nhblack,1,ch_dist,4,146
-0.0192625112375617,mcaid_unins,0,ch_dist,4,146
-0.0368963931774167,mcaid_unins,1,ch_dist,4,146
-0.0292169022736837,hispanic,0,ch_dist,4,146
-0.0229183351412839,hispanic,1,ch_dist,4,146
0.146937073833681,overall,,ch_peri,4,146
0.142213725065732,age,"(19.6,28.2]",ch_peri,4,146
0.142967065244611,age,"(28.2,36.8]",ch_peri,4,146
0.188106332989337,age,"(36.8,45.4]",ch_peri,4,146
0.158706406485443,age,"(45.4,54]",ch_peri,4,146
0.166611846863991,age,"[11,19.6]",ch_peri,4,146
0.146937073833681,ci_scorent,100,ch_peri,4,146
0.146937073833681,obgyn_10kwra,100,ch_peri,4,146
0.0792677499827785,nhblack,0,ch_peri,4,146
0.19478451761225,nhblack,1,ch_peri,4,146
0.113049854438159,mcaid_unins,0,ch_peri,4,146
0.176835146235397,mcaid_unins,1,ch_peri,4,146
0.138149640165555,hispanic,0,ch_peri,4,146
0.232594676316596,hispanic,1,ch_peri,4,146
,overall,,ch_teach,4,146
-0.0312192725205899,overall,,ch_csection,4,146
-0.0341438819725158,age,"(19.6,28.2]",ch_csection,4,146
-0.0221516216755692,age,"(28.2,36.8]",ch_csection,4,146
-0.0318751128260202,age,"(36.8,45.4]",ch_csection,4,146
-0.0531315294494635,age,"(45.4,54]",ch_csection,4,146
-0.0534695120604156,age,"[11,19.6]",ch_csection,4,146
-0.0312192725205899,ci_scorent,100,ch_csection,4,146
-0.0312192725205899,obgyn_10kwra,100,ch_csection,4,146
-0.0192531892428435,nhblack,0,ch_csection,4,146
-0.0568269347770981,nhblack,1,ch_csection,4,146
0.0249480871406899,mcaid_unins,0,ch_csection,4,146
-0.0807747042060847,mcaid_unins,1,ch_csection,4,146
-0.0369350000055448,hispanic,0,ch_csection,4,146
0.0244961423886355,hispanic,1,ch_csection,4,146
