mean,group_var,bin,outcome,mkt,boot_rep
-0.030747756465174,overall,,ch_dist,4,6
-0.0295139904611654,age,"(19.6,28.2]",ch_dist,4,6
-0.0312551111328406,age,"(28.2,36.8]",ch_dist,4,6
-0.0370538239189142,age,"(36.8,45.4]",ch_dist,4,6
-0.0501022346751279,age,"(45.4,54]",ch_dist,4,6
-0.0317318260577549,age,"[11,19.6]",ch_dist,4,6
-0.030747756465174,ci_scorent,100,ch_dist,4,6
-0.030747756465174,obgyn_10kwra,100,ch_dist,4,6
-0.0249116856499176,nhblack,0,ch_dist,4,6
-0.0350841244528424,nhblack,1,ch_dist,4,6
-0.0197397510889807,mcaid_unins,0,ch_dist,4,6
-0.0402558703339285,mcaid_unins,1,ch_dist,4,6
-0.0309602551744229,hispanic,0,ch_dist,4,6
-0.028720760431097,hispanic,1,ch_dist,4,6
0.140286832070454,overall,,ch_peri,4,6
0.12944476273034,age,"(19.6,28.2]",ch_peri,4,6
0.144563230331542,age,"(28.2,36.8]",ch_peri,4,6
0.203515804023771,age,"(36.8,45.4]",ch_peri,4,6
0.210283312954187,age,"(45.4,54]",ch_peri,4,6
0.143653993435017,age,"[11,19.6]",ch_peri,4,6
0.140286832070454,ci_scorent,100,ch_peri,4,6
0.140286832070454,obgyn_10kwra,100,ch_peri,4,6
0.0677407237900613,nhblack,0,ch_peri,4,6
0.186903937647609,nhblack,1,ch_peri,4,6
0.116294598545427,mcaid_unins,0,ch_peri,4,6
0.161010013112413,mcaid_unins,1,ch_peri,4,6
0.128268650172143,hispanic,0,ch_peri,4,6
0.254926620381625,hispanic,1,ch_peri,4,6
,overall,,ch_teach,4,6
-0.0338387298010549,overall,,ch_csection,4,6
-0.0379274030503884,age,"(19.6,28.2]",ch_csection,4,6
-0.022227169199654,age,"(28.2,36.8]",ch_csection,4,6
-0.0295934583578158,age,"(36.8,45.4]",ch_csection,4,6
-0.0439432956686913,age,"(45.4,54]",ch_csection,4,6
-0.0630520474363973,age,"[11,19.6]",ch_csection,4,6
-0.0338387298010549,ci_scorent,100,ch_csection,4,6
-0.0338387298010549,obgyn_10kwra,100,ch_csection,4,6
-0.025181803598439,nhblack,0,ch_csection,4,6
-0.0597937619171351,nhblack,1,ch_csection,4,6
0.0227627193556068,mcaid_unins,0,ch_csection,4,6
-0.0827279704333264,mcaid_unins,1,ch_csection,4,6
-0.0406882860854679,hispanic,0,ch_csection,4,6
0.0314982478811452,hispanic,1,ch_csection,4,6
