mean,group_var,bin,outcome,mkt,boot_rep
-0.0284596401945883,overall,,ch_dist,4,31
-0.0276078311330745,age,"(19.6,28.2]",ch_dist,4,31
-0.0288241286794324,age,"(28.2,36.8]",ch_dist,4,31
-0.033268139067466,age,"(36.8,45.4]",ch_dist,4,31
-0.0562563831487776,age,"(45.4,54]",ch_dist,4,31
-0.0288809422080712,age,"[11,19.6]",ch_dist,4,31
-0.0284596401945883,ci_scorent,100,ch_dist,4,31
-0.0284596401945883,obgyn_10kwra,100,ch_dist,4,31
-0.023959672665904,nhblack,0,ch_dist,4,31
-0.0315828197138506,nhblack,1,ch_dist,4,31
-0.0185561208458239,mcaid_unins,0,ch_dist,4,31
-0.0370784183379905,mcaid_unins,1,ch_dist,4,31
-0.0287165672111755,hispanic,0,ch_dist,4,31
-0.0261365597968491,hispanic,1,ch_dist,4,31
0.151998144366275,overall,,ch_peri,4,31
0.144278044079819,age,"(19.6,28.2]",ch_peri,4,31
0.154282056114339,age,"(28.2,36.8]",ch_peri,4,31
0.203495849675587,age,"(36.8,45.4]",ch_peri,4,31
0.168555481070272,age,"(45.4,54]",ch_peri,4,31
0.155344050882458,age,"[11,19.6]",ch_peri,4,31
0.151998144366275,ci_scorent,100,ch_peri,4,31
0.151998144366275,obgyn_10kwra,100,ch_peri,4,31
0.0907664035681355,nhblack,0,ch_peri,4,31
0.187785389133557,nhblack,1,ch_peri,4,31
0.136765455825697,mcaid_unins,0,ch_peri,4,31
0.165254761376386,mcaid_unins,1,ch_peri,4,31
0.140727167460471,hispanic,0,ch_peri,4,31
0.253907962419055,hispanic,1,ch_peri,4,31
,overall,,ch_teach,4,31
-0.0361066713190926,overall,,ch_csection,4,31
-0.0410496418289425,age,"(19.6,28.2]",ch_csection,4,31
-0.0243420772770905,age,"(28.2,36.8]",ch_csection,4,31
-0.0303571481289492,age,"(36.8,45.4]",ch_csection,4,31
-0.0744125755660289,age,"(45.4,54]",ch_csection,4,31
-0.0622976483507314,age,"[11,19.6]",ch_csection,4,31
-0.0361066713190926,ci_scorent,100,ch_csection,4,31
-0.0361066713190926,obgyn_10kwra,100,ch_csection,4,31
-0.0216838274302146,nhblack,0,ch_csection,4,31
-0.0663293894613154,nhblack,1,ch_csection,4,31
0.0253491824635903,mcaid_unins,0,ch_csection,4,31
-0.0895901200521317,mcaid_unins,1,ch_csection,4,31
-0.0432915314687077,hispanic,0,ch_csection,4,31
0.028857332839666,hispanic,1,ch_csection,4,31
