mean,group_var,bin,outcome,mkt,boot_rep
-0.0283706789600348,overall,,ch_dist,4,71
-0.0277227552794796,age,"(19.6,28.2]",ch_dist,4,71
-0.0282478334930846,age,"(28.2,36.8]",ch_dist,4,71
-0.0328700508635178,age,"(36.8,45.4]",ch_dist,4,71
-0.0419802983758892,age,"(45.4,54]",ch_dist,4,71
-0.0299623989908402,age,"[11,19.6]",ch_dist,4,71
-0.0283706789600348,ci_scorent,100,ch_dist,4,71
-0.0283706789600348,obgyn_10kwra,100,ch_dist,4,71
-0.023372000244449,nhblack,0,ch_dist,4,71
-0.0317852047118752,nhblack,1,ch_dist,4,71
-0.0182657082395888,mcaid_unins,0,ch_dist,4,71
-0.0368795456274566,mcaid_unins,1,ch_dist,4,71
-0.0286007867187216,hispanic,0,ch_dist,4,71
-0.0261889563321115,hispanic,1,ch_dist,4,71
0.151007865745052,overall,,ch_peri,4,71
0.140195853288998,age,"(19.6,28.2]",ch_peri,4,71
0.154592405066331,age,"(28.2,36.8]",ch_peri,4,71
0.224108116787382,age,"(36.8,45.4]",ch_peri,4,71
0.313547254919973,age,"(45.4,54]",ch_peri,4,71
0.150839154379147,age,"[11,19.6]",ch_peri,4,71
0.151007865745052,ci_scorent,100,ch_peri,4,71
0.151007865745052,obgyn_10kwra,100,ch_peri,4,71
0.0797527080319922,nhblack,0,ch_peri,4,71
0.197800559811768,nhblack,1,ch_peri,4,71
0.121574036541435,mcaid_unins,0,ch_peri,4,71
0.1757925519291,mcaid_unins,1,ch_peri,4,71
0.140064952723562,hispanic,0,ch_peri,4,71
0.254760999018904,hispanic,1,ch_peri,4,71
,overall,,ch_teach,4,71
-0.0352308977759382,overall,,ch_csection,4,71
-0.0401314843105873,age,"(19.6,28.2]",ch_csection,4,71
-0.0230015418906481,age,"(28.2,36.8]",ch_csection,4,71
-0.0312377609350253,age,"(36.8,45.4]",ch_csection,4,71
-0.0472751528259109,age,"(45.4,54]",ch_csection,4,71
-0.0635994413616738,age,"[11,19.6]",ch_csection,4,71
-0.0352308977759382,ci_scorent,100,ch_csection,4,71
-0.0352308977759382,obgyn_10kwra,100,ch_csection,4,71
-0.0242738284856106,nhblack,0,ch_csection,4,71
-0.0610943376933338,nhblack,1,ch_csection,4,71
0.0231724420437015,mcaid_unins,0,ch_csection,4,71
-0.0844092917768173,mcaid_unins,1,ch_csection,4,71
-0.0417559633765819,hispanic,0,ch_csection,4,71
0.0266352615871745,hispanic,1,ch_csection,4,71
