mean,group_var,bin,outcome,mkt,boot_rep
-0.0296975986916037,overall,,ch_dist,4,9
-0.0291027410560188,age,"(19.6,28.2]",ch_dist,4,9
-0.0293478100077342,age,"(28.2,36.8]",ch_dist,4,9
-0.0335832886364062,age,"(36.8,45.4]",ch_dist,4,9
-0.0417986321805869,age,"(45.4,54]",ch_dist,4,9
-0.0322708944205579,age,"[11,19.6]",ch_dist,4,9
-0.0296975986916037,ci_scorent,100,ch_dist,4,9
-0.0296975986916037,obgyn_10kwra,100,ch_dist,4,9
-0.0232240424431317,nhblack,0,ch_dist,4,9
-0.0342038925774501,nhblack,1,ch_dist,4,9
-0.018090912751915,mcaid_unins,0,ch_dist,4,9
-0.0396725613137322,mcaid_unins,1,ch_dist,4,9
-0.0296589993558551,hispanic,0,ch_dist,4,9
-0.0300655589219195,hispanic,1,ch_dist,4,9
0.150213673938026,overall,,ch_peri,4,9
0.140102877766559,age,"(19.6,28.2]",ch_peri,4,9
0.1552095774972,age,"(28.2,36.8]",ch_peri,4,9
0.206846798600355,age,"(36.8,45.4]",ch_peri,4,9
0.175164809774163,age,"(45.4,54]",ch_peri,4,9
0.149948463534157,age,"[11,19.6]",ch_peri,4,9
0.150213673938026,ci_scorent,100,ch_peri,4,9
0.150213673938026,obgyn_10kwra,100,ch_peri,4,9
0.0896572851427961,nhblack,0,ch_peri,4,9
0.188058529157692,nhblack,1,ch_peri,4,9
0.118586598779006,mcaid_unins,0,ch_peri,4,9
0.17739446388942,mcaid_unins,1,ch_peri,4,9
0.140232131799665,hispanic,0,ch_peri,4,9
0.24536584360387,hispanic,1,ch_peri,4,9
,overall,,ch_teach,4,9
-0.0322308043437177,overall,,ch_csection,4,9
-0.035579428821085,age,"(19.6,28.2]",ch_csection,4,9
-0.0228813657562272,age,"(28.2,36.8]",ch_csection,4,9
-0.0295521668332298,age,"(36.8,45.4]",ch_csection,4,9
-0.0284925941264738,age,"(45.4,54]",ch_csection,4,9
-0.0549515126346761,age,"[11,19.6]",ch_csection,4,9
-0.0322308043437177,ci_scorent,100,ch_csection,4,9
-0.0322308043437177,obgyn_10kwra,100,ch_csection,4,9
-0.0202070599651976,nhblack,0,ch_csection,4,9
-0.05891513893041,nhblack,1,ch_csection,4,9
0.022893296661757,mcaid_unins,0,ch_csection,4,9
-0.0796052960776431,mcaid_unins,1,ch_csection,4,9
-0.0388490030538847,hispanic,0,ch_csection,4,9
0.0308592430480464,hispanic,1,ch_csection,4,9
