mean,group_var,bin,outcome,mkt,boot_rep
-0.0293604204466828,overall,,ch_dist,4,16
-0.0287326816657412,age,"(19.6,28.2]",ch_dist,4,16
-0.0290112295690858,age,"(28.2,36.8]",ch_dist,4,16
-0.0342319122260283,age,"(36.8,45.4]",ch_dist,4,16
-0.0340617186671053,age,"(45.4,54]",ch_dist,4,16
-0.031583206121798,age,"[11,19.6]",ch_dist,4,16
-0.0293604204466828,ci_scorent,100,ch_dist,4,16
-0.0293604204466828,obgyn_10kwra,100,ch_dist,4,16
-0.0232079763012205,nhblack,0,ch_dist,4,16
-0.0339808542378537,nhblack,1,ch_dist,4,16
-0.0174561215167405,mcaid_unins,0,ch_dist,4,16
-0.0394940121534867,mcaid_unins,1,ch_dist,4,16
-0.0293989303881057,hispanic,0,ch_dist,4,16
-0.0289941654707692,hispanic,1,ch_dist,4,16
0.153814593566537,overall,,ch_peri,4,16
0.149011932144994,age,"(19.6,28.2]",ch_peri,4,16
0.151252466473428,age,"(28.2,36.8]",ch_peri,4,16
0.197490574779828,age,"(36.8,45.4]",ch_peri,4,16
0.180114566576981,age,"(45.4,54]",ch_peri,4,16
0.164432172957939,age,"[11,19.6]",ch_peri,4,16
0.153814593566537,ci_scorent,100,ch_peri,4,16
0.153814593566537,obgyn_10kwra,100,ch_peri,4,16
0.0929775374168977,nhblack,0,ch_peri,4,16
0.188167983429625,nhblack,1,ch_peri,4,16
0.12798105460738,mcaid_unins,0,ch_peri,4,16
0.175805517827978,mcaid_unins,1,ch_peri,4,16
0.142165074360014,hispanic,0,ch_peri,4,16
0.264609214870801,hispanic,1,ch_peri,4,16
,overall,,ch_teach,4,16
-0.0339603327123352,overall,,ch_csection,4,16
-0.0369945222558137,age,"(19.6,28.2]",ch_csection,4,16
-0.0247281034753695,age,"(28.2,36.8]",ch_csection,4,16
-0.0353125304310747,age,"(36.8,45.4]",ch_csection,4,16
-0.0400772453067383,age,"(45.4,54]",ch_csection,4,16
-0.0561271603236884,age,"[11,19.6]",ch_csection,4,16
-0.0339603327123352,ci_scorent,100,ch_csection,4,16
-0.0339603327123352,obgyn_10kwra,100,ch_csection,4,16
-0.0226843884516766,nhblack,0,ch_csection,4,16
-0.0627751143217087,nhblack,1,ch_csection,4,16
0.02475585601262,mcaid_unins,0,ch_csection,4,16
-0.083942770705533,mcaid_unins,1,ch_csection,4,16
-0.0419269384546353,hispanic,0,ch_csection,4,16
0.0418073492538249,hispanic,1,ch_csection,4,16
