mean,group_var,bin,outcome,mkt,boot_rep
-0.0297741782244642,overall,,ch_dist,4,46
-0.0280850684810031,age,"(19.6,28.2]",ch_dist,4,46
-0.0310403653223679,age,"(28.2,36.8]",ch_dist,4,46
-0.0381652837343357,age,"(36.8,45.4]",ch_dist,4,46
-0.0425385886439168,age,"(45.4,54]",ch_dist,4,46
-0.028214385408783,age,"[11,19.6]",ch_dist,4,46
-0.0297741782244642,ci_scorent,100,ch_dist,4,46
-0.0297741782244642,obgyn_10kwra,100,ch_dist,4,46
-0.025183883500706,nhblack,0,ch_dist,4,46
-0.0335254271090982,nhblack,1,ch_dist,4,46
-0.0191043274615936,mcaid_unins,0,ch_dist,4,46
-0.0388991664251431,mcaid_unins,1,ch_dist,4,46
-0.030345242153133,hispanic,0,ch_dist,4,46
-0.0240716214974636,hispanic,1,ch_dist,4,46
0.150401300782318,overall,,ch_peri,4,46
0.14374323388746,age,"(19.6,28.2]",ch_peri,4,46
0.147125232643513,age,"(28.2,36.8]",ch_peri,4,46
0.201072265849893,age,"(36.8,45.4]",ch_peri,4,46
0.200203228094949,age,"(45.4,54]",ch_peri,4,46
0.168664494299311,age,"[11,19.6]",ch_peri,4,46
0.150401300782318,ci_scorent,100,ch_peri,4,46
0.150401300782318,obgyn_10kwra,100,ch_peri,4,46
0.0835112197191202,nhblack,0,ch_peri,4,46
0.197509015687971,nhblack,1,ch_peri,4,46
0.12353319888883,mcaid_unins,0,ch_peri,4,46
0.173379233482733,mcaid_unins,1,ch_peri,4,46
0.140301390722569,hispanic,0,ch_peri,4,46
0.251257452190072,hispanic,1,ch_peri,4,46
,overall,,ch_teach,4,46
-0.0340521653948384,overall,,ch_csection,4,46
-0.0386595551970873,age,"(19.6,28.2]",ch_csection,4,46
-0.0225574257209386,age,"(28.2,36.8]",ch_csection,4,46
-0.0294154145034818,age,"(36.8,45.4]",ch_csection,4,46
-0.0303537934680869,age,"(45.4,54]",ch_csection,4,46
-0.0608632817207025,age,"[11,19.6]",ch_csection,4,46
-0.0340521653948384,ci_scorent,100,ch_csection,4,46
-0.0340521653948384,obgyn_10kwra,100,ch_csection,4,46
-0.0195797585965972,nhblack,0,ch_csection,4,46
-0.0620049816004376,nhblack,1,ch_csection,4,46
0.0246202657701953,mcaid_unins,0,ch_csection,4,46
-0.0842295534375217,mcaid_unins,1,ch_csection,4,46
-0.0399889546254704,hispanic,0,ch_csection,4,46
0.0252317004988541,hispanic,1,ch_csection,4,46
