mean,group_var,bin,outcome,mkt,boot_rep
-0.0292487519086284,overall,,ch_dist,4,128
-0.0290091083667959,age,"(19.6,28.2]",ch_dist,4,128
-0.028410802306094,age,"(28.2,36.8]",ch_dist,4,128
-0.0323436485613386,age,"(36.8,45.4]",ch_dist,4,128
-0.0436596790066422,age,"(45.4,54]",ch_dist,4,128
-0.0325388261650676,age,"[11,19.6]",ch_dist,4,128
-0.0292487519086284,ci_scorent,100,ch_dist,4,128
-0.0292487519086284,obgyn_10kwra,100,ch_dist,4,128
-0.0237312940492259,nhblack,0,ch_dist,4,128
-0.0332232161264499,nhblack,1,ch_dist,4,128
-0.0184564450813267,mcaid_unins,0,ch_dist,4,128
-0.0386531478792365,mcaid_unins,1,ch_dist,4,128
-0.0291448312576818,hispanic,0,ch_dist,4,128
-0.030260721373482,hispanic,1,ch_dist,4,128
0.14832561049567,overall,,ch_peri,4,128
0.139846168908331,age,"(19.6,28.2]",ch_peri,4,128
0.14960854947097,age,"(28.2,36.8]",ch_peri,4,128
0.210638065323978,age,"(36.8,45.4]",ch_peri,4,128
0.127647299272405,age,"(45.4,54]",ch_peri,4,128
0.149745720723445,age,"[11,19.6]",ch_peri,4,128
0.14832561049567,ci_scorent,100,ch_peri,4,128
0.14832561049567,obgyn_10kwra,100,ch_peri,4,128
0.0824241409780994,nhblack,0,ch_peri,4,128
0.191817172326687,nhblack,1,ch_peri,4,128
0.126671166042589,mcaid_unins,0,ch_peri,4,128
0.167195252863986,mcaid_unins,1,ch_peri,4,128
0.137279169711061,hispanic,0,ch_peri,4,128
0.255894805525806,hispanic,1,ch_peri,4,128
,overall,,ch_teach,4,128
-0.0314918111891899,overall,,ch_csection,4,128
-0.0357890957526792,age,"(19.6,28.2]",ch_csection,4,128
-0.0208950393572348,age,"(28.2,36.8]",ch_csection,4,128
-0.0268330115420894,age,"(36.8,45.4]",ch_csection,4,128
-0.0455973070352836,age,"(45.4,54]",ch_csection,4,128
-0.0570886108689234,age,"[11,19.6]",ch_csection,4,128
-0.0314918111891899,ci_scorent,100,ch_csection,4,128
-0.0314918111891899,obgyn_10kwra,100,ch_csection,4,128
-0.0190308086337851,nhblack,0,ch_csection,4,128
-0.0595062243522971,nhblack,1,ch_csection,4,128
0.0243565485307194,mcaid_unins,0,ch_csection,4,128
-0.0801579673242539,mcaid_unins,1,ch_csection,4,128
-0.0379757254714875,hispanic,0,ch_csection,4,128
0.031647932515673,hispanic,1,ch_csection,4,128
