mean,group_var,bin,outcome,mkt,boot_rep
-0.0289127696125577,overall,,ch_dist,4,115
-0.0281762220143151,age,"(19.6,28.2]",ch_dist,4,115
-0.0288713473338984,age,"(28.2,36.8]",ch_dist,4,115
-0.0336393049804583,age,"(36.8,45.4]",ch_dist,4,115
-0.0386431881967355,age,"(45.4,54]",ch_dist,4,115
-0.0306670343807553,age,"[11,19.6]",ch_dist,4,115
-0.0289127696125577,ci_scorent,100,ch_dist,4,115
-0.0289127696125577,obgyn_10kwra,100,ch_dist,4,115
-0.0239991303906204,nhblack,0,ch_dist,4,115
-0.0336344051455108,nhblack,1,ch_dist,4,115
-0.0184277319551334,mcaid_unins,0,ch_dist,4,115
-0.0379431350717248,mcaid_unins,1,ch_dist,4,115
-0.0291958048534162,hispanic,0,ch_dist,4,115
-0.0261733714462779,hispanic,1,ch_dist,4,115
0.147312144921925,overall,,ch_peri,4,115
0.144952990557359,age,"(19.6,28.2]",ch_peri,4,115
0.138903521828248,age,"(28.2,36.8]",ch_peri,4,115
0.193947231568169,age,"(36.8,45.4]",ch_peri,4,115
0.182370524186912,age,"(45.4,54]",ch_peri,4,115
0.165957109163312,age,"[11,19.6]",ch_peri,4,115
0.147312144921925,ci_scorent,100,ch_peri,4,115
0.147312144921925,obgyn_10kwra,100,ch_peri,4,115
0.0802390861109909,nhblack,0,ch_peri,4,115
0.194497934946928,nhblack,1,ch_peri,4,115
0.112975493933407,mcaid_unins,0,ch_peri,4,115
0.176885000757177,mcaid_unins,1,ch_peri,4,115
0.137003237520816,hispanic,0,ch_peri,4,115
0.247088419937317,hispanic,1,ch_peri,4,115
,overall,,ch_teach,4,115
-0.0326838239301381,overall,,ch_csection,4,115
-0.0352102628133947,age,"(19.6,28.2]",ch_csection,4,115
-0.0248615662038755,age,"(28.2,36.8]",ch_csection,4,115
-0.0332403388725595,age,"(36.8,45.4]",ch_csection,4,115
-0.0502927114232265,age,"(45.4,54]",ch_csection,4,115
-0.0512252492841457,age,"[11,19.6]",ch_csection,4,115
-0.0326838239301381,ci_scorent,100,ch_csection,4,115
-0.0326838239301381,obgyn_10kwra,100,ch_csection,4,115
-0.0199213612324616,nhblack,0,ch_csection,4,115
-0.060150166724196,nhblack,1,ch_csection,4,115
0.023308345445747,mcaid_unins,0,ch_csection,4,115
-0.0809077568177612,mcaid_unins,1,ch_csection,4,115
-0.0397340538706773,hispanic,0,ch_csection,4,115
0.035552862471106,hispanic,1,ch_csection,4,115
