mean,group_var,bin,outcome,mkt,boot_rep
-0.0286743001741353,overall,,ch_dist,4,74
-0.0273754804442428,age,"(19.6,28.2]",ch_dist,4,74
-0.0295531518021384,age,"(28.2,36.8]",ch_dist,4,74
-0.0350087131754452,age,"(36.8,45.4]",ch_dist,4,74
-0.0446265035293508,age,"(45.4,54]",ch_dist,4,74
-0.0281212817378979,age,"[11,19.6]",ch_dist,4,74
-0.0286743001741353,ci_scorent,100,ch_dist,4,74
-0.0286743001741353,obgyn_10kwra,100,ch_dist,4,74
-0.0237793881004801,nhblack,0,ch_dist,4,74
-0.0326728244197559,nhblack,1,ch_dist,4,74
-0.0182349134259552,mcaid_unins,0,ch_dist,4,74
-0.0374759491418959,mcaid_unins,1,ch_dist,4,74
-0.0291004598143378,hispanic,0,ch_dist,4,74
-0.0245372735130931,hispanic,1,ch_dist,4,74
0.149595390782339,overall,,ch_peri,4,74
0.140472648124182,age,"(19.6,28.2]",ch_peri,4,74
0.152940420991087,age,"(28.2,36.8]",ch_peri,4,74
0.203316852995736,age,"(36.8,45.4]",ch_peri,4,74
0.194819774262772,age,"(45.4,54]",ch_peri,4,74
0.153331383299847,age,"[11,19.6]",ch_peri,4,74
0.149595390782339,ci_scorent,100,ch_peri,4,74
0.149595390782339,obgyn_10kwra,100,ch_peri,4,74
0.0764837901771998,nhblack,0,ch_peri,4,74
0.195120201975488,nhblack,1,ch_peri,4,74
0.123566456996126,mcaid_unins,0,ch_peri,4,74
0.171540888512966,mcaid_unins,1,ch_peri,4,74
0.13739711195694,hispanic,0,ch_peri,4,74
0.268012528302754,hispanic,1,ch_peri,4,74
,overall,,ch_teach,4,74
-0.0344919215377126,overall,,ch_csection,4,74
-0.0396277096413248,age,"(19.6,28.2]",ch_csection,4,74
-0.023269648695762,age,"(28.2,36.8]",ch_csection,4,74
-0.0273966305731729,age,"(36.8,45.4]",ch_csection,4,74
-0.0383937879927709,age,"(45.4,54]",ch_csection,4,74
-0.0613130584905874,age,"[11,19.6]",ch_csection,4,74
-0.0344919215377126,ci_scorent,100,ch_csection,4,74
-0.0344919215377126,obgyn_10kwra,100,ch_csection,4,74
-0.0226199039666604,nhblack,0,ch_csection,4,74
-0.0597424220814073,nhblack,1,ch_csection,4,74
0.0226852261936284,mcaid_unins,0,ch_csection,4,74
-0.0826990811581557,mcaid_unins,1,ch_csection,4,74
-0.0402596549550125,hispanic,0,ch_csection,4,74
0.0214994597902288,hispanic,1,ch_csection,4,74
