mean,group_var,bin,outcome,mkt,boot_rep
-0.0304930270708436,overall,,ch_dist,4,60
-0.0296081716287382,age,"(19.6,28.2]",ch_dist,4,60
-0.0306986554494579,age,"(28.2,36.8]",ch_dist,4,60
-0.0357179305047548,age,"(36.8,45.4]",ch_dist,4,60
-0.0499830031840562,age,"(45.4,54]",ch_dist,4,60
-0.0316267917614394,age,"[11,19.6]",ch_dist,4,60
-0.0304930270708436,ci_scorent,100,ch_dist,4,60
-0.0304930270708436,obgyn_10kwra,100,ch_dist,4,60
-0.0253482015461954,nhblack,0,ch_dist,4,60
-0.0350859180732363,nhblack,1,ch_dist,4,60
-0.019716637932999,mcaid_unins,0,ch_dist,4,60
-0.0396596733297763,mcaid_unins,1,ch_dist,4,60
-0.0311184900433762,hispanic,0,ch_dist,4,60
-0.0243893481854518,hispanic,1,ch_dist,4,60
0.144288518034878,overall,,ch_peri,4,60
0.136884525860003,age,"(19.6,28.2]",ch_peri,4,60
0.144517614091535,age,"(28.2,36.8]",ch_peri,4,60
0.19642262312177,age,"(36.8,45.4]",ch_peri,4,60
0.118022804099479,age,"(45.4,54]",ch_peri,4,60
0.155176102416446,age,"[11,19.6]",ch_peri,4,60
0.144288518034878,ci_scorent,100,ch_peri,4,60
0.144288518034878,obgyn_10kwra,100,ch_peri,4,60
0.0776126898369847,nhblack,0,ch_peri,4,60
0.18991745706667,nhblack,1,ch_peri,4,60
0.107709217762346,mcaid_unins,0,ch_peri,4,60
0.175403718285028,mcaid_unins,1,ch_peri,4,60
0.134373837689859,hispanic,0,ch_peri,4,60
0.241042487070416,hispanic,1,ch_peri,4,60
,overall,,ch_teach,4,60
-0.0346392436842013,overall,,ch_csection,4,60
-0.0384875782910721,age,"(19.6,28.2]",ch_csection,4,60
-0.0241327874903546,age,"(28.2,36.8]",ch_csection,4,60
-0.0356316913900219,age,"(36.8,45.4]",ch_csection,4,60
-0.0371496245927375,age,"(45.4,54]",ch_csection,4,60
-0.058075709166152,age,"[11,19.6]",ch_csection,4,60
-0.0346392436842013,ci_scorent,100,ch_csection,4,60
-0.0346392436842013,obgyn_10kwra,100,ch_csection,4,60
-0.0199422098378255,nhblack,0,ch_csection,4,60
-0.0647711452682728,nhblack,1,ch_csection,4,60
0.0244568729721759,mcaid_unins,0,ch_csection,4,60
-0.0849077696010354,mcaid_unins,1,ch_csection,4,60
-0.0410475990611406,hispanic,0,ch_csection,4,60
0.0278977011423286,hispanic,1,ch_csection,4,60
