mean,group_var,bin,outcome,mkt,boot_rep
-0.0295965028380228,overall,,ch_dist,4,85
-0.0290380716994566,age,"(19.6,28.2]",ch_dist,4,85
-0.0293210219133049,age,"(28.2,36.8]",ch_dist,4,85
-0.0336818605626379,age,"(36.8,45.4]",ch_dist,4,85
-0.0460774968920566,age,"(45.4,54]",ch_dist,4,85
-0.0319521101881184,age,"[11,19.6]",ch_dist,4,85
-0.0295965028380228,ci_scorent,100,ch_dist,4,85
-0.0295965028380228,obgyn_10kwra,100,ch_dist,4,85
-0.023739919741639,nhblack,0,ch_dist,4,85
-0.0344840735210252,nhblack,1,ch_dist,4,85
-0.0176172909937693,mcaid_unins,0,ch_dist,4,85
-0.0398402027202645,mcaid_unins,1,ch_dist,4,85
-0.0300948106781948,hispanic,0,ch_dist,4,85
-0.0246639540339039,hispanic,1,ch_dist,4,85
0.152415167639174,overall,,ch_peri,4,85
0.143501031003897,age,"(19.6,28.2]",ch_peri,4,85
0.15405551028369,age,"(28.2,36.8]",ch_peri,4,85
0.21260288181338,age,"(36.8,45.4]",ch_peri,4,85
0.165084650532844,age,"(45.4,54]",ch_peri,4,85
0.162794558146736,age,"[11,19.6]",ch_peri,4,85
0.152415167639174,ci_scorent,100,ch_peri,4,85
0.152415167639174,obgyn_10kwra,100,ch_peri,4,85
0.0870596466016158,nhblack,0,ch_peri,4,85
0.198869894049924,nhblack,1,ch_peri,4,85
0.130889171929562,mcaid_unins,0,ch_peri,4,85
0.170822542229637,mcaid_unins,1,ch_peri,4,85
0.141940195729227,hispanic,0,ch_peri,4,85
0.256102699727274,hispanic,1,ch_peri,4,85
,overall,,ch_teach,4,85
-0.0341580610613413,overall,,ch_csection,4,85
-0.0373828197167459,age,"(19.6,28.2]",ch_csection,4,85
-0.0251232441636718,age,"(28.2,36.8]",ch_csection,4,85
-0.0337138596009518,age,"(36.8,45.4]",ch_csection,4,85
-0.0663162136571151,age,"(45.4,54]",ch_csection,4,85
-0.0571901857440768,age,"[11,19.6]",ch_csection,4,85
-0.0341580610613413,ci_scorent,100,ch_csection,4,85
-0.0341580610613413,obgyn_10kwra,100,ch_csection,4,85
-0.0216066408608966,nhblack,0,ch_csection,4,85
-0.0635087460060526,nhblack,1,ch_csection,4,85
0.0260468583991903,mcaid_unins,0,ch_csection,4,85
-0.0856406739749835,mcaid_unins,1,ch_csection,4,85
-0.0410573904101431,hispanic,0,ch_csection,4,85
0.0341356240568949,hispanic,1,ch_csection,4,85
