mean,group_var,bin,outcome,mkt,boot_rep
-0.0298101088927702,overall,,ch_dist,4,68
-0.0287565853983967,age,"(19.6,28.2]",ch_dist,4,68
-0.0301378777381264,age,"(28.2,36.8]",ch_dist,4,68
-0.0355467342088837,age,"(36.8,45.4]",ch_dist,4,68
-0.0420945713183393,age,"(45.4,54]",ch_dist,4,68
-0.0308871817502747,age,"[11,19.6]",ch_dist,4,68
-0.0298101088927702,ci_scorent,100,ch_dist,4,68
-0.0298101088927702,obgyn_10kwra,100,ch_dist,4,68
-0.0248276175296734,nhblack,0,ch_dist,4,68
-0.0329559021091316,nhblack,1,ch_dist,4,68
-0.0180828590832521,mcaid_unins,0,ch_dist,4,68
-0.0397704888454035,mcaid_unins,1,ch_dist,4,68
-0.02960390646396,hispanic,0,ch_dist,4,68
-0.0318546432936102,hispanic,1,ch_dist,4,68
0.139097329471269,overall,,ch_peri,4,68
0.129147378547477,age,"(19.6,28.2]",ch_peri,4,68
0.142250863767364,age,"(28.2,36.8]",ch_peri,4,68
0.198349546808669,age,"(36.8,45.4]",ch_peri,4,68
0.256560305313204,age,"(45.4,54]",ch_peri,4,68
0.144098917204671,age,"[11,19.6]",ch_peri,4,68
0.139097329471269,ci_scorent,100,ch_peri,4,68
0.139097329471269,obgyn_10kwra,100,ch_peri,4,68
0.0718528024626514,nhblack,0,ch_peri,4,68
0.184082129889657,nhblack,1,ch_peri,4,68
0.113848856581626,mcaid_unins,0,ch_peri,4,68
0.160541776147973,mcaid_unins,1,ch_peri,4,68
0.130302221127267,hispanic,0,ch_peri,4,68
0.22630242046936,hispanic,1,ch_peri,4,68
,overall,,ch_teach,4,68
-0.0338674038128015,overall,,ch_csection,4,68
-0.0370046493724699,age,"(19.6,28.2]",ch_csection,4,68
-0.0244253602002665,age,"(28.2,36.8]",ch_csection,4,68
-0.0353877780061573,age,"(36.8,45.4]",ch_csection,4,68
-0.0506972191652705,age,"(45.4,54]",ch_csection,4,68
-0.0568856453255129,age,"[11,19.6]",ch_csection,4,68
-0.0338674038128015,ci_scorent,100,ch_csection,4,68
-0.0338674038128015,obgyn_10kwra,100,ch_csection,4,68
-0.020003946931457,nhblack,0,ch_csection,4,68
-0.0620506320081088,nhblack,1,ch_csection,4,68
0.0252020819957038,mcaid_unins,0,ch_csection,4,68
-0.0840372673200893,mcaid_unins,1,ch_csection,4,68
-0.0401391908399488,hispanic,0,ch_csection,4,68
0.0283184996497786,hispanic,1,ch_csection,4,68
