mean,group_var,bin,outcome,mkt,boot_rep
-0.0282211558015821,overall,,ch_dist,4,113
-0.0269384888495635,age,"(19.6,28.2]",ch_dist,4,113
-0.0288224328214818,age,"(28.2,36.8]",ch_dist,4,113
-0.0347772468465402,age,"(36.8,45.4]",ch_dist,4,113
-0.038934456232285,age,"(45.4,54]",ch_dist,4,113
-0.0289287274508929,age,"[11,19.6]",ch_dist,4,113
-0.0282211558015821,ci_scorent,100,ch_dist,4,113
-0.0282211558015821,obgyn_10kwra,100,ch_dist,4,113
-0.0233193366418173,nhblack,0,ch_dist,4,113
-0.0318578601930375,nhblack,1,ch_dist,4,113
-0.0165241535663958,mcaid_unins,0,ch_dist,4,113
-0.0382786628278633,mcaid_unins,1,ch_dist,4,113
-0.0282921592097103,hispanic,0,ch_dist,4,113
-0.0275415941709394,hispanic,1,ch_dist,4,113
0.145443917616116,overall,,ch_peri,4,113
0.138665025999148,age,"(19.6,28.2]",ch_peri,4,113
0.14453781672207,age,"(28.2,36.8]",ch_peri,4,113
0.19843345907905,age,"(36.8,45.4]",ch_peri,4,113
0.209579858680518,age,"(45.4,54]",ch_peri,4,113
0.152797116028691,age,"[11,19.6]",ch_peri,4,113
0.145443917616116,ci_scorent,100,ch_peri,4,113
0.145443917616116,obgyn_10kwra,100,ch_peri,4,113
0.0739327039874464,nhblack,0,ch_peri,4,113
0.18890281311982,nhblack,1,ch_peri,4,113
0.11325227109651,mcaid_unins,0,ch_peri,4,113
0.173123463584276,mcaid_unins,1,ch_peri,4,113
0.133470108143842,hispanic,0,ch_peri,4,113
0.260043226360431,hispanic,1,ch_peri,4,113
,overall,,ch_teach,4,113
-0.033105359721861,overall,,ch_csection,4,113
-0.0375879108738651,age,"(19.6,28.2]",ch_csection,4,113
-0.0218615343225604,age,"(28.2,36.8]",ch_csection,4,113
-0.0280849351767516,age,"(36.8,45.4]",ch_csection,4,113
-0.0278873108802652,age,"(45.4,54]",ch_csection,4,113
-0.0601235305385914,age,"[11,19.6]",ch_csection,4,113
-0.033105359721861,ci_scorent,100,ch_csection,4,113
-0.033105359721861,obgyn_10kwra,100,ch_csection,4,113
-0.0200045422435815,nhblack,0,ch_csection,4,113
-0.0621288559771826,nhblack,1,ch_csection,4,113
0.0251075935803226,mcaid_unins,0,ch_csection,4,113
-0.0831589696199677,mcaid_unins,1,ch_csection,4,113
-0.0403450676759536,hispanic,0,ch_csection,4,113
0.0361846627201049,hispanic,1,ch_csection,4,113
