mean,group_var,bin,outcome,mkt,boot_rep
-0.0279579486714995,overall,,ch_dist,4,127
-0.0266021647680629,age,"(19.6,28.2]",ch_dist,4,127
-0.0288895887037108,age,"(28.2,36.8]",ch_dist,4,127
-0.034797385285299,age,"(36.8,45.4]",ch_dist,4,127
-0.0395568905854143,age,"(45.4,54]",ch_dist,4,127
-0.0275223159310239,age,"[11,19.6]",ch_dist,4,127
-0.0279579486714995,ci_scorent,100,ch_dist,4,127
-0.0279579486714995,obgyn_10kwra,100,ch_dist,4,127
-0.0236000629594749,nhblack,0,ch_dist,4,127
-0.0315234015455862,nhblack,1,ch_dist,4,127
-0.0176211239216855,mcaid_unins,0,ch_dist,4,127
-0.0367794273846915,mcaid_unins,1,ch_dist,4,127
-0.0284567336684004,hispanic,0,ch_dist,4,127
-0.0230947285179118,hispanic,1,ch_dist,4,127
0.148789075836846,overall,,ch_peri,4,127
0.141319556066394,age,"(19.6,28.2]",ch_peri,4,127
0.148982602961354,age,"(28.2,36.8]",ch_peri,4,127
0.19984261314071,age,"(36.8,45.4]",ch_peri,4,127
0.289410847008738,age,"(45.4,54]",ch_peri,4,127
0.158901313656986,age,"[11,19.6]",ch_peri,4,127
0.148789075836846,ci_scorent,100,ch_peri,4,127
0.148789075836846,obgyn_10kwra,100,ch_peri,4,127
0.0840125451516726,nhblack,0,ch_peri,4,127
0.191114740250127,nhblack,1,ch_peri,4,127
0.11948250017567,mcaid_unins,0,ch_peri,4,127
0.173799399568636,mcaid_unins,1,ch_peri,4,127
0.139407425407486,hispanic,0,ch_peri,4,127
0.240261417076978,hispanic,1,ch_peri,4,127
,overall,,ch_teach,4,127
-0.0350076178768142,overall,,ch_csection,4,127
-0.0394676924497533,age,"(19.6,28.2]",ch_csection,4,127
-0.0245214111601323,age,"(28.2,36.8]",ch_csection,4,127
-0.0280956631295487,age,"(36.8,45.4]",ch_csection,4,127
-0.053147957040136,age,"(45.4,54]",ch_csection,4,127
-0.0595309747611857,age,"[11,19.6]",ch_csection,4,127
-0.0350076178768142,ci_scorent,100,ch_csection,4,127
-0.0350076178768142,obgyn_10kwra,100,ch_csection,4,127
-0.0227889625652889,nhblack,0,ch_csection,4,127
-0.061838048265537,nhblack,1,ch_csection,4,127
0.0236932529444544,mcaid_unins,0,ch_csection,4,127
-0.0851031254363262,mcaid_unins,1,ch_csection,4,127
-0.0415357300229408,hispanic,0,ch_csection,4,127
0.0286423450354196,hispanic,1,ch_csection,4,127
