mean,group_var,bin,outcome,mkt,boot_rep
-0.0300686090341437,overall,,ch_dist,4,136
-0.0291802367439216,age,"(19.6,28.2]",ch_dist,4,136
-0.0302675999827096,age,"(28.2,36.8]",ch_dist,4,136
-0.0354921273366331,age,"(36.8,45.4]",ch_dist,4,136
-0.0420865965967209,age,"(45.4,54]",ch_dist,4,136
-0.0312591131182323,age,"[11,19.6]",ch_dist,4,136
-0.0300686090341437,ci_scorent,100,ch_dist,4,136
-0.0300686090341437,obgyn_10kwra,100,ch_dist,4,136
-0.0245064857950343,nhblack,0,ch_dist,4,136
-0.0345359601000724,nhblack,1,ch_dist,4,136
-0.02065494030414,mcaid_unins,0,ch_dist,4,136
-0.0382745027580284,mcaid_unins,1,ch_dist,4,136
-0.0302576110053143,hispanic,0,ch_dist,4,136
-0.0282540512846947,hispanic,1,ch_dist,4,136
0.147910530762534,overall,,ch_peri,4,136
0.141677805681785,age,"(19.6,28.2]",ch_peri,4,136
0.147544836495375,age,"(28.2,36.8]",ch_peri,4,136
0.197717316057465,age,"(36.8,45.4]",ch_peri,4,136
0.173166697272258,age,"(45.4,54]",ch_peri,4,136
0.155351423461484,age,"[11,19.6]",ch_peri,4,136
0.147910530762534,ci_scorent,100,ch_peri,4,136
0.147910530762534,obgyn_10kwra,100,ch_peri,4,136
0.0747223771507113,nhblack,0,ch_peri,4,136
0.19786616758297,nhblack,1,ch_peri,4,136
0.114650426140137,mcaid_unins,0,ch_peri,4,136
0.176903359340278,mcaid_unins,1,ch_peri,4,136
0.137600827904506,hispanic,0,ch_peri,4,136
0.246891250908939,hispanic,1,ch_peri,4,136
,overall,,ch_teach,4,136
-0.0340502190886571,overall,,ch_csection,4,136
-0.0382730596074199,age,"(19.6,28.2]",ch_csection,4,136
-0.0228165445706769,age,"(28.2,36.8]",ch_csection,4,136
-0.0277587274930451,age,"(36.8,45.4]",ch_csection,4,136
-0.0451964278525547,age,"(45.4,54]",ch_csection,4,136
-0.0608474599270082,age,"[11,19.6]",ch_csection,4,136
-0.0340502190886571,ci_scorent,100,ch_csection,4,136
-0.0340502190886571,obgyn_10kwra,100,ch_csection,4,136
-0.0246552072104345,nhblack,0,ch_csection,4,136
-0.0586998119443692,nhblack,1,ch_csection,4,136
0.0230714087626508,mcaid_unins,0,ch_csection,4,136
-0.0838431341494081,mcaid_unins,1,ch_csection,4,136
-0.0408186301864972,hispanic,0,ch_csection,4,136
0.0309314990012566,hispanic,1,ch_csection,4,136
