mean,group_var,bin,outcome,mkt,boot_rep
-0.0296420652402927,overall,,ch_dist,4,15
-0.0280594610015452,age,"(19.6,28.2]",ch_dist,4,15
-0.0310255938208571,age,"(28.2,36.8]",ch_dist,4,15
-0.0379555747088361,age,"(36.8,45.4]",ch_dist,4,15
-0.0466136308576431,age,"(45.4,54]",ch_dist,4,15
-0.0278036368201819,age,"[11,19.6]",ch_dist,4,15
-0.0296420652402927,ci_scorent,100,ch_dist,4,15
-0.0296420652402927,obgyn_10kwra,100,ch_dist,4,15
-0.0260657132846009,nhblack,0,ch_dist,4,15
-0.0332472374709503,nhblack,1,ch_dist,4,15
-0.0198542909376682,mcaid_unins,0,ch_dist,4,15
-0.038006931404332,mcaid_unins,1,ch_dist,4,15
-0.0299889815968115,hispanic,0,ch_dist,4,15
-0.0262424704631773,hispanic,1,ch_dist,4,15
0.146905540152221,overall,,ch_peri,4,15
0.140913006063286,age,"(19.6,28.2]",ch_peri,4,15
0.144085621187865,age,"(28.2,36.8]",ch_peri,4,15
0.20419330865441,age,"(36.8,45.4]",ch_peri,4,15
0.189755826520054,age,"(45.4,54]",ch_peri,4,15
0.158819540261895,age,"[11,19.6]",ch_peri,4,15
0.146905540152221,ci_scorent,100,ch_peri,4,15
0.146905540152221,obgyn_10kwra,100,ch_peri,4,15
0.0843640990405414,nhblack,0,ch_peri,4,15
0.188938556900549,nhblack,1,ch_peri,4,15
0.119058961085043,mcaid_unins,0,ch_peri,4,15
0.170703893058747,mcaid_unins,1,ch_peri,4,15
0.137931681103663,hispanic,0,ch_peri,4,15
0.234844559972988,hispanic,1,ch_peri,4,15
,overall,,ch_teach,4,15
-0.0334818495502878,overall,,ch_csection,4,15
-0.0378609421930016,age,"(19.6,28.2]",ch_csection,4,15
-0.0222554809359335,age,"(28.2,36.8]",ch_csection,4,15
-0.0311906097331301,age,"(36.8,45.4]",ch_csection,4,15
-0.0570804434799471,age,"(45.4,54]",ch_csection,4,15
-0.0580258104374001,age,"[11,19.6]",ch_csection,4,15
-0.0334818495502878,ci_scorent,100,ch_csection,4,15
-0.0334818495502878,obgyn_10kwra,100,ch_csection,4,15
-0.0199740236275592,nhblack,0,ch_csection,4,15
-0.0606601116188184,nhblack,1,ch_csection,4,15
0.0249535528819096,mcaid_unins,0,ch_csection,4,15
-0.0834221429687862,mcaid_unins,1,ch_csection,4,15
-0.0389906306672977,hispanic,0,ch_csection,4,15
0.0205012595241538,hispanic,1,ch_csection,4,15
