mean,group_var,bin,outcome,mkt,boot_rep
-0.0264953921457975,overall,,ch_dist,4,123
-0.0253723088897813,age,"(19.6,28.2]",ch_dist,4,123
-0.0271283795920809,age,"(28.2,36.8]",ch_dist,4,123
-0.0317214285063036,age,"(36.8,45.4]",ch_dist,4,123
-0.0303211116525095,age,"(45.4,54]",ch_dist,4,123
-0.0271416185345188,age,"[11,19.6]",ch_dist,4,123
-0.0264953921457975,ci_scorent,100,ch_dist,4,123
-0.0264953921457975,obgyn_10kwra,100,ch_dist,4,123
-0.0231543706410126,nhblack,0,ch_dist,4,123
-0.0286103940403136,nhblack,1,ch_dist,4,123
-0.0155788684906312,mcaid_unins,0,ch_dist,4,123
-0.0357864130589571,mcaid_unins,1,ch_dist,4,123
-0.0265084952938708,hispanic,0,ch_dist,4,123
-0.0263698741617875,hispanic,1,ch_dist,4,123
0.150473821728235,overall,,ch_peri,4,123
0.144078591947383,age,"(19.6,28.2]",ch_peri,4,123
0.147669144658152,age,"(28.2,36.8]",ch_peri,4,123
0.198964775852081,age,"(36.8,45.4]",ch_peri,4,123
0.235092103867376,age,"(45.4,54]",ch_peri,4,123
0.168656256593264,age,"[11,19.6]",ch_peri,4,123
0.150473821728235,ci_scorent,100,ch_peri,4,123
0.150473821728235,obgyn_10kwra,100,ch_peri,4,123
0.0770348927879179,nhblack,0,ch_peri,4,123
0.20211231700424,nhblack,1,ch_peri,4,123
0.115130243493867,mcaid_unins,0,ch_peri,4,123
0.180554636362479,mcaid_unins,1,ch_peri,4,123
0.141077298743802,hispanic,0,ch_peri,4,123
0.24048521556337,hispanic,1,ch_peri,4,123
,overall,,ch_teach,4,123
-0.0358429252994897,overall,,ch_csection,4,123
-0.0390834988353021,age,"(19.6,28.2]",ch_csection,4,123
-0.0264204299334624,age,"(28.2,36.8]",ch_csection,4,123
-0.0345477291897721,age,"(36.8,45.4]",ch_csection,4,123
-0.0320615468638866,age,"(45.4,54]",ch_csection,4,123
-0.0592879013540532,age,"[11,19.6]",ch_csection,4,123
-0.0358429252994897,ci_scorent,100,ch_csection,4,123
-0.0358429252994897,obgyn_10kwra,100,ch_csection,4,123
-0.0249100606677487,nhblack,0,ch_csection,4,123
-0.0605602275616661,nhblack,1,ch_csection,4,123
0.0201323969427158,mcaid_unins,0,ch_csection,4,123
-0.0834833560814128,mcaid_unins,1,ch_csection,4,123
-0.0419334361143746,hispanic,0,ch_csection,4,123
0.0224994390542182,hispanic,1,ch_csection,4,123
