mean,group_var,bin,outcome,mkt,boot_rep
-0.0284567347813312,overall,,ch_dist,4,30
-0.0275213837602584,age,"(19.6,28.2]",ch_dist,4,30
-0.0287939360513689,age,"(28.2,36.8]",ch_dist,4,30
-0.0336015145001587,age,"(36.8,45.4]",ch_dist,4,30
-0.0370762101025804,age,"(45.4,54]",ch_dist,4,30
-0.0295037656989355,age,"[11,19.6]",ch_dist,4,30
-0.0284567347813312,ci_scorent,100,ch_dist,4,30
-0.0284567347813312,obgyn_10kwra,100,ch_dist,4,30
-0.0238839532565845,nhblack,0,ch_dist,4,30
-0.0329558286493509,nhblack,1,ch_dist,4,30
-0.0178814767707738,mcaid_unins,0,ch_dist,4,30
-0.0376026927801219,mcaid_unins,1,ch_dist,4,30
-0.0290156566642568,hispanic,0,ch_dist,4,30
-0.0230577558541796,hispanic,1,ch_dist,4,30
0.152075056843609,overall,,ch_peri,4,30
0.142844872696161,age,"(19.6,28.2]",ch_peri,4,30
0.152736334256028,age,"(28.2,36.8]",ch_peri,4,30
0.216802309755206,age,"(36.8,45.4]",ch_peri,4,30
0.224432075937568,age,"(45.4,54]",ch_peri,4,30
0.163624844729446,age,"[11,19.6]",ch_peri,4,30
0.152075056843609,ci_scorent,100,ch_peri,4,30
0.152075056843609,obgyn_10kwra,100,ch_peri,4,30
0.0821191800489756,nhblack,0,ch_peri,4,30
0.194334500335806,nhblack,1,ch_peri,4,30
0.121649442043202,mcaid_unins,0,ch_peri,4,30
0.178388494754449,mcaid_unins,1,ch_peri,4,30
0.141344200746911,hispanic,0,ch_peri,4,30
0.255731162833086,hispanic,1,ch_peri,4,30
,overall,,ch_teach,4,30
-0.0345447900477236,overall,,ch_csection,4,30
-0.0386925529917782,age,"(19.6,28.2]",ch_csection,4,30
-0.0236357301744022,age,"(28.2,36.8]",ch_csection,4,30
-0.0318468209317183,age,"(36.8,45.4]",ch_csection,4,30
-0.0162816520856782,age,"(45.4,54]",ch_csection,4,30
-0.0588756101695772,age,"[11,19.6]",ch_csection,4,30
-0.0345447900477236,ci_scorent,100,ch_csection,4,30
-0.0345447900477236,obgyn_10kwra,100,ch_csection,4,30
-0.0221818068196274,nhblack,0,ch_csection,4,30
-0.062967312799952,nhblack,1,ch_csection,4,30
0.0218283788770009,mcaid_unins,0,ch_csection,4,30
-0.0832988379139367,mcaid_unins,1,ch_csection,4,30
-0.0414065157655023,hispanic,0,ch_csection,4,30
0.0317369457116109,hispanic,1,ch_csection,4,30
