mean,group_var,bin,outcome,mkt,boot_rep
-0.0284520479423864,overall,,ch_dist,4,108
-0.0278615898365704,age,"(19.6,28.2]",ch_dist,4,108
-0.0281471933229137,age,"(28.2,36.8]",ch_dist,4,108
-0.0332007406603793,age,"(36.8,45.4]",ch_dist,4,108
-0.043912224980511,age,"(45.4,54]",ch_dist,4,108
-0.0305276311840963,age,"[11,19.6]",ch_dist,4,108
-0.0284520479423864,ci_scorent,100,ch_dist,4,108
-0.0284520479423864,obgyn_10kwra,100,ch_dist,4,108
-0.0242284329392167,nhblack,0,ch_dist,4,108
-0.0316851119658644,nhblack,1,ch_dist,4,108
-0.0174447905078565,mcaid_unins,0,ch_dist,4,108
-0.0377568925404237,mcaid_unins,1,ch_dist,4,108
-0.0286762841972786,hispanic,0,ch_dist,4,108
-0.0262712310889561,hispanic,1,ch_dist,4,108
0.147735420680642,overall,,ch_peri,4,108
0.137539838504701,age,"(19.6,28.2]",ch_peri,4,108
0.149849404918799,age,"(28.2,36.8]",ch_peri,4,108
0.21835545491602,age,"(36.8,45.4]",ch_peri,4,108
0.186311751129493,age,"(45.4,54]",ch_peri,4,108
0.154849092226403,age,"[11,19.6]",ch_peri,4,108
0.147735420680642,ci_scorent,100,ch_peri,4,108
0.147735420680642,obgyn_10kwra,100,ch_peri,4,108
0.0741297173601599,nhblack,0,ch_peri,4,108
0.198652811707623,nhblack,1,ch_peri,4,108
0.111807268448384,mcaid_unins,0,ch_peri,4,108
0.178106825656332,mcaid_unins,1,ch_peri,4,108
0.137109838012889,hispanic,0,ch_peri,4,108
0.251074864030212,hispanic,1,ch_peri,4,108
,overall,,ch_teach,4,108
-0.0327189268617495,overall,,ch_csection,4,108
-0.0367720562385092,age,"(19.6,28.2]",ch_csection,4,108
-0.0219977255523852,age,"(28.2,36.8]",ch_csection,4,108
-0.0333760387187172,age,"(36.8,45.4]",ch_csection,4,108
-0.0605676192067489,age,"(45.4,54]",ch_csection,4,108
-0.0572175207220037,age,"[11,19.6]",ch_csection,4,108
-0.0327189268617495,ci_scorent,100,ch_csection,4,108
-0.0327189268617495,obgyn_10kwra,100,ch_csection,4,108
-0.0222160600926927,nhblack,0,ch_csection,4,108
-0.0586576909613102,nhblack,1,ch_csection,4,108
0.0226332324629543,mcaid_unins,0,ch_csection,4,108
-0.079510168344525,mcaid_unins,1,ch_csection,4,108
-0.0398238009473212,hispanic,0,ch_csection,4,108
0.036379752808779,hispanic,1,ch_csection,4,108
