"variable","mean","se","l_95","u_95"
"ch_dist",-0.0270019659031636,4.83939455301717e-05,-0.0270968180364027,-0.0269071137699244
"ch_peri",0.12917064532488,0.000653268029225694,0.127890239987598,0.130451050662162
"ch_teach",0.100731484508517,0.00054972388754148,0.0996540256889354,0.101808943328098
"ch_csection",0.0251813659248594,0.000216017575141108,0.0247579714775828,0.025604760372136
