"variable","mean","se","l_95","u_95"
"ch_dist",-0.0270019659031636,6.3991368873234e-05,-0.0271273889861551,-0.026876542820172
"ch_peri",0.12917064532488,0.000819421127088971,0.127564579915785,0.130776710733974
"ch_teach",0.100731484508517,0.000677717902236644,0.0994031574201329,0.102059811596901
"ch_csection",0.0251813659248594,0.00028135884464224,0.0246299025893606,0.0257328292603582
