"variable","mean","se","l_95","u_95"
"ch_dist",-0.0269750138309799,4.6778539635251e-05,-0.027066699768665,-0.0268833278932948
"ch_peri",0.128953446415402,0.000643039819685762,0.127693088368818,0.130213804461987
"ch_teach",0.100732069439424,0.000534561669813935,0.0996843285665889,0.10177981031226
"ch_csection",0.0251151424225744,0.000226521315927301,0.0246711606433569,0.025559124201792
