"variable","mean","se","l_95","u_95"
"ch_dist",-0.0270019659031636,5.4958254730861e-05,-0.0271096840824361,-0.0268942477238911
"ch_peri",0.12917064532488,0.000819419186316705,0.127564583719699,0.130776706930061
"ch_teach",0.100731484508517,0.000663167460739752,0.0994316762854668,0.102031292731567
"ch_csection",0.0251813659248594,0.000292068059782669,0.0246089125276854,0.0257538193220334
