mean,group_var,bin,outcome,mkt,boot_rep
-0.00800114026567741,overall,,ch_dist,6,127
-0.00792135473472457,age,"(19.6,28.2]",ch_dist,6,127
-0.00864719116732037,age,"(28.2,36.8]",ch_dist,6,127
-0.00843702043179019,age,"(36.8,45.4]",ch_dist,6,127
-0.0110693339305757,age,"(45.4,54]",ch_dist,6,127
-0.00659528134678338,age,"[11,19.6]",ch_dist,6,127
-0.00800114026567741,ci_scorent,100,ch_dist,6,127
-0.00800114026567741,obgyn_10kwra,100,ch_dist,6,127
-0.00985643591282911,nhblack,0,ch_dist,6,127
-0.00772566622324211,nhblack,1,ch_dist,6,127
-0.0115394429283157,mcaid_unins,0,ch_dist,6,127
-0.00745010607145127,mcaid_unins,1,ch_dist,6,127
-0.009138524118034,hispanic,0,ch_dist,6,127
-0.00171831208376806,hispanic,1,ch_dist,6,127
,overall,,ch_peri,6,127
,overall,,ch_teach,6,127
0.0398354182956923,overall,,ch_csection,6,127
0.0379735759253717,age,"(19.6,28.2]",ch_csection,6,127
0.0429920206346838,age,"(28.2,36.8]",ch_csection,6,127
0.0556163767047471,age,"(36.8,45.4]",ch_csection,6,127
0.0679553869835114,age,"(45.4,54]",ch_csection,6,127
0.0341293456001517,age,"[11,19.6]",ch_csection,6,127
0.0398354182956923,ci_scorent,100,ch_csection,6,127
0.0398354182956923,obgyn_10kwra,100,ch_csection,6,127
0.038581979983048,nhblack,0,ch_csection,6,127
0.0366577842043011,nhblack,1,ch_csection,6,127
0.0194804652097669,mcaid_unins,0,ch_csection,6,127
0.0430053775223715,mcaid_unins,1,ch_csection,6,127
0.0379313233318567,hispanic,0,ch_csection,6,127
0.0503535045820692,hispanic,1,ch_csection,6,127
