mean,group_var,bin,outcome,mkt,boot_rep
-0.00859161215346997,overall,,ch_dist,6,33
-0.00848273275194786,age,"(19.6,28.2]",ch_dist,6,33
-0.00930269287009079,age,"(28.2,36.8]",ch_dist,6,33
-0.00869270285715594,age,"(36.8,45.4]",ch_dist,6,33
-0.0121525536670035,age,"(45.4,54]",ch_dist,6,33
-0.00747867583182083,age,"[11,19.6]",ch_dist,6,33
-0.00859161215346997,ci_scorent,100,ch_dist,6,33
-0.00859161215346997,obgyn_10kwra,100,ch_dist,6,33
-0.0102906464425863,nhblack,0,ch_dist,6,33
-0.00824851525507089,nhblack,1,ch_dist,6,33
-0.0111690580927134,mcaid_unins,0,ch_dist,6,33
-0.00818224629976846,mcaid_unins,1,ch_dist,6,33
-0.00960343247039104,hispanic,0,ch_dist,6,33
-0.00314152321183217,hispanic,1,ch_dist,6,33
,overall,,ch_peri,6,33
,overall,,ch_teach,6,33
0.0426116919464409,overall,,ch_csection,6,33
0.0403895871212041,age,"(19.6,28.2]",ch_csection,6,33
0.047279662514969,age,"(28.2,36.8]",ch_csection,6,33
0.064004677975612,age,"(36.8,45.4]",ch_csection,6,33
0.0912021306143791,age,"(45.4,54]",ch_csection,6,33
0.0342397119792409,age,"[11,19.6]",ch_csection,6,33
0.0426116919464409,ci_scorent,100,ch_csection,6,33
0.0426116919464409,obgyn_10kwra,100,ch_csection,6,33
0.0429844964700105,nhblack,0,ch_csection,6,33
0.0320201579842872,nhblack,1,ch_csection,6,33
0.0168646050053738,mcaid_unins,0,ch_csection,6,33
0.0467010030219822,mcaid_unins,1,ch_csection,6,33
0.039385270830951,hispanic,0,ch_csection,6,33
0.0599905503746909,hispanic,1,ch_csection,6,33
