mean,group_var,bin,outcome,mkt,boot_rep
-0.00840978638264371,overall,,ch_dist,6,126
-0.00852899789843023,age,"(19.6,28.2]",ch_dist,6,126
-0.00865653838199102,age,"(28.2,36.8]",ch_dist,6,126
-0.00666886452977191,age,"(36.8,45.4]",ch_dist,6,126
-0.00657371137801102,age,"(45.4,54]",ch_dist,6,126
-0.0080470093205201,age,"[11,19.6]",ch_dist,6,126
-0.00840978638264371,ci_scorent,100,ch_dist,6,126
-0.00840978638264371,obgyn_10kwra,100,ch_dist,6,126
-0.00998087350561701,nhblack,0,ch_dist,6,126
-0.00862174778108066,nhblack,1,ch_dist,6,126
-0.0119488810521463,mcaid_unins,0,ch_dist,6,126
-0.00783452436689499,mcaid_unins,1,ch_dist,6,126
-0.00948856669876604,hispanic,0,ch_dist,6,126
-0.00252430575660805,hispanic,1,ch_dist,6,126
,overall,,ch_peri,6,126
,overall,,ch_teach,6,126
0.0297591828706993,overall,,ch_csection,6,126
0.0295674863179349,age,"(19.6,28.2]",ch_csection,6,126
0.0288522203796745,age,"(28.2,36.8]",ch_csection,6,126
0.0342435080693945,age,"(36.8,45.4]",ch_csection,6,126
0.0479711992398204,age,"(45.4,54]",ch_csection,6,126
0.0305738208231556,age,"[11,19.6]",ch_csection,6,126
0.0297591828706993,ci_scorent,100,ch_csection,6,126
0.0297591828706993,obgyn_10kwra,100,ch_csection,6,126
0.0304377692131804,nhblack,0,ch_csection,6,126
0.0216624486998072,nhblack,1,ch_csection,6,126
-0.00771108764654326,mcaid_unins,0,ch_csection,6,126
0.0358497866440731,mcaid_unins,1,ch_csection,6,126
0.0281488953937057,hispanic,0,ch_csection,6,126
0.0385443966964947,hispanic,1,ch_csection,6,126
