mean,group_var,bin,outcome,mkt,boot_rep
-0.00835733645464824,overall,,ch_dist,6,106
-0.00848174824503071,age,"(19.6,28.2]",ch_dist,6,106
-0.00846708212875863,age,"(28.2,36.8]",ch_dist,6,106
-0.00736088814115631,age,"(36.8,45.4]",ch_dist,6,106
-0.00794255049984957,age,"(45.4,54]",ch_dist,6,106
-0.00793786825477248,age,"[11,19.6]",ch_dist,6,106
-0.00835733645464824,ci_scorent,100,ch_dist,6,106
-0.00835733645464824,obgyn_10kwra,100,ch_dist,6,106
-0.0102904213037376,nhblack,0,ch_dist,6,106
-0.00748335867226246,nhblack,1,ch_dist,6,106
-0.0105633669158836,mcaid_unins,0,ch_dist,6,106
-0.00799891847184528,mcaid_unins,1,ch_dist,6,106
-0.00935702490350377,hispanic,0,ch_dist,6,106
-0.00272703984461962,hispanic,1,ch_dist,6,106
,overall,,ch_peri,6,106
,overall,,ch_teach,6,106
0.0368883661061134,overall,,ch_csection,6,106
0.0363898469147625,age,"(19.6,28.2]",ch_csection,6,106
0.0371720408474352,age,"(28.2,36.8]",ch_csection,6,106
0.0410094207956229,age,"(36.8,45.4]",ch_csection,6,106
0.0565867280778435,age,"(45.4,54]",ch_csection,6,106
0.0363864162167387,age,"[11,19.6]",ch_csection,6,106
0.0368883661061134,ci_scorent,100,ch_csection,6,106
0.0368883661061134,obgyn_10kwra,100,ch_csection,6,106
0.0365494771925959,nhblack,0,ch_csection,6,106
0.0343592995129337,nhblack,1,ch_csection,6,106
0.0123592286064256,mcaid_unins,0,ch_csection,6,106
0.0408736619290964,mcaid_unins,1,ch_csection,6,106
0.035303641964988,hispanic,0,ch_csection,6,106
0.0458136137368364,hispanic,1,ch_csection,6,106
