mean,group_var,bin,outcome,mkt,boot_rep
-0.00803769221586224,overall,,ch_dist,6,16
-0.00791242074417054,age,"(19.6,28.2]",ch_dist,6,16
-0.00888124750804975,age,"(28.2,36.8]",ch_dist,6,16
-0.00891210820777285,age,"(36.8,45.4]",ch_dist,6,16
-0.0117602650029717,age,"(45.4,54]",ch_dist,6,16
-0.00615108225167433,age,"[11,19.6]",ch_dist,6,16
-0.00803769221586224,ci_scorent,100,ch_dist,6,16
-0.00803769221586224,obgyn_10kwra,100,ch_dist,6,16
-0.0102226500301816,nhblack,0,ch_dist,6,16
-0.00640938439990333,nhblack,1,ch_dist,6,16
-0.0117285667698804,mcaid_unins,0,ch_dist,6,16
-0.00743773865117675,mcaid_unins,1,ch_dist,6,16
-0.00905552362821958,hispanic,0,ch_dist,6,16
-0.0025166513537949,hispanic,1,ch_dist,6,16
,overall,,ch_peri,6,16
,overall,,ch_teach,6,16
0.0360292864114689,overall,,ch_csection,6,16
0.0362345048666013,age,"(19.6,28.2]",ch_csection,6,16
0.0344922810334249,age,"(28.2,36.8]",ch_csection,6,16
0.0365539240040722,age,"(36.8,45.4]",ch_csection,6,16
0.0470874373675817,age,"(45.4,54]",ch_csection,6,16
0.0384669974783776,age,"[11,19.6]",ch_csection,6,16
0.0360292864114689,ci_scorent,100,ch_csection,6,16
0.0360292864114689,obgyn_10kwra,100,ch_csection,6,16
0.0319015830262817,nhblack,0,ch_csection,6,16
0.0442731025679912,nhblack,1,ch_csection,6,16
0.016690563992472,mcaid_unins,0,ch_csection,6,16
0.0391728057269951,mcaid_unins,1,ch_csection,6,16
0.034939897164318,hispanic,0,ch_csection,6,16
0.0419384796975037,hispanic,1,ch_csection,6,16
