mean,group_var,bin,outcome,mkt,boot_rep
-0.00855623609049515,overall,,ch_dist,6,70
-0.00866524738588395,age,"(19.6,28.2]",ch_dist,6,70
-0.00880823507329815,age,"(28.2,36.8]",ch_dist,6,70
-0.00814004647797615,age,"(36.8,45.4]",ch_dist,6,70
-0.00975395521016853,age,"(45.4,54]",ch_dist,6,70
-0.00751620310966074,age,"[11,19.6]",ch_dist,6,70
-0.00855623609049515,ci_scorent,100,ch_dist,6,70
-0.00855623609049515,obgyn_10kwra,100,ch_dist,6,70
-0.0102807012671074,nhblack,0,ch_dist,6,70
-0.008654541705514,nhblack,1,ch_dist,6,70
-0.0111099211346213,mcaid_unins,0,ch_dist,6,70
-0.00816467484459392,mcaid_unins,1,ch_dist,6,70
-0.00968468776251223,hispanic,0,ch_dist,6,70
-0.00239412920734572,hispanic,1,ch_dist,6,70
,overall,,ch_peri,6,70
,overall,,ch_teach,6,70
0.0323168875873391,overall,,ch_csection,6,70
0.0329920146449639,age,"(19.6,28.2]",ch_csection,6,70
0.0287633937792073,age,"(28.2,36.8]",ch_csection,6,70
0.0301438857747859,age,"(36.8,45.4]",ch_csection,6,70
0.0458775954960701,age,"(45.4,54]",ch_csection,6,70
0.0388062115924264,age,"[11,19.6]",ch_csection,6,70
0.0323168875873391,ci_scorent,100,ch_csection,6,70
0.0323168875873391,obgyn_10kwra,100,ch_csection,6,70
0.0340625037516286,nhblack,0,ch_csection,6,70
0.0263596873296652,nhblack,1,ch_csection,6,70
0.00222460066511326,mcaid_unins,0,ch_csection,6,70
0.0369309935384181,mcaid_unins,1,ch_csection,6,70
0.0313866907141171,hispanic,0,ch_csection,6,70
0.0373963896141472,hispanic,1,ch_csection,6,70
