mean,group_var,bin,outcome,mkt,boot_rep
-0.00882396012208507,overall,,ch_dist,6,11
-0.00873737243301166,age,"(19.6,28.2]",ch_dist,6,11
-0.00943442104468579,age,"(28.2,36.8]",ch_dist,6,11
-0.00917060845327813,age,"(36.8,45.4]",ch_dist,6,11
-0.0101704787795483,age,"(45.4,54]",ch_dist,6,11
-0.00767497123583272,age,"[11,19.6]",ch_dist,6,11
-0.00882396012208507,ci_scorent,100,ch_dist,6,11
-0.00882396012208507,obgyn_10kwra,100,ch_dist,6,11
-0.0100536184013947,nhblack,0,ch_dist,6,11
-0.00828737055612098,nhblack,1,ch_dist,6,11
-0.012309673766053,mcaid_unins,0,ch_dist,6,11
-0.00830767260231333,mcaid_unins,1,ch_dist,6,11
-0.00943805516297379,hispanic,0,ch_dist,6,11
-0.00536662863067958,hispanic,1,ch_dist,6,11
,overall,,ch_peri,6,11
,overall,,ch_teach,6,11
0.029113431604556,overall,,ch_csection,6,11
0.031395370773644,age,"(19.6,28.2]",ch_csection,6,11
0.0224926707490807,age,"(28.2,36.8]",ch_csection,6,11
0.0208498316581239,age,"(36.8,45.4]",ch_csection,6,11
0.0173859158433956,age,"(45.4,54]",ch_csection,6,11
0.0363464288465397,age,"[11,19.6]",ch_csection,6,11
0.029113431604556,ci_scorent,100,ch_csection,6,11
0.029113431604556,obgyn_10kwra,100,ch_csection,6,11
0.0305630097631176,nhblack,0,ch_csection,6,11
0.0276893398160215,nhblack,1,ch_csection,6,11
0.00255113178859639,mcaid_unins,0,ch_csection,6,11
0.0330477145928179,mcaid_unins,1,ch_csection,6,11
0.0289367208355519,hispanic,0,ch_csection,6,11
0.0301083064461837,hispanic,1,ch_csection,6,11
