mean,group_var,bin,outcome,mkt,boot_rep
-0.00823297545770472,overall,,ch_dist,6,96
-0.00811754897157572,age,"(19.6,28.2]",ch_dist,6,96
-0.00920796925276344,age,"(28.2,36.8]",ch_dist,6,96
-0.00771438527697,age,"(36.8,45.4]",ch_dist,6,96
-0.0109773139329513,age,"(45.4,54]",ch_dist,6,96
-0.00675281046620509,age,"[11,19.6]",ch_dist,6,96
-0.00823297545770472,ci_scorent,100,ch_dist,6,96
-0.00823297545770472,obgyn_10kwra,100,ch_dist,6,96
-0.00981631294380034,nhblack,0,ch_dist,6,96
-0.00810423209064682,nhblack,1,ch_dist,6,96
-0.0120920842204786,mcaid_unins,0,ch_dist,6,96
-0.00762418788156788,mcaid_unins,1,ch_dist,6,96
-0.00925983335026702,hispanic,0,ch_dist,6,96
-0.00305310118190567,hispanic,1,ch_dist,6,96
,overall,,ch_peri,6,96
,overall,,ch_teach,6,96
0.0355850778666071,overall,,ch_csection,6,96
0.0351458309220982,age,"(19.6,28.2]",ch_csection,6,96
0.0345833167650404,age,"(28.2,36.8]",ch_csection,6,96
0.0437085562799205,age,"(36.8,45.4]",ch_csection,6,96
0.0640975522928978,age,"(45.4,54]",ch_csection,6,96
0.0363203475096463,age,"[11,19.6]",ch_csection,6,96
0.0355850778666071,ci_scorent,100,ch_csection,6,96
0.0355850778666071,obgyn_10kwra,100,ch_csection,6,96
0.0315086904077713,nhblack,0,ch_csection,6,96
0.0331317391911478,nhblack,1,ch_csection,6,96
0.00589578055982349,mcaid_unins,0,ch_csection,6,96
0.0402686658284066,mcaid_unins,1,ch_csection,6,96
0.0328015266064555,hispanic,0,ch_csection,6,96
0.0496264030317174,hispanic,1,ch_csection,6,96
