mean,group_var,bin,outcome,mkt,boot_rep
-0.00871417057045071,overall,,ch_dist,6,121
-0.00868755715930904,age,"(19.6,28.2]",ch_dist,6,121
-0.00935567495270999,age,"(28.2,36.8]",ch_dist,6,121
-0.00887632767334173,age,"(36.8,45.4]",ch_dist,6,121
-0.0105899114153425,age,"(45.4,54]",ch_dist,6,121
-0.00710293613307878,age,"[11,19.6]",ch_dist,6,121
-0.00871417057045071,ci_scorent,100,ch_dist,6,121
-0.00871417057045071,obgyn_10kwra,100,ch_dist,6,121
-0.0104783616974547,nhblack,0,ch_dist,6,121
-0.00826013393718311,nhblack,1,ch_dist,6,121
-0.0117508708157479,mcaid_unins,0,ch_dist,6,121
-0.00825457649816001,mcaid_unins,1,ch_dist,6,121
-0.00969803376651405,hispanic,0,ch_dist,6,121
-0.00346850584333694,hispanic,1,ch_dist,6,121
,overall,,ch_peri,6,121
,overall,,ch_teach,6,121
0.0273040471770581,overall,,ch_csection,6,121
0.0270004123827945,age,"(19.6,28.2]",ch_csection,6,121
0.0253971089349192,age,"(28.2,36.8]",ch_csection,6,121
0.0326681116979179,age,"(36.8,45.4]",ch_csection,6,121
0.0355294514865019,age,"(45.4,54]",ch_csection,6,121
0.0309315508290306,age,"[11,19.6]",ch_csection,6,121
0.0273040471770581,ci_scorent,100,ch_csection,6,121
0.0273040471770581,obgyn_10kwra,100,ch_csection,6,121
0.0240220219016361,nhblack,0,ch_csection,6,121
0.0280702151919683,nhblack,1,ch_csection,6,121
0.00239523763834497,mcaid_unins,0,ch_csection,6,121
0.031073909292866,mcaid_unins,1,ch_csection,6,121
0.0249742225165573,hispanic,0,ch_csection,6,121
0.0397259764563006,hispanic,1,ch_csection,6,121
