mean,group_var,bin,outcome,mkt,boot_rep
-0.00835896687911016,overall,,ch_dist,6,52
-0.00826608998181957,age,"(19.6,28.2]",ch_dist,6,52
-0.00895248011945627,age,"(28.2,36.8]",ch_dist,6,52
-0.00793130771643472,age,"(36.8,45.4]",ch_dist,6,52
-0.00952348644096962,age,"(45.4,54]",ch_dist,6,52
-0.00757802536551473,age,"[11,19.6]",ch_dist,6,52
-0.00835896687911016,ci_scorent,100,ch_dist,6,52
-0.00835896687911016,obgyn_10kwra,100,ch_dist,6,52
-0.010396684483041,nhblack,0,ch_dist,6,52
-0.00718109010082563,nhblack,1,ch_dist,6,52
-0.0116257828974312,mcaid_unins,0,ch_dist,6,52
-0.00786141574205124,mcaid_unins,1,ch_dist,6,52
-0.00929057648889815,hispanic,0,ch_dist,6,52
-0.00306179130717607,hispanic,1,ch_dist,6,52
,overall,,ch_peri,6,52
,overall,,ch_teach,6,52
0.034764951727607,overall,,ch_csection,6,52
0.034222934388022,age,"(19.6,28.2]",ch_csection,6,52
0.0348647307382063,age,"(28.2,36.8]",ch_csection,6,52
0.0453279738667354,age,"(36.8,45.4]",ch_csection,6,52
0.0627163492402348,age,"(45.4,54]",ch_csection,6,52
0.032483784731774,age,"[11,19.6]",ch_csection,6,52
0.034764951727607,ci_scorent,100,ch_csection,6,52
0.034764951727607,obgyn_10kwra,100,ch_csection,6,52
0.0311416018668928,nhblack,0,ch_csection,6,52
0.0392729851841934,nhblack,1,ch_csection,6,52
0.00149985433079432,mcaid_unins,0,ch_csection,6,52
0.0398313793872417,mcaid_unins,1,ch_csection,6,52
0.0333614153701153,hispanic,0,ch_csection,6,52
0.0427455247370652,hispanic,1,ch_csection,6,52
