mean,group_var,bin,outcome,mkt,boot_rep
-0.00828686776976356,overall,,ch_dist,6,46
-0.00827225307941966,age,"(19.6,28.2]",ch_dist,6,46
-0.00881707059643643,age,"(28.2,36.8]",ch_dist,6,46
-0.00798336194759144,age,"(36.8,45.4]",ch_dist,6,46
-0.010335838396295,age,"(45.4,54]",ch_dist,6,46
-0.0072218541814627,age,"[11,19.6]",ch_dist,6,46
-0.00828686776976356,ci_scorent,100,ch_dist,6,46
-0.00828686776976356,obgyn_10kwra,100,ch_dist,6,46
-0.010317164489934,nhblack,0,ch_dist,6,46
-0.00727566672474199,nhblack,1,ch_dist,6,46
-0.012104272982302,mcaid_unins,0,ch_dist,6,46
-0.00773246931516422,mcaid_unins,1,ch_dist,6,46
-0.00932999307901258,hispanic,0,ch_dist,6,46
-0.00241193253446747,hispanic,1,ch_dist,6,46
,overall,,ch_peri,6,46
,overall,,ch_teach,6,46
0.0378848944898715,overall,,ch_csection,6,46
0.0381482854314357,age,"(19.6,28.2]",ch_csection,6,46
0.0349689382599079,age,"(28.2,36.8]",ch_csection,6,46
0.0402655484026518,age,"(36.8,45.4]",ch_csection,6,46
0.0392065167490964,age,"(45.4,54]",ch_csection,6,46
0.0422909061086785,age,"[11,19.6]",ch_csection,6,46
0.0378848944898715,ci_scorent,100,ch_csection,6,46
0.0378848944898715,obgyn_10kwra,100,ch_csection,6,46
0.0325926425901271,nhblack,0,ch_csection,6,46
0.0348253972853636,nhblack,1,ch_csection,6,46
0.00748382742087717,mcaid_unins,0,ch_csection,6,46
0.0423000151445672,mcaid_unins,1,ch_csection,6,46
0.033121256651171,hispanic,0,ch_csection,6,46
0.0647139470865526,hispanic,1,ch_csection,6,46
