mean,group_var,bin,outcome,mkt,boot_rep
-0.00874162958834937,overall,,ch_dist,6,118
-0.00874771363473569,age,"(19.6,28.2]",ch_dist,6,118
-0.00912009453775545,age,"(28.2,36.8]",ch_dist,6,118
-0.00867302485707332,age,"(36.8,45.4]",ch_dist,6,118
-0.00909539433907118,age,"(45.4,54]",ch_dist,6,118
-0.00777963160557838,age,"[11,19.6]",ch_dist,6,118
-0.00874162958834937,ci_scorent,100,ch_dist,6,118
-0.00874162958834937,obgyn_10kwra,100,ch_dist,6,118
-0.0101643647376456,nhblack,0,ch_dist,6,118
-0.00851866228367712,nhblack,1,ch_dist,6,118
-0.0123901239450355,mcaid_unins,0,ch_dist,6,118
-0.0081572493318461,mcaid_unins,1,ch_dist,6,118
-0.00960112111679809,hispanic,0,ch_dist,6,118
-0.00391618289733969,hispanic,1,ch_dist,6,118
,overall,,ch_peri,6,118
,overall,,ch_teach,6,118
0.0391665557335002,overall,,ch_csection,6,118
0.0376252396566976,age,"(19.6,28.2]",ch_csection,6,118
0.0410395437309035,age,"(28.2,36.8]",ch_csection,6,118
0.0516727343699531,age,"(36.8,45.4]",ch_csection,6,118
0.0774524881072144,age,"(45.4,54]",ch_csection,6,118
0.0358466980295974,age,"[11,19.6]",ch_csection,6,118
0.0391665557335002,ci_scorent,100,ch_csection,6,118
0.0391665557335002,obgyn_10kwra,100,ch_csection,6,118
0.0390581245814132,nhblack,0,ch_csection,6,118
0.0351290637300964,nhblack,1,ch_csection,6,118
0.00336529845243244,mcaid_unins,0,ch_csection,6,118
0.0449008520946031,mcaid_unins,1,ch_csection,6,118
0.0374517639546426,hispanic,0,ch_csection,6,118
0.0487939180066268,hispanic,1,ch_csection,6,118
