mean,group_var,bin,outcome,mkt,boot_rep
-0.00846776499371704,overall,,ch_dist,6,147
-0.0082868359667179,age,"(19.6,28.2]",ch_dist,6,147
-0.00942018981946853,age,"(28.2,36.8]",ch_dist,6,147
-0.009275452913003,age,"(36.8,45.4]",ch_dist,6,147
-0.0106165693632718,age,"(45.4,54]",ch_dist,6,147
-0.00668942603449635,age,"[11,19.6]",ch_dist,6,147
-0.00846776499371704,ci_scorent,100,ch_dist,6,147
-0.00846776499371704,obgyn_10kwra,100,ch_dist,6,147
-0.0100381661507276,nhblack,0,ch_dist,6,147
-0.00853996954499988,nhblack,1,ch_dist,6,147
-0.0119602715504548,mcaid_unins,0,ch_dist,6,147
-0.00793345199239632,mcaid_unins,1,ch_dist,6,147
-0.00961349162034868,hispanic,0,ch_dist,6,147
-0.00219067625733418,hispanic,1,ch_dist,6,147
,overall,,ch_peri,6,147
,overall,,ch_teach,6,147
0.0381746964883846,overall,,ch_csection,6,147
0.0372034009684418,age,"(19.6,28.2]",ch_csection,6,147
0.0394947599871966,age,"(28.2,36.8]",ch_csection,6,147
0.0474955704699454,age,"(36.8,45.4]",ch_csection,6,147
0.0629520934049189,age,"(45.4,54]",ch_csection,6,147
0.0354552244636176,age,"[11,19.6]",ch_csection,6,147
0.0381746964883846,ci_scorent,100,ch_csection,6,147
0.0381746964883846,obgyn_10kwra,100,ch_csection,6,147
0.0382036750976117,nhblack,0,ch_csection,6,147
0.0315457754001319,nhblack,1,ch_csection,6,147
0.0108216063647227,mcaid_unins,0,ch_csection,6,147
0.0423594020693017,mcaid_unins,1,ch_csection,6,147
0.0362756958221882,hispanic,0,ch_csection,6,147
0.0485787452510548,hispanic,1,ch_csection,6,147
