mean,group_var,bin,outcome,mkt,boot_rep
-0.00845725140345629,overall,,ch_dist,6,72
-0.00844822922019311,age,"(19.6,28.2]",ch_dist,6,72
-0.00874666108086724,age,"(28.2,36.8]",ch_dist,6,72
-0.00853214994736119,age,"(36.8,45.4]",ch_dist,6,72
-0.00965929717948631,age,"(45.4,54]",ch_dist,6,72
-0.00770988685646145,age,"[11,19.6]",ch_dist,6,72
-0.00845725140345629,ci_scorent,100,ch_dist,6,72
-0.00845725140345629,obgyn_10kwra,100,ch_dist,6,72
-0.00984646583945125,nhblack,0,ch_dist,6,72
-0.00771985193609458,nhblack,1,ch_dist,6,72
-0.0115260486228166,mcaid_unins,0,ch_dist,6,72
-0.00799273686547354,mcaid_unins,1,ch_dist,6,72
-0.00920505977767492,hispanic,0,ch_dist,6,72
-0.00404707392088061,hispanic,1,ch_dist,6,72
,overall,,ch_peri,6,72
,overall,,ch_teach,6,72
0.0321559835479992,overall,,ch_csection,6,72
0.030482715734877,age,"(19.6,28.2]",ch_csection,6,72
0.0351511195643824,age,"(28.2,36.8]",ch_csection,6,72
0.0464817944745335,age,"(36.8,45.4]",ch_csection,6,72
0.0678646438712126,age,"(45.4,54]",ch_csection,6,72
0.0259992314855379,age,"[11,19.6]",ch_csection,6,72
0.0321559835479992,ci_scorent,100,ch_csection,6,72
0.0321559835479992,obgyn_10kwra,100,ch_csection,6,72
0.0315236025438715,nhblack,0,ch_csection,6,72
0.0345316778264785,nhblack,1,ch_csection,6,72
0.000712449546998282,mcaid_unins,0,ch_csection,6,72
0.036915496029591,mcaid_unins,1,ch_csection,6,72
0.0320206267395794,hispanic,0,ch_csection,6,72
0.0329542462703581,hispanic,1,ch_csection,6,72
