mean,group_var,bin,outcome,mkt,boot_rep
-0.0089583235909662,overall,,ch_dist,6,55
-0.00894779101894986,age,"(19.6,28.2]",ch_dist,6,55
-0.00943081325511974,age,"(28.2,36.8]",ch_dist,6,55
-0.00872921292776415,age,"(36.8,45.4]",ch_dist,6,55
-0.00819298999266893,age,"(45.4,54]",ch_dist,6,55
-0.00797201547491103,age,"[11,19.6]",ch_dist,6,55
-0.0089583235909662,ci_scorent,100,ch_dist,6,55
-0.0089583235909662,obgyn_10kwra,100,ch_dist,6,55
-0.0107886494374608,nhblack,0,ch_dist,6,55
-0.00853437657837579,nhblack,1,ch_dist,6,55
-0.0117338975282455,mcaid_unins,0,ch_dist,6,55
-0.00851181551086091,mcaid_unins,1,ch_dist,6,55
-0.010106492890906,hispanic,0,ch_dist,6,55
-0.00253881396365959,hispanic,1,ch_dist,6,55
,overall,,ch_peri,6,55
,overall,,ch_teach,6,55
0.0350429396442497,overall,,ch_csection,6,55
0.0339458846922987,age,"(19.6,28.2]",ch_csection,6,55
0.0367437279642786,age,"(28.2,36.8]",ch_csection,6,55
0.0432175627561473,age,"(36.8,45.4]",ch_csection,6,55
0.0561184443409944,age,"(45.4,54]",ch_csection,6,55
0.0323246865502026,age,"[11,19.6]",ch_csection,6,55
0.0350429396442497,ci_scorent,100,ch_csection,6,55
0.0350429396442497,obgyn_10kwra,100,ch_csection,6,55
0.0354306322408766,nhblack,0,ch_csection,6,55
0.0263479132888649,nhblack,1,ch_csection,6,55
0.0148472560194438,mcaid_unins,0,ch_csection,6,55
0.038291830189232,mcaid_unins,1,ch_csection,6,55
0.0327476912992722,hispanic,0,ch_csection,6,55
0.0478758631934298,hispanic,1,ch_csection,6,55
