mean,group_var,bin,outcome,mkt,boot_rep
-0.00878907674085444,overall,,ch_dist,6,41
-0.00862685382448374,age,"(19.6,28.2]",ch_dist,6,41
-0.00967964757747632,age,"(28.2,36.8]",ch_dist,6,41
-0.00931417972451286,age,"(36.8,45.4]",ch_dist,6,41
-0.0105457510681312,age,"(45.4,54]",ch_dist,6,41
-0.00723883472208667,age,"[11,19.6]",ch_dist,6,41
-0.00878907674085444,ci_scorent,100,ch_dist,6,41
-0.00878907674085444,obgyn_10kwra,100,ch_dist,6,41
-0.0105738623994932,nhblack,0,ch_dist,6,41
-0.0085293981333404,nhblack,1,ch_dist,6,41
-0.0122473387195356,mcaid_unins,0,ch_dist,6,41
-0.00823810727815114,mcaid_unins,1,ch_dist,6,41
-0.00982236086799026,hispanic,0,ch_dist,6,41
-0.00313890885464356,hispanic,1,ch_dist,6,41
,overall,,ch_peri,6,41
,overall,,ch_teach,6,41
0.0355164047135969,overall,,ch_csection,6,41
0.0351300467081223,age,"(19.6,28.2]",ch_csection,6,41
0.0346949840001643,age,"(28.2,36.8]",ch_csection,6,41
0.0427858164758868,age,"(36.8,45.4]",ch_csection,6,41
0.0525235016677951,age,"(45.4,54]",ch_csection,6,41
0.0361621768191183,age,"[11,19.6]",ch_csection,6,41
0.0355164047135969,ci_scorent,100,ch_csection,6,41
0.0355164047135969,obgyn_10kwra,100,ch_csection,6,41
0.0332748940277043,nhblack,0,ch_csection,6,41
0.0318648672001429,nhblack,1,ch_csection,6,41
0.0101328901470236,mcaid_unins,0,ch_csection,6,41
0.0395605001200413,mcaid_unins,1,ch_csection,6,41
0.0320727775566071,hispanic,0,ch_csection,6,41
0.0543467254971362,hispanic,1,ch_csection,6,41
