mean,group_var,bin,outcome,mkt,boot_rep
-0.00891533491964018,overall,,ch_dist,6,6
-0.00892359959760093,age,"(19.6,28.2]",ch_dist,6,6
-0.00920327969039193,age,"(28.2,36.8]",ch_dist,6,6
-0.00895111155633843,age,"(36.8,45.4]",ch_dist,6,6
-0.00998918415999919,age,"(45.4,54]",ch_dist,6,6
-0.00808824029168216,age,"[11,19.6]",ch_dist,6,6
-0.00891533491964018,ci_scorent,100,ch_dist,6,6
-0.00891533491964018,obgyn_10kwra,100,ch_dist,6,6
-0.0104842862598634,nhblack,0,ch_dist,6,6
-0.00866064228863721,nhblack,1,ch_dist,6,6
-0.0122817908833726,mcaid_unins,0,ch_dist,6,6
-0.00838648161405272,mcaid_unins,1,ch_dist,6,6
-0.00981988085594728,hispanic,0,ch_dist,6,6
-0.00383044497589848,hispanic,1,ch_dist,6,6
,overall,,ch_peri,6,6
,overall,,ch_teach,6,6
0.0331754546616165,overall,,ch_csection,6,6
0.0324695683489929,age,"(19.6,28.2]",ch_csection,6,6
0.033788997570229,age,"(28.2,36.8]",ch_csection,6,6
0.0400388417928591,age,"(36.8,45.4]",ch_csection,6,6
0.0583426501381764,age,"(45.4,54]",ch_csection,6,6
0.0320423565763447,age,"[11,19.6]",ch_csection,6,6
0.0331754546616165,ci_scorent,100,ch_csection,6,6
0.0331754546616165,obgyn_10kwra,100,ch_csection,6,6
0.0316409630408449,nhblack,0,ch_csection,6,6
0.0335352637349422,nhblack,1,ch_csection,6,6
0.00539203672351298,mcaid_unins,0,ch_csection,6,6
0.0375400899265297,mcaid_unins,1,ch_csection,6,6
0.0322409292788065,hispanic,0,ch_csection,6,6
0.0384288735654943,hispanic,1,ch_csection,6,6
