mean,group_var,bin,outcome,mkt,boot_rep
-0.00884441345934351,overall,,ch_dist,6,29
-0.00869659741881352,age,"(19.6,28.2]",ch_dist,6,29
-0.00969798402281953,age,"(28.2,36.8]",ch_dist,6,29
-0.00948267453321292,age,"(36.8,45.4]",ch_dist,6,29
-0.0118430076217672,age,"(45.4,54]",ch_dist,6,29
-0.00713471597374647,age,"[11,19.6]",ch_dist,6,29
-0.00884441345934351,ci_scorent,100,ch_dist,6,29
-0.00884441345934351,obgyn_10kwra,100,ch_dist,6,29
-0.0106870328467679,nhblack,0,ch_dist,6,29
-0.00779110535667616,nhblack,1,ch_dist,6,29
-0.0124200963992632,mcaid_unins,0,ch_dist,6,29
-0.00829890281038026,mcaid_unins,1,ch_dist,6,29
-0.00976520617093057,hispanic,0,ch_dist,6,29
-0.00377889677085138,hispanic,1,ch_dist,6,29
,overall,,ch_peri,6,29
,overall,,ch_teach,6,29
0.032298430011427,overall,,ch_csection,6,29
0.0333753532915551,age,"(19.6,28.2]",ch_csection,6,29
0.0277012698079799,age,"(28.2,36.8]",ch_csection,6,29
0.0296163676262077,age,"(36.8,45.4]",ch_csection,6,29
0.0346580210003626,age,"(45.4,54]",ch_csection,6,29
0.0394741437787055,age,"[11,19.6]",ch_csection,6,29
0.032298430011427,ci_scorent,100,ch_csection,6,29
0.032298430011427,obgyn_10kwra,100,ch_csection,6,29
0.0273772380186691,nhblack,0,ch_csection,6,29
0.0339021418186472,nhblack,1,ch_csection,6,29
0.00234460283054066,mcaid_unins,0,ch_csection,6,29
0.0368682232450366,mcaid_unins,1,ch_csection,6,29
0.0287387966842776,hispanic,0,ch_csection,6,29
0.0518808852119134,hispanic,1,ch_csection,6,29
