mean,group_var,bin,outcome,mkt,boot_rep
-0.00897069139161416,overall,,ch_dist,6,37
-0.00917956808587232,age,"(19.6,28.2]",ch_dist,6,37
-0.00895932614082587,age,"(28.2,36.8]",ch_dist,6,37
-0.00840672675860308,age,"(36.8,45.4]",ch_dist,6,37
-0.00925484888377962,age,"(45.4,54]",ch_dist,6,37
-0.00807264798856398,age,"[11,19.6]",ch_dist,6,37
-0.00897069139161416,ci_scorent,100,ch_dist,6,37
-0.00897069139161416,obgyn_10kwra,100,ch_dist,6,37
-0.0108024234994985,nhblack,0,ch_dist,6,37
-0.00832640131760075,nhblack,1,ch_dist,6,37
-0.011679088643324,mcaid_unins,0,ch_dist,6,37
-0.00853438238853413,mcaid_unins,1,ch_dist,6,37
-0.0100674584242454,hispanic,0,ch_dist,6,37
-0.00242846866130227,hispanic,1,ch_dist,6,37
,overall,,ch_peri,6,37
,overall,,ch_teach,6,37
0.0374584778630913,overall,,ch_csection,6,37
0.0351090242618904,age,"(19.6,28.2]",ch_csection,6,37
0.0413597453367939,age,"(28.2,36.8]",ch_csection,6,37
0.0537609804634463,age,"(36.8,45.4]",ch_csection,6,37
0.0803607871283914,age,"(45.4,54]",ch_csection,6,37
0.0323577395496235,age,"[11,19.6]",ch_csection,6,37
0.0374584778630913,ci_scorent,100,ch_csection,6,37
0.0374584778630913,obgyn_10kwra,100,ch_csection,6,37
0.0307896566930848,nhblack,0,ch_csection,6,37
0.0435582919271953,nhblack,1,ch_csection,6,37
0.00473902366283503,mcaid_unins,0,ch_csection,6,37
0.0427294152909092,mcaid_unins,1,ch_csection,6,37
0.034228305059586,hispanic,0,ch_csection,6,37
0.0567264803733679,hispanic,1,ch_csection,6,37
