mean,group_var,bin,outcome,mkt,boot_rep
-0.0085049943936645,overall,,ch_dist,6,113
-0.00844281425529632,age,"(19.6,28.2]",ch_dist,6,113
-0.00908038473059728,age,"(28.2,36.8]",ch_dist,6,113
-0.00883462699352869,age,"(36.8,45.4]",ch_dist,6,113
-0.0102604545413383,age,"(45.4,54]",ch_dist,6,113
-0.00725431051459562,age,"[11,19.6]",ch_dist,6,113
-0.0085049943936645,ci_scorent,100,ch_dist,6,113
-0.0085049943936645,obgyn_10kwra,100,ch_dist,6,113
-0.0102392289058111,nhblack,0,ch_dist,6,113
-0.00765427074332013,nhblack,1,ch_dist,6,113
-0.0108331622453447,mcaid_unins,0,ch_dist,6,113
-0.00814897050907854,mcaid_unins,1,ch_dist,6,113
-0.00939519522696247,hispanic,0,ch_dist,6,113
-0.00346968852192111,hispanic,1,ch_dist,6,113
,overall,,ch_peri,6,113
,overall,,ch_teach,6,113
0.0343833548612,overall,,ch_csection,6,113
0.0338742478069677,age,"(19.6,28.2]",ch_csection,6,113
0.0336404654448296,age,"(28.2,36.8]",ch_csection,6,113
0.0405751493981535,age,"(36.8,45.4]",ch_csection,6,113
0.0460779186930963,age,"(45.4,54]",ch_csection,6,113
0.035913063962206,age,"[11,19.6]",ch_csection,6,113
0.0343833548612,ci_scorent,100,ch_csection,6,113
0.0343833548612,obgyn_10kwra,100,ch_csection,6,113
0.030510304871224,nhblack,0,ch_csection,6,113
0.035436263206603,nhblack,1,ch_csection,6,113
0.0121195885877829,mcaid_unins,0,ch_csection,6,113
0.0377879343671215,mcaid_unins,1,ch_csection,6,113
0.0317708434612044,hispanic,0,ch_csection,6,113
0.0491606876835689,hispanic,1,ch_csection,6,113
