mean,group_var,bin,outcome,mkt,boot_rep
-0.00846948391970257,overall,,ch_dist,6,30
-0.00839938608092752,age,"(19.6,28.2]",ch_dist,6,30
-0.00922018589699173,age,"(28.2,36.8]",ch_dist,6,30
-0.00877187938230869,age,"(36.8,45.4]",ch_dist,6,30
-0.012242442008005,age,"(45.4,54]",ch_dist,6,30
-0.00679276879217905,age,"[11,19.6]",ch_dist,6,30
-0.00846948391970257,ci_scorent,100,ch_dist,6,30
-0.00846948391970257,obgyn_10kwra,100,ch_dist,6,30
-0.0104716664089847,nhblack,0,ch_dist,6,30
-0.00796991853001202,nhblack,1,ch_dist,6,30
-0.0115799593207111,mcaid_unins,0,ch_dist,6,30
-0.00797534834737116,mcaid_unins,1,ch_dist,6,30
-0.00961839313673967,hispanic,0,ch_dist,6,30
-0.00197082753762013,hispanic,1,ch_dist,6,30
,overall,,ch_peri,6,30
,overall,,ch_teach,6,30
0.0350687895661507,overall,,ch_csection,6,30
0.0351441408440621,age,"(19.6,28.2]",ch_csection,6,30
0.0335581142254182,age,"(28.2,36.8]",ch_csection,6,30
0.0399729111324866,age,"(36.8,45.4]",ch_csection,6,30
0.0532269645764269,age,"(45.4,54]",ch_csection,6,30
0.0358331748879035,age,"[11,19.6]",ch_csection,6,30
0.0350687895661507,ci_scorent,100,ch_csection,6,30
0.0350687895661507,obgyn_10kwra,100,ch_csection,6,30
0.0347948089809389,nhblack,0,ch_csection,6,30
0.0305029407955271,nhblack,1,ch_csection,6,30
0.000105147553572148,mcaid_unins,0,ch_csection,6,30
0.0406231749990251,mcaid_unins,1,ch_csection,6,30
0.033575220767746,hispanic,0,ch_csection,6,30
0.043516968290718,hispanic,1,ch_csection,6,30
