mean,group_var,bin,outcome,mkt,boot_rep
-0.00873532441862089,overall,,ch_dist,6,47
-0.00862816168954889,age,"(19.6,28.2]",ch_dist,6,47
-0.00942127907814784,age,"(28.2,36.8]",ch_dist,6,47
-0.00894711513203977,age,"(36.8,45.4]",ch_dist,6,47
-0.0106493083436048,age,"(45.4,54]",ch_dist,6,47
-0.00742271896655934,age,"[11,19.6]",ch_dist,6,47
-0.00873532441862089,ci_scorent,100,ch_dist,6,47
-0.00873532441862089,obgyn_10kwra,100,ch_dist,6,47
-0.0101691697109235,nhblack,0,ch_dist,6,47
-0.00864987389578241,nhblack,1,ch_dist,6,47
-0.0117070732968281,mcaid_unins,0,ch_dist,6,47
-0.00828281412639165,mcaid_unins,1,ch_dist,6,47
-0.00963245391655049,hispanic,0,ch_dist,6,47
-0.00392785651939613,hispanic,1,ch_dist,6,47
,overall,,ch_peri,6,47
,overall,,ch_teach,6,47
0.0347503963065776,overall,,ch_csection,6,47
0.0335294645071723,age,"(19.6,28.2]",ch_csection,6,47
0.0362884525256947,age,"(28.2,36.8]",ch_csection,6,47
0.0444187878124277,age,"(36.8,45.4]",ch_csection,6,47
0.0588624262846005,age,"(45.4,54]",ch_csection,6,47
0.0318378942852222,age,"[11,19.6]",ch_csection,6,47
0.0347503963065776,ci_scorent,100,ch_csection,6,47
0.0347503963065776,obgyn_10kwra,100,ch_csection,6,47
0.0311347722067694,nhblack,0,ch_csection,6,47
0.0362569652725499,nhblack,1,ch_csection,6,47
0.0123604388153279,mcaid_unins,0,ch_csection,6,47
0.0381597308844972,mcaid_unins,1,ch_csection,6,47
0.0325980556607168,hispanic,0,ch_csection,6,47
0.0462841922491388,hispanic,1,ch_csection,6,47
