mean,group_var,bin,outcome,mkt,boot_rep
-0.00803388114746553,overall,,ch_dist,6,76
-0.00800187550625655,age,"(19.6,28.2]",ch_dist,6,76
-0.00854110714233599,age,"(28.2,36.8]",ch_dist,6,76
-0.0081333406323456,age,"(36.8,45.4]",ch_dist,6,76
-0.00875240961097074,age,"(45.4,54]",ch_dist,6,76
-0.00684707822920911,age,"[11,19.6]",ch_dist,6,76
-0.00803388114746553,ci_scorent,100,ch_dist,6,76
-0.00803388114746553,obgyn_10kwra,100,ch_dist,6,76
-0.00993220026108318,nhblack,0,ch_dist,6,76
-0.00711838687786388,nhblack,1,ch_dist,6,76
-0.0117242003333658,mcaid_unins,0,ch_dist,6,76
-0.00746221116643543,mcaid_unins,1,ch_dist,6,76
-0.00906597442776325,hispanic,0,ch_dist,6,76
-0.00218446588103591,hispanic,1,ch_dist,6,76
,overall,,ch_peri,6,76
,overall,,ch_teach,6,76
0.0353200768346576,overall,,ch_csection,6,76
0.0348167223911788,age,"(19.6,28.2]",ch_csection,6,76
0.0350783477796759,age,"(28.2,36.8]",ch_csection,6,76
0.0407023948137231,age,"(36.8,45.4]",ch_csection,6,76
0.052990654729242,age,"(45.4,54]",ch_csection,6,76
0.0361161603518067,age,"[11,19.6]",ch_csection,6,76
0.0353200768346576,ci_scorent,100,ch_csection,6,76
0.0353200768346576,obgyn_10kwra,100,ch_csection,6,76
0.0311820614142718,nhblack,0,ch_csection,6,76
0.0326601344811398,nhblack,1,ch_csection,6,76
0.00601831111300558,mcaid_unins,0,ch_csection,6,76
0.0398592342924314,mcaid_unins,1,ch_csection,6,76
0.0320523603202279,hispanic,0,ch_csection,6,76
0.0538399443996855,hispanic,1,ch_csection,6,76
