mean,group_var,bin,outcome,mkt,boot_rep
-0.00853356179474643,overall,,ch_dist,6,42
-0.00856034283897643,age,"(19.6,28.2]",ch_dist,6,42
-0.00884859114297814,age,"(28.2,36.8]",ch_dist,6,42
-0.00792013689686504,age,"(36.8,45.4]",ch_dist,6,42
-0.0076146659934476,age,"(45.4,54]",ch_dist,6,42
-0.0079661198998784,age,"[11,19.6]",ch_dist,6,42
-0.00853356179474643,ci_scorent,100,ch_dist,6,42
-0.00853356179474643,obgyn_10kwra,100,ch_dist,6,42
-0.0102625278472898,nhblack,0,ch_dist,6,42
-0.00819805094875309,nhblack,1,ch_dist,6,42
-0.0122635203349829,mcaid_unins,0,ch_dist,6,42
-0.00793864009209223,mcaid_unins,1,ch_dist,6,42
-0.00955862185490056,hispanic,0,ch_dist,6,42
-0.00302449516603632,hispanic,1,ch_dist,6,42
,overall,,ch_peri,6,42
,overall,,ch_teach,6,42
0.0389765736746851,overall,,ch_csection,6,42
0.0388734317736034,age,"(19.6,28.2]",ch_csection,6,42
0.0376092905106285,age,"(28.2,36.8]",ch_csection,6,42
0.0428992585215751,age,"(36.8,45.4]",ch_csection,6,42
0.0556318115595321,age,"(45.4,54]",ch_csection,6,42
0.0404744899806231,age,"[11,19.6]",ch_csection,6,42
0.0389765736746851,ci_scorent,100,ch_csection,6,42
0.0389765736746851,obgyn_10kwra,100,ch_csection,6,42
0.0378933327541202,nhblack,0,ch_csection,6,42
0.0362070337833792,nhblack,1,ch_csection,6,42
0.0166247108419093,mcaid_unins,0,ch_csection,6,42
0.042541655739411,mcaid_unins,1,ch_csection,6,42
0.0367793556462098,hispanic,0,ch_csection,6,42
0.0507852676109733,hispanic,1,ch_csection,6,42
