mean,group_var,bin,outcome,mkt,boot_rep
-0.00794664918904137,overall,,ch_dist,6,78
-0.00794494082643372,age,"(19.6,28.2]",ch_dist,6,78
-0.00825711881127035,age,"(28.2,36.8]",ch_dist,6,78
-0.00755047476133867,age,"(36.8,45.4]",ch_dist,6,78
-0.00726847120485498,age,"(45.4,54]",ch_dist,6,78
-0.00734491990654841,age,"[11,19.6]",ch_dist,6,78
-0.00794664918904137,ci_scorent,100,ch_dist,6,78
-0.00794664918904137,obgyn_10kwra,100,ch_dist,6,78
-0.00974164381303726,nhblack,0,ch_dist,6,78
-0.00711192798424764,nhblack,1,ch_dist,6,78
-0.0115503418815408,mcaid_unins,0,ch_dist,6,78
-0.00737505676868743,mcaid_unins,1,ch_dist,6,78
-0.00899619203372228,hispanic,0,ch_dist,6,78
-0.00226898610228359,hispanic,1,ch_dist,6,78
,overall,,ch_peri,6,78
,overall,,ch_teach,6,78
0.032571676244487,overall,,ch_csection,6,78
0.0322336116023052,age,"(19.6,28.2]",ch_csection,6,78
0.0322585890061706,age,"(28.2,36.8]",ch_csection,6,78
0.0389222256011881,age,"(36.8,45.4]",ch_csection,6,78
0.0522499305480066,age,"(45.4,54]",ch_csection,6,78
0.0315787795418263,age,"[11,19.6]",ch_csection,6,78
0.032571676244487,ci_scorent,100,ch_csection,6,78
0.032571676244487,obgyn_10kwra,100,ch_csection,6,78
0.0315420185225625,nhblack,0,ch_csection,6,78
0.0345282751816796,nhblack,1,ch_csection,6,78
0.0077918311491527,mcaid_unins,0,ch_csection,6,78
0.0365020812047984,mcaid_unins,1,ch_csection,6,78
0.0313885997993014,hispanic,0,ch_csection,6,78
0.0389717098359552,hispanic,1,ch_csection,6,78
