mean,group_var,bin,outcome,mkt,boot_rep
-0.0079887827012846,overall,,ch_dist,6,65
-0.00792891795779124,age,"(19.6,28.2]",ch_dist,6,65
-0.00844029168801876,age,"(28.2,36.8]",ch_dist,6,65
-0.00844714522270056,age,"(36.8,45.4]",ch_dist,6,65
-0.00824520709934721,age,"(45.4,54]",ch_dist,6,65
-0.00700578827185228,age,"[11,19.6]",ch_dist,6,65
-0.0079887827012846,ci_scorent,100,ch_dist,6,65
-0.0079887827012846,obgyn_10kwra,100,ch_dist,6,65
-0.00989028488223336,nhblack,0,ch_dist,6,65
-0.00731746287162328,nhblack,1,ch_dist,6,65
-0.0105843882574025,mcaid_unins,0,ch_dist,6,65
-0.00758379870938139,mcaid_unins,1,ch_dist,6,65
-0.00892651332366214,hispanic,0,ch_dist,6,65
-0.00293821875733256,hispanic,1,ch_dist,6,65
,overall,,ch_peri,6,65
,overall,,ch_teach,6,65
0.0388398434712648,overall,,ch_csection,6,65
0.0394010744167833,age,"(19.6,28.2]",ch_csection,6,65
0.0367671400435551,age,"(28.2,36.8]",ch_csection,6,65
0.0406522786586809,age,"(36.8,45.4]",ch_csection,6,65
0.0485065176570042,age,"(45.4,54]",ch_csection,6,65
0.039658115106064,age,"[11,19.6]",ch_csection,6,65
0.0388398434712648,ci_scorent,100,ch_csection,6,65
0.0388398434712648,obgyn_10kwra,100,ch_csection,6,65
0.041816896985741,nhblack,0,ch_csection,6,65
0.0334842554142731,nhblack,1,ch_csection,6,65
0.00778989565054049,mcaid_unins,0,ch_csection,6,65
0.0436844670263287,mcaid_unins,1,ch_csection,6,65
0.0389329115558335,hispanic,0,ch_csection,6,65
0.038338584046609,hispanic,1,ch_csection,6,65
