mean,group_var,bin,outcome,mkt,boot_rep
-0.00842187232634015,overall,,ch_dist,6,26
-0.00828293759770142,age,"(19.6,28.2]",ch_dist,6,26
-0.00919089003876124,age,"(28.2,36.8]",ch_dist,6,26
-0.00907772054590655,age,"(36.8,45.4]",ch_dist,6,26
-0.0110117702125796,age,"(45.4,54]",ch_dist,6,26
-0.00691615455636548,age,"[11,19.6]",ch_dist,6,26
-0.00842187232634015,ci_scorent,100,ch_dist,6,26
-0.00842187232634015,obgyn_10kwra,100,ch_dist,6,26
-0.0104786983692614,nhblack,0,ch_dist,6,26
-0.00717370943787842,nhblack,1,ch_dist,6,26
-0.0111548850283736,mcaid_unins,0,ch_dist,6,26
-0.00798304365309651,mcaid_unins,1,ch_dist,6,26
-0.00937349928653592,hispanic,0,ch_dist,6,26
-0.00326417241660829,hispanic,1,ch_dist,6,26
,overall,,ch_peri,6,26
,overall,,ch_teach,6,26
0.0364305053416447,overall,,ch_csection,6,26
0.0372003212564419,age,"(19.6,28.2]",ch_csection,6,26
0.0337907860221662,age,"(28.2,36.8]",ch_csection,6,26
0.0359784576702092,age,"(36.8,45.4]",ch_csection,6,26
0.0505300658123625,age,"(45.4,54]",ch_csection,6,26
0.0389195509150535,age,"[11,19.6]",ch_csection,6,26
0.0364305053416447,ci_scorent,100,ch_csection,6,26
0.0364305053416447,obgyn_10kwra,100,ch_csection,6,26
0.0368657145827631,nhblack,0,ch_csection,6,26
0.0352640585740381,nhblack,1,ch_csection,6,26
0.00969677556304997,mcaid_unins,0,ch_csection,6,26
0.0407230310078686,mcaid_unins,1,ch_csection,6,26
0.0361032496594903,hispanic,0,ch_csection,6,26
0.0382041904860418,hispanic,1,ch_csection,6,26
