mean,group_var,bin,outcome,mkt,boot_rep
-0.00783994301885778,overall,,ch_dist,6,58
-0.0077314180856782,age,"(19.6,28.2]",ch_dist,6,58
-0.00850496425888424,age,"(28.2,36.8]",ch_dist,6,58
-0.00823482828059587,age,"(36.8,45.4]",ch_dist,6,58
-0.0122121504095178,age,"(45.4,54]",ch_dist,6,58
-0.0065864818867399,age,"[11,19.6]",ch_dist,6,58
-0.00783994301885778,ci_scorent,100,ch_dist,6,58
-0.00783994301885778,obgyn_10kwra,100,ch_dist,6,58
-0.00951494007239519,nhblack,0,ch_dist,6,58
-0.00741635766278403,nhblack,1,ch_dist,6,58
-0.0111095226224283,mcaid_unins,0,ch_dist,6,58
-0.00731821718341578,mcaid_unins,1,ch_dist,6,58
-0.00884415156194941,hispanic,0,ch_dist,6,58
-0.00227553588311743,hispanic,1,ch_dist,6,58
,overall,,ch_peri,6,58
,overall,,ch_teach,6,58
0.0404793270844321,overall,,ch_csection,6,58
0.0401700725938986,age,"(19.6,28.2]",ch_csection,6,58
0.0401174280782269,age,"(28.2,36.8]",ch_csection,6,58
0.0488565851579655,age,"(36.8,45.4]",ch_csection,6,58
0.0644552256415822,age,"(45.4,54]",ch_csection,6,58
0.0387634128009409,age,"[11,19.6]",ch_csection,6,58
0.0404793270844321,ci_scorent,100,ch_csection,6,58
0.0404793270844321,obgyn_10kwra,100,ch_csection,6,58
0.0407141627268737,nhblack,0,ch_csection,6,58
0.0314905466252418,nhblack,1,ch_csection,6,58
0.0212080577732955,mcaid_unins,0,ch_csection,6,58
0.0435544377409829,mcaid_unins,1,ch_csection,6,58
0.0371108221783959,hispanic,0,ch_csection,6,58
0.0591445066080186,hispanic,1,ch_csection,6,58
