mean,group_var,bin,outcome,mkt,boot_rep
-0.008383643370507,overall,,ch_dist,6,27
-0.00844769060498031,age,"(19.6,28.2]",ch_dist,6,27
-0.0088275322298205,age,"(28.2,36.8]",ch_dist,6,27
-0.00737065255528892,age,"(36.8,45.4]",ch_dist,6,27
-0.00770593352232129,age,"(45.4,54]",ch_dist,6,27
-0.00743032434510571,age,"[11,19.6]",ch_dist,6,27
-0.008383643370507,ci_scorent,100,ch_dist,6,27
-0.008383643370507,obgyn_10kwra,100,ch_dist,6,27
-0.00978766941246941,nhblack,0,ch_dist,6,27
-0.00849064213263349,nhblack,1,ch_dist,6,27
-0.0117544625965996,mcaid_unins,0,ch_dist,6,27
-0.00786806210203441,mcaid_unins,1,ch_dist,6,27
-0.00940767135552513,hispanic,0,ch_dist,6,27
-0.0027636955581239,hispanic,1,ch_dist,6,27
,overall,,ch_peri,6,27
,overall,,ch_teach,6,27
0.0322260979387103,overall,,ch_csection,6,27
0.0325389360937779,age,"(19.6,28.2]",ch_csection,6,27
0.0296646868896601,age,"(28.2,36.8]",ch_csection,6,27
0.0350699131351884,age,"(36.8,45.4]",ch_csection,6,27
0.0449462069292839,age,"(45.4,54]",ch_csection,6,27
0.0353897442383119,age,"[11,19.6]",ch_csection,6,27
0.0322260979387103,ci_scorent,100,ch_csection,6,27
0.0322260979387103,obgyn_10kwra,100,ch_csection,6,27
0.0320270697197471,nhblack,0,ch_csection,6,27
0.0306219666108874,nhblack,1,ch_csection,6,27
-0.00125284814037227,mcaid_unins,0,ch_csection,6,27
0.0373468464359791,mcaid_unins,1,ch_csection,6,27
0.0311395906805312,hispanic,0,ch_csection,6,27
0.0381889370193568,hispanic,1,ch_csection,6,27
