mean,group_var,bin,outcome,mkt,boot_rep
-0.00923453363258488,overall,,ch_dist,6,107
-0.00920563717228803,age,"(19.6,28.2]",ch_dist,6,107
-0.0098122311488204,age,"(28.2,36.8]",ch_dist,6,107
-0.00953675714376715,age,"(36.8,45.4]",ch_dist,6,107
-0.010934790493263,age,"(45.4,54]",ch_dist,6,107
-0.00774431232660778,age,"[11,19.6]",ch_dist,6,107
-0.00923453363258488,ci_scorent,100,ch_dist,6,107
-0.00923453363258488,obgyn_10kwra,100,ch_dist,6,107
-0.0109402606232352,nhblack,0,ch_dist,6,107
-0.00844046582537779,nhblack,1,ch_dist,6,107
-0.0118761834782167,mcaid_unins,0,ch_dist,6,107
-0.00881123026198274,mcaid_unins,1,ch_dist,6,107
-0.0100583486047177,hispanic,0,ch_dist,6,107
-0.00415946878351194,hispanic,1,ch_dist,6,107
,overall,,ch_peri,6,107
,overall,,ch_teach,6,107
0.0320345912767395,overall,,ch_csection,6,107
0.0314390248508364,age,"(19.6,28.2]",ch_csection,6,107
0.0322491994603926,age,"(28.2,36.8]",ch_csection,6,107
0.0383320075632478,age,"(36.8,45.4]",ch_csection,6,107
0.0583289887298653,age,"(45.4,54]",ch_csection,6,107
0.0314709556551799,age,"[11,19.6]",ch_csection,6,107
0.0320345912767395,ci_scorent,100,ch_csection,6,107
0.0320345912767395,obgyn_10kwra,100,ch_csection,6,107
0.0324086713808068,nhblack,0,ch_csection,6,107
0.0265986423399721,nhblack,1,ch_csection,6,107
0.00270509992892108,mcaid_unins,0,ch_csection,6,107
0.0367344089176382,mcaid_unins,1,ch_csection,6,107
0.0308125529814862,hispanic,0,ch_csection,6,107
0.0395628880499875,hispanic,1,ch_csection,6,107
