mean,group_var,bin,outcome,mkt,boot_rep
-0.00866712442631813,overall,,ch_dist,6,9
-0.0086764790410806,age,"(19.6,28.2]",ch_dist,6,9
-0.00928153814208595,age,"(28.2,36.8]",ch_dist,6,9
-0.00875615832771215,age,"(36.8,45.4]",ch_dist,6,9
-0.00997690226434425,age,"(45.4,54]",ch_dist,6,9
-0.00708698466803269,age,"[11,19.6]",ch_dist,6,9
-0.00866712442631813,ci_scorent,100,ch_dist,6,9
-0.00866712442631813,obgyn_10kwra,100,ch_dist,6,9
-0.01046207642462,nhblack,0,ch_dist,6,9
-0.00796438763523345,nhblack,1,ch_dist,6,9
-0.0120047668556986,mcaid_unins,0,ch_dist,6,9
-0.00814130589833753,mcaid_unins,1,ch_dist,6,9
-0.0096582371677793,hispanic,0,ch_dist,6,9
-0.00317595938903076,hispanic,1,ch_dist,6,9
,overall,,ch_peri,6,9
,overall,,ch_teach,6,9
0.0335789270075985,overall,,ch_csection,6,9
0.0312498541392854,age,"(19.6,28.2]",ch_csection,6,9
0.0383176791591836,age,"(28.2,36.8]",ch_csection,6,9
0.0500307630960227,age,"(36.8,45.4]",ch_csection,6,9
0.065869206766202,age,"(45.4,54]",ch_csection,6,9
0.0273196026024088,age,"[11,19.6]",ch_csection,6,9
0.0335789270075985,ci_scorent,100,ch_csection,6,9
0.0335789270075985,obgyn_10kwra,100,ch_csection,6,9
0.0307713890699343,nhblack,0,ch_csection,6,9
0.0330476986336551,nhblack,1,ch_csection,6,9
0.00818387452177581,mcaid_unins,0,ch_csection,6,9
0.0375797118126275,mcaid_unins,1,ch_csection,6,9
0.032217373749152,hispanic,0,ch_csection,6,9
0.0411224821819207,hispanic,1,ch_csection,6,9
