mean,group_var,bin,outcome,mkt,boot_rep
-0.00835939826441403,overall,,ch_dist,6,17
-0.00831875883496771,age,"(19.6,28.2]",ch_dist,6,17
-0.00878312960253116,age,"(28.2,36.8]",ch_dist,6,17
-0.00856569984615768,age,"(36.8,45.4]",ch_dist,6,17
-0.00939325104063502,age,"(45.4,54]",ch_dist,6,17
-0.00739497735528683,age,"[11,19.6]",ch_dist,6,17
-0.00835939826441403,ci_scorent,100,ch_dist,6,17
-0.00835939826441403,obgyn_10kwra,100,ch_dist,6,17
-0.0101990061668175,nhblack,0,ch_dist,6,17
-0.00752402416281493,nhblack,1,ch_dist,6,17
-0.0118340324415809,mcaid_unins,0,ch_dist,6,17
-0.00779731362413194,mcaid_unins,1,ch_dist,6,17
-0.00932620282478277,hispanic,0,ch_dist,6,17
-0.0027822629377379,hispanic,1,ch_dist,6,17
,overall,,ch_peri,6,17
,overall,,ch_teach,6,17
0.0407303613268771,overall,,ch_csection,6,17
0.0409345705445479,age,"(19.6,28.2]",ch_csection,6,17
0.0394369108751113,age,"(28.2,36.8]",ch_csection,6,17
0.0423440438636841,age,"(36.8,45.4]",ch_csection,6,17
0.0482256550147658,age,"(45.4,54]",ch_csection,6,17
0.0420502910171423,age,"[11,19.6]",ch_csection,6,17
0.0407303613268771,ci_scorent,100,ch_csection,6,17
0.0407303613268771,obgyn_10kwra,100,ch_csection,6,17
0.041588681981384,nhblack,0,ch_csection,6,17
0.0408143428152632,nhblack,1,ch_csection,6,17
0.0176182464333789,mcaid_unins,0,ch_csection,6,17
0.0444691620534223,mcaid_unins,1,ch_csection,6,17
0.0410549542154793,hispanic,0,ch_csection,6,17
0.0388579058792934,hispanic,1,ch_csection,6,17
