mean,group_var,bin,outcome,mkt,boot_rep
-0.0087548089753825,overall,,ch_dist,6,36
-0.00864431688521443,age,"(19.6,28.2]",ch_dist,6,36
-0.00946111688005684,age,"(28.2,36.8]",ch_dist,6,36
-0.00918320122200192,age,"(36.8,45.4]",ch_dist,6,36
-0.0105798586199438,age,"(45.4,54]",ch_dist,6,36
-0.00743865092357453,age,"[11,19.6]",ch_dist,6,36
-0.0087548089753825,ci_scorent,100,ch_dist,6,36
-0.0087548089753825,obgyn_10kwra,100,ch_dist,6,36
-0.0104513719627692,nhblack,0,ch_dist,6,36
-0.00832554957104433,nhblack,1,ch_dist,6,36
-0.0124350031545053,mcaid_unins,0,ch_dist,6,36
-0.00820633026871349,mcaid_unins,1,ch_dist,6,36
-0.0097710452480606,hispanic,0,ch_dist,6,36
-0.00333446807355537,hispanic,1,ch_dist,6,36
,overall,,ch_peri,6,36
,overall,,ch_teach,6,36
0.0388187076744725,overall,,ch_csection,6,36
0.0380246473466845,age,"(19.6,28.2]",ch_csection,6,36
0.0391762830556404,age,"(28.2,36.8]",ch_csection,6,36
0.0466098866029555,age,"(36.8,45.4]",ch_csection,6,36
0.0597497934330202,age,"(45.4,54]",ch_csection,6,36
0.0384368217488696,age,"[11,19.6]",ch_csection,6,36
0.0388187076744725,ci_scorent,100,ch_csection,6,36
0.0388187076744725,obgyn_10kwra,100,ch_csection,6,36
0.037402798548783,nhblack,0,ch_csection,6,36
0.0326571407401569,nhblack,1,ch_csection,6,36
0.00771213598296369,mcaid_unins,0,ch_csection,6,36
0.0434546837615637,mcaid_unins,1,ch_csection,6,36
0.0351839207127561,hispanic,0,ch_csection,6,36
0.0582057193052411,hispanic,1,ch_csection,6,36
