mean,group_var,bin,outcome,mkt,boot_rep
-0.00806232836395513,overall,,ch_dist,6,19
-0.00783800939290256,age,"(19.6,28.2]",ch_dist,6,19
-0.00927561301057096,age,"(28.2,36.8]",ch_dist,6,19
-0.00879221835836995,age,"(36.8,45.4]",ch_dist,6,19
-0.012159770176158,age,"(45.4,54]",ch_dist,6,19
-0.0061132184786633,age,"[11,19.6]",ch_dist,6,19
-0.00806232836395513,ci_scorent,100,ch_dist,6,19
-0.00806232836395513,obgyn_10kwra,100,ch_dist,6,19
-0.00960668379898839,nhblack,0,ch_dist,6,19
-0.00756164688536309,nhblack,1,ch_dist,6,19
-0.0121419366448088,mcaid_unins,0,ch_dist,6,19
-0.00741952526867291,mcaid_unins,1,ch_dist,6,19
-0.00892780193660162,hispanic,0,ch_dist,6,19
-0.0029674433244476,hispanic,1,ch_dist,6,19
,overall,,ch_peri,6,19
,overall,,ch_teach,6,19
0.0409271177884842,overall,,ch_csection,6,19
0.0417265995493073,age,"(19.6,28.2]",ch_csection,6,19
0.0368405011442103,age,"(28.2,36.8]",ch_csection,6,19
0.0429626332940479,age,"(36.8,45.4]",ch_csection,6,19
0.0479735647519694,age,"(45.4,54]",ch_csection,6,19
0.0450714626221331,age,"[11,19.6]",ch_csection,6,19
0.0409271177884842,ci_scorent,100,ch_csection,6,19
0.0409271177884842,obgyn_10kwra,100,ch_csection,6,19
0.0409704658114769,nhblack,0,ch_csection,6,19
0.0395231247897755,nhblack,1,ch_csection,6,19
0.0108004266287397,mcaid_unins,0,ch_csection,6,19
0.0456740270491064,mcaid_unins,1,ch_csection,6,19
0.0400921033154041,hispanic,0,ch_csection,6,19
0.0458426956652977,hispanic,1,ch_csection,6,19
