mean,group_var,bin,outcome,mkt,boot_rep
-0.00888179810335171,overall,,ch_dist,6,141
-0.00901723401425528,age,"(19.6,28.2]",ch_dist,6,141
-0.00881724866066999,age,"(28.2,36.8]",ch_dist,6,141
-0.00844641758715353,age,"(36.8,45.4]",ch_dist,6,141
-0.00759849157566533,age,"(45.4,54]",ch_dist,6,141
-0.00849364421749838,age,"[11,19.6]",ch_dist,6,141
-0.00888179810335171,ci_scorent,100,ch_dist,6,141
-0.00888179810335171,obgyn_10kwra,100,ch_dist,6,141
-0.010197394765766,nhblack,0,ch_dist,6,141
-0.00845683838050104,nhblack,1,ch_dist,6,141
-0.011380663579739,mcaid_unins,0,ch_dist,6,141
-0.00849065189729824,mcaid_unins,1,ch_dist,6,141
-0.00963954965663079,hispanic,0,ch_dist,6,141
-0.0051554638058763,hispanic,1,ch_dist,6,141
,overall,,ch_peri,6,141
,overall,,ch_teach,6,141
0.0344425549587211,overall,,ch_csection,6,141
0.0312821652225446,age,"(19.6,28.2]",ch_csection,6,141
0.041945222486472,age,"(28.2,36.8]",ch_csection,6,141
0.0586072262598802,age,"(36.8,45.4]",ch_csection,6,141
0.0823559838060179,age,"(45.4,54]",ch_csection,6,141
0.0239151555572648,age,"[11,19.6]",ch_csection,6,141
0.0344425549587211,ci_scorent,100,ch_csection,6,141
0.0344425549587211,obgyn_10kwra,100,ch_csection,6,141
0.0335364679294043,nhblack,0,ch_csection,6,141
0.0286586302345716,nhblack,1,ch_csection,6,141
0.00781223702579336,mcaid_unins,0,ch_csection,6,141
0.0386109857621758,mcaid_unins,1,ch_csection,6,141
0.031108601584059,hispanic,0,ch_csection,6,141
0.050837671210778,hispanic,1,ch_csection,6,141
