mean,group_var,bin,outcome,mkt,boot_rep
-0.00825362508203848,overall,,ch_dist,6,67
-0.00815762503779654,age,"(19.6,28.2]",ch_dist,6,67
-0.00893715451630726,age,"(28.2,36.8]",ch_dist,6,67
-0.00851079489699109,age,"(36.8,45.4]",ch_dist,6,67
-0.00963525306586528,age,"(45.4,54]",ch_dist,6,67
-0.0070174716751907,age,"[11,19.6]",ch_dist,6,67
-0.00825362508203848,ci_scorent,100,ch_dist,6,67
-0.00825362508203848,obgyn_10kwra,100,ch_dist,6,67
-0.00992871896455074,nhblack,0,ch_dist,6,67
-0.00747359415602122,nhblack,1,ch_dist,6,67
-0.0125933899721748,mcaid_unins,0,ch_dist,6,67
-0.00759013528604261,mcaid_unins,1,ch_dist,6,67
-0.00914564514835917,hispanic,0,ch_dist,6,67
-0.00331935751821154,hispanic,1,ch_dist,6,67
,overall,,ch_peri,6,67
,overall,,ch_teach,6,67
0.0355542193536884,overall,,ch_csection,6,67
0.0343237846141694,age,"(19.6,28.2]",ch_csection,6,67
0.0376973544408151,age,"(28.2,36.8]",ch_csection,6,67
0.0458816751111013,age,"(36.8,45.4]",ch_csection,6,67
0.0678656401184149,age,"(45.4,54]",ch_csection,6,67
0.0315365409571101,age,"[11,19.6]",ch_csection,6,67
0.0355542193536884,ci_scorent,100,ch_csection,6,67
0.0355542193536884,obgyn_10kwra,100,ch_csection,6,67
0.0348421121292834,nhblack,0,ch_csection,6,67
0.0334647442258802,nhblack,1,ch_csection,6,67
-3.38385247322616e-05,mcaid_unins,0,ch_csection,6,67
0.0409951392789383,mcaid_unins,1,ch_csection,6,67
0.0346898516587636,hispanic,0,ch_csection,6,67
0.0403355260095789,hispanic,1,ch_csection,6,67
