mean,group_var,bin,outcome,mkt,boot_rep
-0.00831003863240349,overall,,ch_dist,6,44
-0.00801391278989635,age,"(19.6,28.2]",ch_dist,6,44
-0.00930432291926028,age,"(28.2,36.8]",ch_dist,6,44
-0.00952467565612182,age,"(36.8,45.4]",ch_dist,6,44
-0.0104686822593275,age,"(45.4,54]",ch_dist,6,44
-0.00679426414966451,age,"[11,19.6]",ch_dist,6,44
-0.00831003863240349,ci_scorent,100,ch_dist,6,44
-0.00831003863240349,obgyn_10kwra,100,ch_dist,6,44
-0.00994293372188181,nhblack,0,ch_dist,6,44
-0.00801539001508059,nhblack,1,ch_dist,6,44
-0.0106468077658744,mcaid_unins,0,ch_dist,6,44
-0.00794969329180354,mcaid_unins,1,ch_dist,6,44
-0.0092783456747627,hispanic,0,ch_dist,6,44
-0.00308022188381982,hispanic,1,ch_dist,6,44
,overall,,ch_peri,6,44
,overall,,ch_teach,6,44
0.0313431174151583,overall,,ch_csection,6,44
0.0307313864141836,age,"(19.6,28.2]",ch_csection,6,44
0.0321209976753469,age,"(28.2,36.8]",ch_csection,6,44
0.0385934833175835,age,"(36.8,45.4]",ch_csection,6,44
0.0615381186380155,age,"(45.4,54]",ch_csection,6,44
0.0290427262761838,age,"[11,19.6]",ch_csection,6,44
0.0313431174151583,ci_scorent,100,ch_csection,6,44
0.0313431174151583,obgyn_10kwra,100,ch_csection,6,44
0.0330471791707967,nhblack,0,ch_csection,6,44
0.0308415582206417,nhblack,1,ch_csection,6,44
-0.000890321056286109,mcaid_unins,0,ch_csection,6,44
0.0363137279895319,mcaid_unins,1,ch_csection,6,44
0.0319157682888252,hispanic,0,ch_csection,6,44
0.0282502357162937,hispanic,1,ch_csection,6,44
