mean,group_var,bin,outcome,mkt,boot_rep
-0.0086559505834148,overall,,ch_dist,6,71
-0.00861245731950962,age,"(19.6,28.2]",ch_dist,6,71
-0.00912263553198492,age,"(28.2,36.8]",ch_dist,6,71
-0.00873612433252314,age,"(36.8,45.4]",ch_dist,6,71
-0.00840522816682939,age,"(45.4,54]",ch_dist,6,71
-0.00758584029761793,age,"[11,19.6]",ch_dist,6,71
-0.0086559505834148,ci_scorent,100,ch_dist,6,71
-0.0086559505834148,obgyn_10kwra,100,ch_dist,6,71
-0.0102515660986634,nhblack,0,ch_dist,6,71
-0.00820941295999325,nhblack,1,ch_dist,6,71
-0.0120364553593799,mcaid_unins,0,ch_dist,6,71
-0.0081112714992874,mcaid_unins,1,ch_dist,6,71
-0.00954516028380743,hispanic,0,ch_dist,6,71
-0.0036996812482747,hispanic,1,ch_dist,6,71
,overall,,ch_peri,6,71
,overall,,ch_teach,6,71
0.0402456123913097,overall,,ch_csection,6,71
0.0377606892190643,age,"(19.6,28.2]",ch_csection,6,71
0.0443343149333484,age,"(28.2,36.8]",ch_csection,6,71
0.0559744214897591,age,"(36.8,45.4]",ch_csection,6,71
0.0754215080487904,age,"(45.4,54]",ch_csection,6,71
0.0349908645637051,age,"[11,19.6]",ch_csection,6,71
0.0402456123913097,ci_scorent,100,ch_csection,6,71
0.0402456123913097,obgyn_10kwra,100,ch_csection,6,71
0.0390489373221314,nhblack,0,ch_csection,6,71
0.0336894463769936,nhblack,1,ch_csection,6,71
0.0202952795053667,mcaid_unins,0,ch_csection,6,71
0.0434600817574268,mcaid_unins,1,ch_csection,6,71
0.0366849067170205,hispanic,0,ch_csection,6,71
0.0600922428735751,hispanic,1,ch_csection,6,71
