mean,group_var,bin,outcome,mkt,boot_rep
-0.00917889389684519,overall,,ch_dist,6,60
-0.00919742599568587,age,"(19.6,28.2]",ch_dist,6,60
-0.00949776597819939,age,"(28.2,36.8]",ch_dist,6,60
-0.00872707673157116,age,"(36.8,45.4]",ch_dist,6,60
-0.0100143828742212,age,"(45.4,54]",ch_dist,6,60
-0.0084453922530378,age,"[11,19.6]",ch_dist,6,60
-0.00917889389684519,ci_scorent,100,ch_dist,6,60
-0.00917889389684519,obgyn_10kwra,100,ch_dist,6,60
-0.0104358578985832,nhblack,0,ch_dist,6,60
-0.00916987431034008,nhblack,1,ch_dist,6,60
-0.0116422494378035,mcaid_unins,0,ch_dist,6,60
-0.00880867861323296,mcaid_unins,1,ch_dist,6,60
-0.0100582241279142,hispanic,0,ch_dist,6,60
-0.00449629917002784,hispanic,1,ch_dist,6,60
,overall,,ch_peri,6,60
,overall,,ch_teach,6,60
0.0313538243618431,overall,,ch_csection,6,60
0.0286668919729933,age,"(19.6,28.2]",ch_csection,6,60
0.0368741621138676,age,"(28.2,36.8]",ch_csection,6,60
0.0503173268106844,age,"(36.8,45.4]",ch_csection,6,60
0.0691974799014478,age,"(45.4,54]",ch_csection,6,60
0.0216025524701843,age,"[11,19.6]",ch_csection,6,60
0.0313538243618431,ci_scorent,100,ch_csection,6,60
0.0313538243618431,obgyn_10kwra,100,ch_csection,6,60
0.0338466585479417,nhblack,0,ch_csection,6,60
0.0176408473612439,nhblack,1,ch_csection,6,60
0.00524016365197955,mcaid_unins,0,ch_csection,6,60
0.0352784207691058,mcaid_unins,1,ch_csection,6,60
0.0282010552090458,hispanic,0,ch_csection,6,60
0.0481428982366416,hispanic,1,ch_csection,6,60
