mean,group_var,bin,outcome,mkt,boot_rep
-0.00868865194309567,overall,,ch_dist,6,51
-0.00862998280744983,age,"(19.6,28.2]",ch_dist,6,51
-0.00925012693365387,age,"(28.2,36.8]",ch_dist,6,51
-0.00859832556714999,age,"(36.8,45.4]",ch_dist,6,51
-0.0123518397024276,age,"(45.4,54]",ch_dist,6,51
-0.00770530885147164,age,"[11,19.6]",ch_dist,6,51
-0.00868865194309567,ci_scorent,100,ch_dist,6,51
-0.00868865194309567,obgyn_10kwra,100,ch_dist,6,51
-0.0100887100664993,nhblack,0,ch_dist,6,51
-0.00820589729738386,nhblack,1,ch_dist,6,51
-0.0116733555829786,mcaid_unins,0,ch_dist,6,51
-0.00822747031044487,mcaid_unins,1,ch_dist,6,51
-0.00948491549095623,hispanic,0,ch_dist,6,51
-0.00411635735186511,hispanic,1,ch_dist,6,51
,overall,,ch_peri,6,51
,overall,,ch_teach,6,51
0.033802903964001,overall,,ch_csection,6,51
0.0333402321190782,age,"(19.6,28.2]",ch_csection,6,51
0.0333701483756059,age,"(28.2,36.8]",ch_csection,6,51
0.0405669723611506,age,"(36.8,45.4]",ch_csection,6,51
0.0630324902883391,age,"(45.4,54]",ch_csection,6,51
0.0343362662918323,age,"[11,19.6]",ch_csection,6,51
0.033802903964001,ci_scorent,100,ch_csection,6,51
0.033802903964001,obgyn_10kwra,100,ch_csection,6,51
0.030740355334591,nhblack,0,ch_csection,6,51
0.033414208083821,nhblack,1,ch_csection,6,51
-0.00129812299521832,mcaid_unins,0,ch_csection,6,51
0.0392265409055258,mcaid_unins,1,ch_csection,6,51
0.0319253001793086,hispanic,0,ch_csection,6,51
0.0445844569464144,hispanic,1,ch_csection,6,51
