mean,group_var,bin,outcome,mkt,boot_rep
-0.00846847224085837,overall,,ch_dist,6,91
-0.00832746765646138,age,"(19.6,28.2]",ch_dist,6,91
-0.0092563120139146,age,"(28.2,36.8]",ch_dist,6,91
-0.0087543176333749,age,"(36.8,45.4]",ch_dist,6,91
-0.010130180161437,age,"(45.4,54]",ch_dist,6,91
-0.00708707872216705,age,"[11,19.6]",ch_dist,6,91
-0.00846847224085837,ci_scorent,100,ch_dist,6,91
-0.00846847224085837,obgyn_10kwra,100,ch_dist,6,91
-0.010307627155732,nhblack,0,ch_dist,6,91
-0.00771250549630128,nhblack,1,ch_dist,6,91
-0.0122213667651854,mcaid_unins,0,ch_dist,6,91
-0.00787586576933636,mcaid_unins,1,ch_dist,6,91
-0.00941113354703239,hispanic,0,ch_dist,6,91
-0.00343054827489649,hispanic,1,ch_dist,6,91
,overall,,ch_peri,6,91
,overall,,ch_teach,6,91
0.03535214376123,overall,,ch_csection,6,91
0.0331894408791904,age,"(19.6,28.2]",ch_csection,6,91
0.0398086142194388,age,"(28.2,36.8]",ch_csection,6,91
0.0542922633545097,age,"(36.8,45.4]",ch_csection,6,91
0.0654545735732882,age,"(45.4,54]",ch_csection,6,91
0.025875105888395,age,"[11,19.6]",ch_csection,6,91
0.03535214376123,ci_scorent,100,ch_csection,6,91
0.03535214376123,obgyn_10kwra,100,ch_csection,6,91
0.0369095770801817,nhblack,0,ch_csection,6,91
0.0328397362536081,nhblack,1,ch_csection,6,91
0.0108554511001526,mcaid_unins,0,ch_csection,6,91
0.0392203309718586,mcaid_unins,1,ch_csection,6,91
0.0349256482846028,hispanic,0,ch_csection,6,91
0.037631490297469,hispanic,1,ch_csection,6,91
