mean,group_var,bin,outcome,mkt,boot_rep
-0.0083418016340198,overall,,ch_dist,6,146
-0.00837483632922376,age,"(19.6,28.2]",ch_dist,6,146
-0.00869697857670589,age,"(28.2,36.8]",ch_dist,6,146
-0.00786574217915974,age,"(36.8,45.4]",ch_dist,6,146
-0.00899810073535027,age,"(45.4,54]",ch_dist,6,146
-0.00749000732213897,age,"[11,19.6]",ch_dist,6,146
-0.0083418016340198,ci_scorent,100,ch_dist,6,146
-0.0083418016340198,obgyn_10kwra,100,ch_dist,6,146
-0.0097646411402228,nhblack,0,ch_dist,6,146
-0.00848891888519825,nhblack,1,ch_dist,6,146
-0.0120235970840417,mcaid_unins,0,ch_dist,6,146
-0.00774428466199604,mcaid_unins,1,ch_dist,6,146
-0.00934084717127888,hispanic,0,ch_dist,6,146
-0.00305523624548602,hispanic,1,ch_dist,6,146
,overall,,ch_peri,6,146
,overall,,ch_teach,6,146
0.0317822657382335,overall,,ch_csection,6,146
0.0311474502030416,age,"(19.6,28.2]",ch_csection,6,146
0.0320926269475216,age,"(28.2,36.8]",ch_csection,6,146
0.0382192489620574,age,"(36.8,45.4]",ch_csection,6,146
0.0439488590802648,age,"(45.4,54]",ch_csection,6,146
0.0311491783143767,age,"[11,19.6]",ch_csection,6,146
0.0317822657382335,ci_scorent,100,ch_csection,6,146
0.0317822657382335,obgyn_10kwra,100,ch_csection,6,146
0.0286453625149485,nhblack,0,ch_csection,6,146
0.0306635957656101,nhblack,1,ch_csection,6,146
0.0145034955130898,mcaid_unins,0,ch_csection,6,146
0.034586429794974,mcaid_unins,1,ch_csection,6,146
0.0297298699728075,hispanic,0,ch_csection,6,146
0.0426427560886954,hispanic,1,ch_csection,6,146
