mean,group_var,bin,outcome,mkt,boot_rep
-0.00919655173872079,overall,,ch_dist,6,148
-0.00918560073452309,age,"(19.6,28.2]",ch_dist,6,148
-0.00957022567145509,age,"(28.2,36.8]",ch_dist,6,148
-0.00938306350777762,age,"(36.8,45.4]",ch_dist,6,148
-0.0115747837556677,age,"(45.4,54]",ch_dist,6,148
-0.0082213794186551,age,"[11,19.6]",ch_dist,6,148
-0.00919655173872079,ci_scorent,100,ch_dist,6,148
-0.00919655173872079,obgyn_10kwra,100,ch_dist,6,148
-0.0104309779098722,nhblack,0,ch_dist,6,148
-0.00865606614632975,nhblack,1,ch_dist,6,148
-0.0119840066279653,mcaid_unins,0,ch_dist,6,148
-0.00873616317769866,mcaid_unins,1,ch_dist,6,148
-0.00985724728835454,hispanic,0,ch_dist,6,148
-0.00518357192972782,hispanic,1,ch_dist,6,148
,overall,,ch_peri,6,148
,overall,,ch_teach,6,148
0.035484139142591,overall,,ch_csection,6,148
0.0349888587725091,age,"(19.6,28.2]",ch_csection,6,148
0.0341301993391178,age,"(28.2,36.8]",ch_csection,6,148
0.0392721788255084,age,"(36.8,45.4]",ch_csection,6,148
0.0495747071061146,age,"(45.4,54]",ch_csection,6,148
0.0394327473185737,age,"[11,19.6]",ch_csection,6,148
0.035484139142591,ci_scorent,100,ch_csection,6,148
0.035484139142591,obgyn_10kwra,100,ch_csection,6,148
0.0305393885221318,nhblack,0,ch_csection,6,148
0.0355815426574956,nhblack,1,ch_csection,6,148
0.00289346229694886,mcaid_unins,0,ch_csection,6,148
0.040866961613942,mcaid_unins,1,ch_csection,6,148
0.0321263941216693,hispanic,0,ch_csection,6,148
0.0558786506239759,hispanic,1,ch_csection,6,148
