mean,group_var,bin,outcome,mkt,boot_rep
-0.00837405574687818,overall,,ch_dist,6,4
-0.00821814255409533,age,"(19.6,28.2]",ch_dist,6,4
-0.00920698231972496,age,"(28.2,36.8]",ch_dist,6,4
-0.00885746417656306,age,"(36.8,45.4]",ch_dist,6,4
-0.00911900999998749,age,"(45.4,54]",ch_dist,6,4
-0.00694522544230302,age,"[11,19.6]",ch_dist,6,4
-0.00837405574687818,ci_scorent,100,ch_dist,6,4
-0.00837405574687818,obgyn_10kwra,100,ch_dist,6,4
-0.0104931689478119,nhblack,0,ch_dist,6,4
-0.00737729769985531,nhblack,1,ch_dist,6,4
-0.0122890480384292,mcaid_unins,0,ch_dist,6,4
-0.00776515415248276,mcaid_unins,1,ch_dist,6,4
-0.00934993352211527,hispanic,0,ch_dist,6,4
-0.00309681831052792,hispanic,1,ch_dist,6,4
,overall,,ch_peri,6,4
,overall,,ch_teach,6,4
0.0385825671086521,overall,,ch_csection,6,4
0.0394292424008142,age,"(19.6,28.2]",ch_csection,6,4
0.0350500632914635,age,"(28.2,36.8]",ch_csection,6,4
0.0363737885624601,age,"(36.8,45.4]",ch_csection,6,4
0.0492122328809805,age,"(45.4,54]",ch_csection,6,4
0.0436282766404003,age,"[11,19.6]",ch_csection,6,4
0.0385825671086521,ci_scorent,100,ch_csection,6,4
0.0385825671086521,obgyn_10kwra,100,ch_csection,6,4
0.0334424319658114,nhblack,0,ch_csection,6,4
0.0448078932882943,nhblack,1,ch_csection,6,4
0.00218322838315477,mcaid_unins,0,ch_csection,6,4
0.0442437826959026,mcaid_unins,1,ch_csection,6,4
0.0372308457477266,hispanic,0,ch_csection,6,4
0.0458922474296914,hispanic,1,ch_csection,6,4
