mean,group_var,bin,outcome,mkt,boot_rep
-0.00884320202275273,overall,,ch_dist,6,95
-0.00862066060022905,age,"(19.6,28.2]",ch_dist,6,95
-0.00987387300961836,age,"(28.2,36.8]",ch_dist,6,95
-0.00968671347466543,age,"(36.8,45.4]",ch_dist,6,95
-0.0123816118222378,age,"(45.4,54]",ch_dist,6,95
-0.00712693714673357,age,"[11,19.6]",ch_dist,6,95
-0.00884320202275273,ci_scorent,100,ch_dist,6,95
-0.00884320202275273,obgyn_10kwra,100,ch_dist,6,95
-0.0105924358768342,nhblack,0,ch_dist,6,95
-0.0083350064477607,nhblack,1,ch_dist,6,95
-0.0123444353111005,mcaid_unins,0,ch_dist,6,95
-0.0082717327405269,mcaid_unins,1,ch_dist,6,95
-0.00982120888646261,hispanic,0,ch_dist,6,95
-0.00338328584214336,hispanic,1,ch_dist,6,95
,overall,,ch_peri,6,95
,overall,,ch_teach,6,95
0.0366437473802949,overall,,ch_csection,6,95
0.0351086288998164,age,"(19.6,28.2]",ch_csection,6,95
0.039308357017029,age,"(28.2,36.8]",ch_csection,6,95
0.0490021175084014,age,"(36.8,45.4]",ch_csection,6,95
0.0775391687989699,age,"(45.4,54]",ch_csection,6,95
0.0328436479273321,age,"[11,19.6]",ch_csection,6,95
0.0366437473802949,ci_scorent,100,ch_csection,6,95
0.0366437473802949,obgyn_10kwra,100,ch_csection,6,95
0.0298777379694221,nhblack,0,ch_csection,6,95
0.0412512766014058,nhblack,1,ch_csection,6,95
8.98893542384811e-05,mcaid_unins,0,ch_csection,6,95
0.0426100470491162,mcaid_unins,1,ch_csection,6,95
0.0345121454819677,hispanic,0,ch_csection,6,95
0.0485438353317709,hispanic,1,ch_csection,6,95
