mean,group_var,bin,outcome,mkt,boot_rep
-0.00820451487053408,overall,,ch_dist,6,120
-0.00829934003859798,age,"(19.6,28.2]",ch_dist,6,120
-0.00845353644140598,age,"(28.2,36.8]",ch_dist,6,120
-0.00802541953847502,age,"(36.8,45.4]",ch_dist,6,120
-0.00810354608732792,age,"(45.4,54]",ch_dist,6,120
-0.00719135653929825,age,"[11,19.6]",ch_dist,6,120
-0.00820451487053408,ci_scorent,100,ch_dist,6,120
-0.00820451487053408,obgyn_10kwra,100,ch_dist,6,120
-0.0102505965469742,nhblack,0,ch_dist,6,120
-0.00690718287360883,nhblack,1,ch_dist,6,120
-0.0109929333378981,mcaid_unins,0,ch_dist,6,120
-0.00777629346304603,mcaid_unins,1,ch_dist,6,120
-0.00918168671578853,hispanic,0,ch_dist,6,120
-0.00306785609075824,hispanic,1,ch_dist,6,120
,overall,,ch_peri,6,120
,overall,,ch_teach,6,120
0.0368438497551229,overall,,ch_csection,6,120
0.0343555031313239,age,"(19.6,28.2]",ch_csection,6,120
0.0412382333197339,age,"(28.2,36.8]",ch_csection,6,120
0.0544715390257978,age,"(36.8,45.4]",ch_csection,6,120
0.0734301524285152,age,"(45.4,54]",ch_csection,6,120
0.0316715118806826,age,"[11,19.6]",ch_csection,6,120
0.0368438497551229,ci_scorent,100,ch_csection,6,120
0.0368438497551229,obgyn_10kwra,100,ch_csection,6,120
0.0330341058267382,nhblack,0,ch_csection,6,120
0.0344193030924345,nhblack,1,ch_csection,6,120
0.0166555252290255,mcaid_unins,0,ch_csection,6,120
0.0399441995930593,mcaid_unins,1,ch_csection,6,120
0.0329224013368098,hispanic,0,ch_csection,6,120
0.057457565290614,hispanic,1,ch_csection,6,120
