mean,group_var,bin,outcome,mkt,boot_rep
-0.00833294791518256,overall,,ch_dist,6,112
-0.00835622068541991,age,"(19.6,28.2]",ch_dist,6,112
-0.00874798629498807,age,"(28.2,36.8]",ch_dist,6,112
-0.00851406991390399,age,"(36.8,45.4]",ch_dist,6,112
-0.00706725825359135,age,"[11,19.6]",ch_dist,6,112
-0.00833294791518256,ci_scorent,100,ch_dist,6,112
-0.00833294791518256,obgyn_10kwra,100,ch_dist,6,112
-0.0102758075224942,nhblack,0,ch_dist,6,112
-0.00721264478953792,nhblack,1,ch_dist,6,112
-0.0112220457475778,mcaid_unins,0,ch_dist,6,112
-0.00785208318800447,mcaid_unins,1,ch_dist,6,112
-0.00932007890541752,hispanic,0,ch_dist,6,112
-0.0030863286227616,hispanic,1,ch_dist,6,112
,overall,,ch_peri,6,112
,overall,,ch_teach,6,112
0.0346814376851782,overall,,ch_csection,6,112
0.0335637656710997,age,"(19.6,28.2]",ch_csection,6,112
0.0362407348168958,age,"(28.2,36.8]",ch_csection,6,112
0.0425860907345844,age,"(36.8,45.4]",ch_csection,6,112
0.0324335813670642,age,"[11,19.6]",ch_csection,6,112
0.0346814376851782,ci_scorent,100,ch_csection,6,112
0.0346814376851782,obgyn_10kwra,100,ch_csection,6,112
0.0314042518246466,nhblack,0,ch_csection,6,112
0.0378331851147141,nhblack,1,ch_csection,6,112
0.000306688409658615,mcaid_unins,0,ch_csection,6,112
0.0404028100273824,mcaid_unins,1,ch_csection,6,112
0.0338101652237297,hispanic,0,ch_csection,6,112
0.0393122667751483,hispanic,1,ch_csection,6,112
