mean,group_var,bin,outcome,mkt,boot_rep
-0.00803721353176052,overall,,ch_dist,6,79
-0.00811384990414761,age,"(19.6,28.2]",ch_dist,6,79
-0.00820327796893231,age,"(28.2,36.8]",ch_dist,6,79
-0.00697459363101998,age,"(36.8,45.4]",ch_dist,6,79
-0.00648746406029439,age,"(45.4,54]",ch_dist,6,79
-0.00770495561468041,age,"[11,19.6]",ch_dist,6,79
-0.00803721353176052,ci_scorent,100,ch_dist,6,79
-0.00803721353176052,obgyn_10kwra,100,ch_dist,6,79
-0.00991115821005132,nhblack,0,ch_dist,6,79
-0.00736234470984482,nhblack,1,ch_dist,6,79
-0.0118886947689959,mcaid_unins,0,ch_dist,6,79
-0.00742608652235607,mcaid_unins,1,ch_dist,6,79
-0.00911229777052776,hispanic,0,ch_dist,6,79
-0.00201372112375045,hispanic,1,ch_dist,6,79
,overall,,ch_peri,6,79
,overall,,ch_teach,6,79
0.0368294504883684,overall,,ch_csection,6,79
0.036759246285796,age,"(19.6,28.2]",ch_csection,6,79
0.0355380127101682,age,"(28.2,36.8]",ch_csection,6,79
0.0402805373979513,age,"(36.8,45.4]",ch_csection,6,79
0.0496611257772704,age,"(45.4,54]",ch_csection,6,79
0.0386237478481991,age,"[11,19.6]",ch_csection,6,79
0.0368294504883684,ci_scorent,100,ch_csection,6,79
0.0368294504883684,obgyn_10kwra,100,ch_csection,6,79
0.033113368338088,nhblack,0,ch_csection,6,79
0.0370639325541173,nhblack,1,ch_csection,6,79
0.0130007028061389,mcaid_unins,0,ch_csection,6,79
0.0406104351049122,mcaid_unins,1,ch_csection,6,79
0.0343663374933133,hispanic,0,ch_csection,6,79
0.0506298038846732,hispanic,1,ch_csection,6,79
