mean,group_var,bin,outcome,mkt,boot_rep
-0.00854865582228928,overall,,ch_dist,6,117
-0.00851018914095901,age,"(19.6,28.2]",ch_dist,6,117
-0.00904071979826292,age,"(28.2,36.8]",ch_dist,6,117
-0.00768171057826462,age,"(36.8,45.4]",ch_dist,6,117
-0.00716278229292799,age,"(45.4,54]",ch_dist,6,117
-0.00791793754072841,age,"[11,19.6]",ch_dist,6,117
-0.00854865582228928,ci_scorent,100,ch_dist,6,117
-0.00854865582228928,obgyn_10kwra,100,ch_dist,6,117
-0.0101948849026894,nhblack,0,ch_dist,6,117
-0.00795487835818744,nhblack,1,ch_dist,6,117
-0.0122984095795599,mcaid_unins,0,ch_dist,6,117
-0.00794667741641356,mcaid_unins,1,ch_dist,6,117
-0.00941202606520618,hispanic,0,ch_dist,6,117
-0.00402142971136075,hispanic,1,ch_dist,6,117
,overall,,ch_peri,6,117
,overall,,ch_teach,6,117
0.0363209963172684,overall,,ch_csection,6,117
0.0370243097633183,age,"(19.6,28.2]",ch_csection,6,117
0.0332481539290275,age,"(28.2,36.8]",ch_csection,6,117
0.0373523838229844,age,"(36.8,45.4]",ch_csection,6,117
0.0617337736352832,age,"(45.4,54]",ch_csection,6,117
0.0398324618187505,age,"[11,19.6]",ch_csection,6,117
0.0363209963172684,ci_scorent,100,ch_csection,6,117
0.0363209963172684,obgyn_10kwra,100,ch_csection,6,117
0.0371803633221138,nhblack,0,ch_csection,6,117
0.0298683158243824,nhblack,1,ch_csection,6,117
0.00463964052712344,mcaid_unins,0,ch_csection,6,117
0.0414070615068971,mcaid_unins,1,ch_csection,6,117
0.0349434189408585,hispanic,0,ch_csection,6,117
0.0435445534406143,hispanic,1,ch_csection,6,117
