mean,group_var,bin,outcome,mkt,boot_rep
-0.00860552732406542,overall,,ch_dist,6,88
-0.00870360315056849,age,"(19.6,28.2]",ch_dist,6,88
-0.00882041410653335,age,"(28.2,36.8]",ch_dist,6,88
-0.00820709192216799,age,"(36.8,45.4]",ch_dist,6,88
-0.00763931974349541,age,"(45.4,54]",ch_dist,6,88
-0.00774527412115824,age,"[11,19.6]",ch_dist,6,88
-0.00860552732406542,ci_scorent,100,ch_dist,6,88
-0.00860552732406542,obgyn_10kwra,100,ch_dist,6,88
-0.010212939583305,nhblack,0,ch_dist,6,88
-0.00873163863916228,nhblack,1,ch_dist,6,88
-0.01175609375606,mcaid_unins,0,ch_dist,6,88
-0.00811871739377061,mcaid_unins,1,ch_dist,6,88
-0.00970172646590383,hispanic,0,ch_dist,6,88
-0.00262427115862294,hispanic,1,ch_dist,6,88
,overall,,ch_peri,6,88
,overall,,ch_teach,6,88
0.0309268749660565,overall,,ch_csection,6,88
0.030733299314959,age,"(19.6,28.2]",ch_csection,6,88
0.0303507459471315,age,"(28.2,36.8]",ch_csection,6,88
0.0343333480949016,age,"(36.8,45.4]",ch_csection,6,88
0.0328559714686041,age,"(45.4,54]",ch_csection,6,88
0.0316041729532721,age,"[11,19.6]",ch_csection,6,88
0.0309268749660565,ci_scorent,100,ch_csection,6,88
0.0309268749660565,obgyn_10kwra,100,ch_csection,6,88
0.0297307861866939,nhblack,0,ch_csection,6,88
0.0295946843042574,nhblack,1,ch_csection,6,88
0.0114669110913641,mcaid_unins,0,ch_csection,6,88
0.0339337322604069,mcaid_unins,1,ch_csection,6,88
0.0288903224935167,hispanic,0,ch_csection,6,88
0.0420390365867971,hispanic,1,ch_csection,6,88
