mean,group_var,bin,outcome,mkt,boot_rep
-0.00869638022951827,overall,,ch_dist,6,128
-0.0086403381991688,age,"(19.6,28.2]",ch_dist,6,128
-0.00907307168115559,age,"(28.2,36.8]",ch_dist,6,128
-0.00907026125498184,age,"(36.8,45.4]",ch_dist,6,128
-0.0095480617976621,age,"(45.4,54]",ch_dist,6,128
-0.00782126784337075,age,"[11,19.6]",ch_dist,6,128
-0.00869638022951827,ci_scorent,100,ch_dist,6,128
-0.00869638022951827,obgyn_10kwra,100,ch_dist,6,128
-0.0105401730741047,nhblack,0,ch_dist,6,128
-0.00816758922486167,nhblack,1,ch_dist,6,128
-0.0112436957450927,mcaid_unins,0,ch_dist,6,128
-0.00829131997956131,mcaid_unins,1,ch_dist,6,128
-0.00976850752063378,hispanic,0,ch_dist,6,128
-0.00253479339870062,hispanic,1,ch_dist,6,128
,overall,,ch_peri,6,128
,overall,,ch_teach,6,128
0.0332045101744992,overall,,ch_csection,6,128
0.0324861807003793,age,"(19.6,28.2]",ch_csection,6,128
0.0340405238426306,age,"(28.2,36.8]",ch_csection,6,128
0.0400164979298971,age,"(36.8,45.4]",ch_csection,6,128
0.0483844137746261,age,"(45.4,54]",ch_csection,6,128
0.0311872695544611,age,"[11,19.6]",ch_csection,6,128
0.0332045101744992,ci_scorent,100,ch_csection,6,128
0.0332045101744992,obgyn_10kwra,100,ch_csection,6,128
0.0321355945355163,nhblack,0,ch_csection,6,128
0.0273718722926496,nhblack,1,ch_csection,6,128
0.00894398758490049,mcaid_unins,0,ch_csection,6,128
0.0370622864429461,mcaid_unins,1,ch_csection,6,128
0.0298325108684283,hispanic,0,ch_csection,6,128
0.0525836144002626,hispanic,1,ch_csection,6,128
