mean,group_var,bin,outcome,mkt,boot_rep
-0.00852396224218611,overall,,ch_dist,6,8
-0.00841169909138708,age,"(19.6,28.2]",ch_dist,6,8
-0.00926834406241068,age,"(28.2,36.8]",ch_dist,6,8
-0.00863331979670263,age,"(36.8,45.4]",ch_dist,6,8
-0.00724065690807831,age,"[11,19.6]",ch_dist,6,8
-0.00852396224218611,ci_scorent,100,ch_dist,6,8
-0.00852396224218611,obgyn_10kwra,100,ch_dist,6,8
-0.0102431568860405,nhblack,0,ch_dist,6,8
-0.00768461109502163,nhblack,1,ch_dist,6,8
-0.0121368353404957,mcaid_unins,0,ch_dist,6,8
-0.00798263275464805,mcaid_unins,1,ch_dist,6,8
-0.00941972277956671,hispanic,0,ch_dist,6,8
-0.00351636453067169,hispanic,1,ch_dist,6,8
,overall,,ch_peri,6,8
,overall,,ch_teach,6,8
0.0352764545615684,overall,,ch_csection,6,8
0.0335408000928155,age,"(19.6,28.2]",ch_csection,6,8
0.038446333337009,age,"(28.2,36.8]",ch_csection,6,8
0.0495053235234793,age,"(36.8,45.4]",ch_csection,6,8
0.0299565674290515,age,"[11,19.6]",ch_csection,6,8
0.0352764545615684,ci_scorent,100,ch_csection,6,8
0.0352764545615684,obgyn_10kwra,100,ch_csection,6,8
0.0333038781080724,nhblack,0,ch_csection,6,8
0.0363521283059228,nhblack,1,ch_csection,6,8
-0.00486412310203132,mcaid_unins,0,ch_csection,6,8
0.0412908585400212,mcaid_unins,1,ch_csection,6,8
0.0339052189297772,hispanic,0,ch_csection,6,8
0.0429421153326761,hispanic,1,ch_csection,6,8
