mean,group_var,bin,outcome,mkt,boot_rep
-0.00843857344323548,overall,,ch_dist,6,68
-0.00829105752933733,age,"(19.6,28.2]",ch_dist,6,68
-0.00894823352521171,age,"(28.2,36.8]",ch_dist,6,68
-0.0088675734630128,age,"(36.8,45.4]",ch_dist,6,68
-0.00969132267012524,age,"(45.4,54]",ch_dist,6,68
-0.00773792977209628,age,"[11,19.6]",ch_dist,6,68
-0.00843857344323548,ci_scorent,100,ch_dist,6,68
-0.00843857344323548,obgyn_10kwra,100,ch_dist,6,68
-0.00986637454661948,nhblack,0,ch_dist,6,68
-0.00877579751127558,nhblack,1,ch_dist,6,68
-0.0113658834879792,mcaid_unins,0,ch_dist,6,68
-0.00798056784839404,mcaid_unins,1,ch_dist,6,68
-0.00942295817989982,hispanic,0,ch_dist,6,68
-0.00302445739158165,hispanic,1,ch_dist,6,68
,overall,,ch_peri,6,68
,overall,,ch_teach,6,68
0.03637207904673,overall,,ch_csection,6,68
0.0358549863712865,age,"(19.6,28.2]",ch_csection,6,68
0.0370736861045808,age,"(28.2,36.8]",ch_csection,6,68
0.045070974421675,age,"(36.8,45.4]",ch_csection,6,68
0.0628504088335156,age,"(45.4,54]",ch_csection,6,68
0.0322005109299378,age,"[11,19.6]",ch_csection,6,68
0.03637207904673,ci_scorent,100,ch_csection,6,68
0.03637207904673,obgyn_10kwra,100,ch_csection,6,68
0.0397826716069151,nhblack,0,ch_csection,6,68
0.0267664320157236,nhblack,1,ch_csection,6,68
0.0120466390092483,mcaid_unins,0,ch_csection,6,68
0.0401780263033767,mcaid_unins,1,ch_csection,6,68
0.0350851086017974,hispanic,0,ch_csection,6,68
0.0434504164938594,hispanic,1,ch_csection,6,68
