mean,group_var,bin,outcome,mkt,boot_rep
-0.0086290477415941,overall,,ch_dist,6,59
-0.0085561202925314,age,"(19.6,28.2]",ch_dist,6,59
-0.00922921953946078,age,"(28.2,36.8]",ch_dist,6,59
-0.00892579232029633,age,"(36.8,45.4]",ch_dist,6,59
-0.0103245608212304,age,"(45.4,54]",ch_dist,6,59
-0.00747615273724,age,"[11,19.6]",ch_dist,6,59
-0.0086290477415941,ci_scorent,100,ch_dist,6,59
-0.0086290477415941,obgyn_10kwra,100,ch_dist,6,59
-0.0107159315636965,nhblack,0,ch_dist,6,59
-0.00725274820441165,nhblack,1,ch_dist,6,59
-0.0115948391089581,mcaid_unins,0,ch_dist,6,59
-0.00814076091962494,mcaid_unins,1,ch_dist,6,59
-0.00953865035292361,hispanic,0,ch_dist,6,59
-0.00321666768735248,hispanic,1,ch_dist,6,59
,overall,,ch_peri,6,59
,overall,,ch_teach,6,59
0.0316837929737699,overall,,ch_csection,6,59
0.0312977647844873,age,"(19.6,28.2]",ch_csection,6,59
0.0316129524556462,age,"(28.2,36.8]",ch_csection,6,59
0.0370311519008794,age,"(36.8,45.4]",ch_csection,6,59
0.046492611515828,age,"(45.4,54]",ch_csection,6,59
0.031205110317281,age,"[11,19.6]",ch_csection,6,59
0.0316837929737699,ci_scorent,100,ch_csection,6,59
0.0316837929737699,obgyn_10kwra,100,ch_csection,6,59
0.0320322147148825,nhblack,0,ch_csection,6,59
0.0323633064993758,nhblack,1,ch_csection,6,59
0.00650976618107569,mcaid_unins,0,ch_csection,6,59
0.0358284356731977,mcaid_unins,1,ch_csection,6,59
0.0322435714186482,hispanic,0,ch_csection,6,59
0.0283529607486673,hispanic,1,ch_csection,6,59
