mean,group_var,bin,outcome,mkt,boot_rep
-0.00831552341814332,overall,,ch_dist,6,85
-0.0083102006673082,age,"(19.6,28.2]",ch_dist,6,85
-0.00869368184935047,age,"(28.2,36.8]",ch_dist,6,85
-0.00808733659982268,age,"(36.8,45.4]",ch_dist,6,85
-0.00837087319350164,age,"(45.4,54]",ch_dist,6,85
-0.00747334434488198,age,"[11,19.6]",ch_dist,6,85
-0.00831552341814332,ci_scorent,100,ch_dist,6,85
-0.00831552341814332,obgyn_10kwra,100,ch_dist,6,85
-0.0099935341487117,nhblack,0,ch_dist,6,85
-0.00757500345576468,nhblack,1,ch_dist,6,85
-0.0104939599927107,mcaid_unins,0,ch_dist,6,85
-0.00797017341930908,mcaid_unins,1,ch_dist,6,85
-0.0092002916804569,hispanic,0,ch_dist,6,85
-0.00354171196573445,hispanic,1,ch_dist,6,85
,overall,,ch_peri,6,85
,overall,,ch_teach,6,85
0.0368148335110757,overall,,ch_csection,6,85
0.0395192359228783,age,"(19.6,28.2]",ch_csection,6,85
0.0288950650213845,age,"(28.2,36.8]",ch_csection,6,85
0.0248181124675539,age,"(36.8,45.4]",ch_csection,6,85
0.0215570467357761,age,"(45.4,54]",ch_csection,6,85
0.0479957110421751,age,"[11,19.6]",ch_csection,6,85
0.0368148335110757,ci_scorent,100,ch_csection,6,85
0.0368148335110757,obgyn_10kwra,100,ch_csection,6,85
0.0374327631003895,nhblack,0,ch_csection,6,85
0.0306021092526336,nhblack,1,ch_csection,6,85
0.0198465218049671,mcaid_unins,0,ch_csection,6,85
0.0395048390390481,mcaid_unins,1,ch_csection,6,85
0.0346076445824919,hispanic,0,ch_csection,6,85
0.0487238318711105,hispanic,1,ch_csection,6,85
