mean,group_var,bin,outcome,mkt,boot_rep
-0.00828488477646606,overall,,ch_dist,6,74
-0.00802625435683551,age,"(19.6,28.2]",ch_dist,6,74
-0.00930326046481325,age,"(28.2,36.8]",ch_dist,6,74
-0.00986156696057391,age,"(36.8,45.4]",ch_dist,6,74
-0.0133368025898803,age,"(45.4,54]",ch_dist,6,74
-0.00648191868969655,age,"[11,19.6]",ch_dist,6,74
-0.00828488477646606,ci_scorent,100,ch_dist,6,74
-0.00828488477646606,obgyn_10kwra,100,ch_dist,6,74
-0.00942764669684205,nhblack,0,ch_dist,6,74
-0.00868571485262608,nhblack,1,ch_dist,6,74
-0.0109689309988065,mcaid_unins,0,ch_dist,6,74
-0.00785767258392429,mcaid_unins,1,ch_dist,6,74
-0.00911697533179491,hispanic,0,ch_dist,6,74
-0.00345526062024063,hispanic,1,ch_dist,6,74
,overall,,ch_peri,6,74
,overall,,ch_teach,6,74
0.0350060857048334,overall,,ch_csection,6,74
0.0342143314060042,age,"(19.6,28.2]",ch_csection,6,74
0.0362363597882398,age,"(28.2,36.8]",ch_csection,6,74
0.041287960261333,age,"(36.8,45.4]",ch_csection,6,74
0.0634719719866581,age,"(45.4,54]",ch_csection,6,74
0.0329307782323365,age,"[11,19.6]",ch_csection,6,74
0.0350060857048334,ci_scorent,100,ch_csection,6,74
0.0350060857048334,obgyn_10kwra,100,ch_csection,6,74
0.0336904810315403,nhblack,0,ch_csection,6,74
0.0289535499816526,nhblack,1,ch_csection,6,74
0.00313975059558514,mcaid_unins,0,ch_csection,6,74
0.0400781618773598,mcaid_unins,1,ch_csection,6,74
0.0325387430001562,hispanic,0,ch_csection,6,74
0.0493270485518228,hispanic,1,ch_csection,6,74
