mean,group_var,bin,outcome,mkt,boot_rep
-0.00844684643185778,overall,,ch_dist,6,24
-0.00840920667290775,age,"(19.6,28.2]",ch_dist,6,24
-0.00900757701815839,age,"(28.2,36.8]",ch_dist,6,24
-0.00845070463573553,age,"(36.8,45.4]",ch_dist,6,24
-0.0099811654542564,age,"(45.4,54]",ch_dist,6,24
-0.00721885137417559,age,"[11,19.6]",ch_dist,6,24
-0.00844684643185778,ci_scorent,100,ch_dist,6,24
-0.00844684643185778,obgyn_10kwra,100,ch_dist,6,24
-0.0101486989415467,nhblack,0,ch_dist,6,24
-0.00763980553059382,nhblack,1,ch_dist,6,24
-0.0120364585327433,mcaid_unins,0,ch_dist,6,24
-0.00787089518690672,mcaid_unins,1,ch_dist,6,24
-0.00935377229605563,hispanic,0,ch_dist,6,24
-0.00303344144218565,hispanic,1,ch_dist,6,24
,overall,,ch_peri,6,24
,overall,,ch_teach,6,24
0.0293934930317897,overall,,ch_csection,6,24
0.0285437909966727,age,"(19.6,28.2]",ch_csection,6,24
0.0308709433450826,age,"(28.2,36.8]",ch_csection,6,24
0.0359192198384834,age,"(36.8,45.4]",ch_csection,6,24
0.0553159963101339,age,"(45.4,54]",ch_csection,6,24
0.0273004631257557,age,"[11,19.6]",ch_csection,6,24
0.0293934930317897,ci_scorent,100,ch_csection,6,24
0.0293934930317897,obgyn_10kwra,100,ch_csection,6,24
0.0288986515773009,nhblack,0,ch_csection,6,24
0.0270281853470695,nhblack,1,ch_csection,6,24
0.00851753207032225,mcaid_unins,0,ch_csection,6,24
0.0327430292399892,mcaid_unins,1,ch_csection,6,24
0.0272902002845976,hispanic,0,ch_csection,6,24
0.0419479651246783,hispanic,1,ch_csection,6,24
