mean,group_var,bin,outcome,mkt,boot_rep
-0.00848836665034939,overall,,ch_dist,6,144
-0.0083681622901608,age,"(19.6,28.2]",ch_dist,6,144
-0.00919316980422209,age,"(28.2,36.8]",ch_dist,6,144
-0.00870847291213739,age,"(36.8,45.4]",ch_dist,6,144
-0.0106339923515645,age,"(45.4,54]",ch_dist,6,144
-0.00712146365447407,age,"[11,19.6]",ch_dist,6,144
-0.00848836665034939,ci_scorent,100,ch_dist,6,144
-0.00848836665034939,obgyn_10kwra,100,ch_dist,6,144
-0.0103544772884126,nhblack,0,ch_dist,6,144
-0.00753305494102704,nhblack,1,ch_dist,6,144
-0.0125935827672279,mcaid_unins,0,ch_dist,6,144
-0.00781370096207642,mcaid_unins,1,ch_dist,6,144
-0.00943734976972141,hispanic,0,ch_dist,6,144
-0.00313634518609619,hispanic,1,ch_dist,6,144
,overall,,ch_peri,6,144
,overall,,ch_teach,6,144
0.0364459182160854,overall,,ch_csection,6,144
0.0379532867757882,age,"(19.6,28.2]",ch_csection,6,144
0.0320677472717735,age,"(28.2,36.8]",ch_csection,6,144
0.0332620005947015,age,"(36.8,45.4]",ch_csection,6,144
0.0285321577983114,age,"(45.4,54]",ch_csection,6,144
0.0416042975450491,age,"[11,19.6]",ch_csection,6,144
0.0364459182160854,ci_scorent,100,ch_csection,6,144
0.0364459182160854,obgyn_10kwra,100,ch_csection,6,144
0.0362102400554158,nhblack,0,ch_csection,6,144
0.0307974813939738,nhblack,1,ch_csection,6,144
0.00830463308586183,mcaid_unins,0,ch_csection,6,144
0.0410707562174778,mcaid_unins,1,ch_csection,6,144
0.0355331917438072,hispanic,0,ch_csection,6,144
0.0415934614873055,hispanic,1,ch_csection,6,144
