mean,group_var,bin,outcome,mkt,boot_rep
-0.00850666782368421,overall,,ch_dist,6,12
-0.0085713182469203,age,"(19.6,28.2]",ch_dist,6,12
-0.00887301569488573,age,"(28.2,36.8]",ch_dist,6,12
-0.00858077108733994,age,"(36.8,45.4]",ch_dist,6,12
-0.0104429712773602,age,"(45.4,54]",ch_dist,6,12
-0.00718225262910175,age,"[11,19.6]",ch_dist,6,12
-0.00850666782368421,ci_scorent,100,ch_dist,6,12
-0.00850666782368421,obgyn_10kwra,100,ch_dist,6,12
-0.0100645093006672,nhblack,0,ch_dist,6,12
-0.00836705105648672,nhblack,1,ch_dist,6,12
-0.0113274188962828,mcaid_unins,0,ch_dist,6,12
-0.0080654718067349,mcaid_unins,1,ch_dist,6,12
-0.00948932068356469,hispanic,0,ch_dist,6,12
-0.00287688581395225,hispanic,1,ch_dist,6,12
,overall,,ch_peri,6,12
,overall,,ch_teach,6,12
0.0403705410280009,overall,,ch_csection,6,12
0.0399437605050782,age,"(19.6,28.2]",ch_csection,6,12
0.0394166142235643,age,"(28.2,36.8]",ch_csection,6,12
0.0475332084468007,age,"(36.8,45.4]",ch_csection,6,12
0.0657306023470581,age,"(45.4,54]",ch_csection,6,12
0.0414744878725141,age,"[11,19.6]",ch_csection,6,12
0.0403705410280009,ci_scorent,100,ch_csection,6,12
0.0403705410280009,obgyn_10kwra,100,ch_csection,6,12
0.0377344959302698,nhblack,0,ch_csection,6,12
0.0374918056646384,nhblack,1,ch_csection,6,12
0.00233149873104798,mcaid_unins,0,ch_csection,6,12
0.046320259212286,mcaid_unins,1,ch_csection,6,12
0.0362189080132318,hispanic,0,ch_csection,6,12
0.064155938508449,hispanic,1,ch_csection,6,12
