mean,group_var,bin,outcome,mkt,boot_rep
-0.00832961559822254,overall,,ch_dist,6,10
-0.0082376188304266,age,"(19.6,28.2]",ch_dist,6,10
-0.00914988519020661,age,"(28.2,36.8]",ch_dist,6,10
-0.00859911538879116,age,"(36.8,45.4]",ch_dist,6,10
-0.00919079543117252,age,"(45.4,54]",ch_dist,6,10
-0.00679930154511025,age,"[11,19.6]",ch_dist,6,10
-0.00832961559822254,ci_scorent,100,ch_dist,6,10
-0.00832961559822254,obgyn_10kwra,100,ch_dist,6,10
-0.0103436299327662,nhblack,0,ch_dist,6,10
-0.00686281468345421,nhblack,1,ch_dist,6,10
-0.0116280823572541,mcaid_unins,0,ch_dist,6,10
-0.00780899911445855,mcaid_unins,1,ch_dist,6,10
-0.00924609675557237,hispanic,0,ch_dist,6,10
-0.00341506983430114,hispanic,1,ch_dist,6,10
,overall,,ch_peri,6,10
,overall,,ch_teach,6,10
0.0397277008759147,overall,,ch_csection,6,10
0.0396355433421426,age,"(19.6,28.2]",ch_csection,6,10
0.038541918808915,age,"(28.2,36.8]",ch_csection,6,10
0.0452300584880029,age,"(36.8,45.4]",ch_csection,6,10
0.0626972509851004,age,"(45.4,54]",ch_csection,6,10
0.0399622264922787,age,"[11,19.6]",ch_csection,6,10
0.0397277008759147,ci_scorent,100,ch_csection,6,10
0.0397277008759147,obgyn_10kwra,100,ch_csection,6,10
0.0365822529604221,nhblack,0,ch_csection,6,10
0.0476055388258403,nhblack,1,ch_csection,6,10
0.00891826004155497,mcaid_unins,0,ch_csection,6,10
0.0445905368314385,mcaid_unins,1,ch_csection,6,10
0.0401170153759186,hispanic,0,ch_csection,6,10
0.0376400377401446,hispanic,1,ch_csection,6,10
