mean,group_var,bin,outcome,mkt,boot_rep
-0.00878893939190732,overall,,ch_dist,6,125
-0.00879575145307546,age,"(19.6,28.2]",ch_dist,6,125
-0.0091799468480978,age,"(28.2,36.8]",ch_dist,6,125
-0.00842854896380638,age,"(36.8,45.4]",ch_dist,6,125
-0.00980942216642115,age,"(45.4,54]",ch_dist,6,125
-0.00804634835594689,age,"[11,19.6]",ch_dist,6,125
-0.00878893939190732,ci_scorent,100,ch_dist,6,125
-0.00878893939190732,obgyn_10kwra,100,ch_dist,6,125
-0.0102652458377416,nhblack,0,ch_dist,6,125
-0.00876799666371755,nhblack,1,ch_dist,6,125
-0.0113465265125804,mcaid_unins,0,ch_dist,6,125
-0.00839814144908755,mcaid_unins,1,ch_dist,6,125
-0.00969261168054661,hispanic,0,ch_dist,6,125
-0.0033900767443957,hispanic,1,ch_dist,6,125
,overall,,ch_peri,6,125
,overall,,ch_teach,6,125
0.0378390960575489,overall,,ch_csection,6,125
0.0377967214631791,age,"(19.6,28.2]",ch_csection,6,125
0.0363342971615523,age,"(28.2,36.8]",ch_csection,6,125
0.0394161515927229,age,"(36.8,45.4]",ch_csection,6,125
0.049569028280446,age,"(45.4,54]",ch_csection,6,125
0.0406049702011691,age,"[11,19.6]",ch_csection,6,125
0.0378390960575489,ci_scorent,100,ch_csection,6,125
0.0378390960575489,obgyn_10kwra,100,ch_csection,6,125
0.0395537875103178,nhblack,0,ch_csection,6,125
0.0273748552229026,nhblack,1,ch_csection,6,125
0.00757796406344532,mcaid_unins,0,ch_csection,6,125
0.0424629808257758,mcaid_unins,1,ch_csection,6,125
0.0358151677548286,hispanic,0,ch_csection,6,125
0.0499307702763653,hispanic,1,ch_csection,6,125
