mean,group_var,bin,outcome,mkt,boot_rep
-0.00839398511404729,overall,,ch_dist,6,75
-0.0080906077548132,age,"(19.6,28.2]",ch_dist,6,75
-0.00980904439627619,age,"(28.2,36.8]",ch_dist,6,75
-0.00966451890037621,age,"(36.8,45.4]",ch_dist,6,75
-0.0131362835112527,age,"(45.4,54]",ch_dist,6,75
-0.00586715192860649,age,"[11,19.6]",ch_dist,6,75
-0.00839398511404729,ci_scorent,100,ch_dist,6,75
-0.00839398511404729,obgyn_10kwra,100,ch_dist,6,75
-0.0101253562430357,nhblack,0,ch_dist,6,75
-0.00786928520201247,nhblack,1,ch_dist,6,75
-0.0123833830868004,mcaid_unins,0,ch_dist,6,75
-0.00777804058099393,mcaid_unins,1,ch_dist,6,75
-0.00932877757210163,hispanic,0,ch_dist,6,75
-0.0033869886556727,hispanic,1,ch_dist,6,75
,overall,,ch_peri,6,75
,overall,,ch_teach,6,75
0.0391025292158423,overall,,ch_csection,6,75
0.0400613262541845,age,"(19.6,28.2]",ch_csection,6,75
0.0347934495825029,age,"(28.2,36.8]",ch_csection,6,75
0.0391128402301226,age,"(36.8,45.4]",ch_csection,6,75
0.0478590379389057,age,"(45.4,54]",ch_csection,6,75
0.0444659211537263,age,"[11,19.6]",ch_csection,6,75
0.0391025292158423,ci_scorent,100,ch_csection,6,75
0.0391025292158423,obgyn_10kwra,100,ch_csection,6,75
0.0352685038313663,nhblack,0,ch_csection,6,75
0.0379503288337304,nhblack,1,ch_csection,6,75
-0.00147153771541408,mcaid_unins,0,ch_csection,6,75
0.0453669768544923,mcaid_unins,1,ch_csection,6,75
0.0349843810717857,hispanic,0,ch_csection,6,75
0.061160423451821,hispanic,1,ch_csection,6,75
