mean,group_var,bin,outcome,mkt,boot_rep
-0.00841176780818375,overall,,ch_dist,6,5
-0.00835993119211778,age,"(19.6,28.2]",ch_dist,6,5
-0.00897308883804984,age,"(28.2,36.8]",ch_dist,6,5
-0.00834047993742908,age,"(36.8,45.4]",ch_dist,6,5
-0.00984598277597166,age,"(45.4,54]",ch_dist,6,5
-0.00728445204694134,age,"[11,19.6]",ch_dist,6,5
-0.00841176780818375,ci_scorent,100,ch_dist,6,5
-0.00841176780818375,obgyn_10kwra,100,ch_dist,6,5
-0.0101913306920396,nhblack,0,ch_dist,6,5
-0.00780931542723413,nhblack,1,ch_dist,6,5
-0.0122086917475594,mcaid_unins,0,ch_dist,6,5
-0.00781783557185683,mcaid_unins,1,ch_dist,6,5
-0.00944846311015665,hispanic,0,ch_dist,6,5
-0.00286576594732257,hispanic,1,ch_dist,6,5
,overall,,ch_peri,6,5
,overall,,ch_teach,6,5
0.037996193883962,overall,,ch_csection,6,5
0.0354607901289546,age,"(19.6,28.2]",ch_csection,6,5
0.0420398864888806,age,"(28.2,36.8]",ch_csection,6,5
0.0522369302728317,age,"(36.8,45.4]",ch_csection,6,5
0.0687364905595234,age,"(45.4,54]",ch_csection,6,5
0.0333008474654058,age,"[11,19.6]",ch_csection,6,5
0.037996193883962,ci_scorent,100,ch_csection,6,5
0.037996193883962,obgyn_10kwra,100,ch_csection,6,5
0.037077446849634,nhblack,0,ch_csection,6,5
0.027550574608485,nhblack,1,ch_csection,6,5
0.0140561462937293,mcaid_unins,0,ch_csection,6,5
0.041741005797518,mcaid_unins,1,ch_csection,6,5
0.0341496213617374,hispanic,0,ch_csection,6,5
0.0585741769476423,hispanic,1,ch_csection,6,5
