mean,group_var,bin,outcome,mkt,boot_rep
-0.00769618264691984,overall,,ch_dist,6,15
-0.00767626688674766,age,"(19.6,28.2]",ch_dist,6,15
-0.0080982020645543,age,"(28.2,36.8]",ch_dist,6,15
-0.00797289197811655,age,"(36.8,45.4]",ch_dist,6,15
-0.00880878159127063,age,"(45.4,54]",ch_dist,6,15
-0.00656490216429652,age,"[11,19.6]",ch_dist,6,15
-0.00769618264691984,ci_scorent,100,ch_dist,6,15
-0.00769618264691984,obgyn_10kwra,100,ch_dist,6,15
-0.00961148401417906,nhblack,0,ch_dist,6,15
-0.00694199662061218,nhblack,1,ch_dist,6,15
-0.0105907676310719,mcaid_unins,0,ch_dist,6,15
-0.00723172388038736,mcaid_unins,1,ch_dist,6,15
-0.00869966410946337,hispanic,0,ch_dist,6,15
-0.00227763113568543,hispanic,1,ch_dist,6,15
,overall,,ch_peri,6,15
,overall,,ch_teach,6,15
0.0422121961249947,overall,,ch_csection,6,15
0.0417190075492852,age,"(19.6,28.2]",ch_csection,6,15
0.0426903414811424,age,"(28.2,36.8]",ch_csection,6,15
0.0456789718675628,age,"(36.8,45.4]",ch_csection,6,15
0.0598727730469373,age,"(45.4,54]",ch_csection,6,15
0.0419557160832116,age,"[11,19.6]",ch_csection,6,15
0.0422121961249947,ci_scorent,100,ch_csection,6,15
0.0422121961249947,obgyn_10kwra,100,ch_csection,6,15
0.0445921617877454,nhblack,0,ch_csection,6,15
0.0381353035553604,nhblack,1,ch_csection,6,15
0.019442140171348,mcaid_unins,0,ch_csection,6,15
0.0458658294299448,mcaid_unins,1,ch_csection,6,15
0.0419631842395722,hispanic,0,ch_csection,6,15
0.0435567986696709,hispanic,1,ch_csection,6,15
