mean,group_var,bin,outcome,mkt,boot_rep
-0.00837663615971745,overall,,ch_dist,6,82
-0.00843174818207987,age,"(19.6,28.2]",ch_dist,6,82
-0.00891918239272741,age,"(28.2,36.8]",ch_dist,6,82
-0.0081246738398542,age,"(36.8,45.4]",ch_dist,6,82
-0.0120602713287957,age,"(45.4,54]",ch_dist,6,82
-0.00689765469276627,age,"[11,19.6]",ch_dist,6,82
-0.00837663615971745,ci_scorent,100,ch_dist,6,82
-0.00837663615971745,obgyn_10kwra,100,ch_dist,6,82
-0.0101276332008011,nhblack,0,ch_dist,6,82
-0.00797741417351006,nhblack,1,ch_dist,6,82
-0.010489360769988,mcaid_unins,0,ch_dist,6,82
-0.00803282572639853,mcaid_unins,1,ch_dist,6,82
-0.00946485469320731,hispanic,0,ch_dist,6,82
-0.00261649158646394,hispanic,1,ch_dist,6,82
,overall,,ch_peri,6,82
,overall,,ch_teach,6,82
0.0339924657497662,overall,,ch_csection,6,82
0.0333954060204457,age,"(19.6,28.2]",ch_csection,6,82
0.0339116023211591,age,"(28.2,36.8]",ch_csection,6,82
0.0399772152686392,age,"(36.8,45.4]",ch_csection,6,82
0.0657103897594707,age,"(45.4,54]",ch_csection,6,82
0.0339653982838041,age,"[11,19.6]",ch_csection,6,82
0.0339924657497662,ci_scorent,100,ch_csection,6,82
0.0339924657497662,obgyn_10kwra,100,ch_csection,6,82
0.0331504707245447,nhblack,0,ch_csection,6,82
0.0355251469364324,nhblack,1,ch_csection,6,82
-0.00216310477093833,mcaid_unins,0,ch_csection,6,82
0.0398761773831648,mcaid_unins,1,ch_csection,6,82
0.0326839207256394,hispanic,0,ch_csection,6,82
0.0409188397156734,hispanic,1,ch_csection,6,82
