mean,group_var,bin,outcome,mkt,boot_rep
-0.00877271631669779,overall,,ch_dist,6,116
-0.00872727747989693,age,"(19.6,28.2]",ch_dist,6,116
-0.00937747339585388,age,"(28.2,36.8]",ch_dist,6,116
-0.0082782700355783,age,"(36.8,45.4]",ch_dist,6,116
-0.0100626704815636,age,"(45.4,54]",ch_dist,6,116
-0.00791871304974334,age,"[11,19.6]",ch_dist,6,116
-0.00877271631669779,ci_scorent,100,ch_dist,6,116
-0.00877271631669779,obgyn_10kwra,100,ch_dist,6,116
-0.0102312206978206,nhblack,0,ch_dist,6,116
-0.00803079198655983,nhblack,1,ch_dist,6,116
-0.0127617364822011,mcaid_unins,0,ch_dist,6,116
-0.00819125993778457,mcaid_unins,1,ch_dist,6,116
-0.00955367668377711,hispanic,0,ch_dist,6,116
-0.00454702482552107,hispanic,1,ch_dist,6,116
,overall,,ch_peri,6,116
,overall,,ch_teach,6,116
0.0318541330221091,overall,,ch_csection,6,116
0.0317654656545918,age,"(19.6,28.2]",ch_csection,6,116
0.0302693382472477,age,"(28.2,36.8]",ch_csection,6,116
0.0383708857902474,age,"(36.8,45.4]",ch_csection,6,116
0.0492906353089317,age,"(45.4,54]",ch_csection,6,116
0.0326180654344781,age,"[11,19.6]",ch_csection,6,116
0.0318541330221091,ci_scorent,100,ch_csection,6,116
0.0318541330221091,obgyn_10kwra,100,ch_csection,6,116
0.0306771898890775,nhblack,0,ch_csection,6,116
0.0316301404284187,nhblack,1,ch_csection,6,116
0.00381891874305035,mcaid_unins,0,ch_csection,6,116
0.0359406639245421,mcaid_unins,1,ch_csection,6,116
0.0296868379701096,hispanic,0,ch_csection,6,116
0.0435811305064432,hispanic,1,ch_csection,6,116
