mean,group_var,bin,outcome,mkt,boot_rep
-0.00828725176581937,overall,,ch_dist,6,136
-0.00832520629004156,age,"(19.6,28.2]",ch_dist,6,136
-0.00887432607037626,age,"(28.2,36.8]",ch_dist,6,136
-0.00826520222495493,age,"(36.8,45.4]",ch_dist,6,136
-0.0100719314664814,age,"(45.4,54]",ch_dist,6,136
-0.00667147672405162,age,"[11,19.6]",ch_dist,6,136
-0.00828725176581937,ci_scorent,100,ch_dist,6,136
-0.00828725176581937,obgyn_10kwra,100,ch_dist,6,136
-0.01036653858659,nhblack,0,ch_dist,6,136
-0.00697867099088444,nhblack,1,ch_dist,6,136
-0.0115945982250249,mcaid_unins,0,ch_dist,6,136
-0.0077985247319097,mcaid_unins,1,ch_dist,6,136
-0.00921766872218743,hispanic,0,ch_dist,6,136
-0.00340481012883963,hispanic,1,ch_dist,6,136
,overall,,ch_peri,6,136
,overall,,ch_teach,6,136
0.037457540473014,overall,,ch_csection,6,136
0.0369885714233422,age,"(19.6,28.2]",ch_csection,6,136
0.0374900256208711,age,"(28.2,36.8]",ch_csection,6,136
0.0419506975589777,age,"(36.8,45.4]",ch_csection,6,136
0.0569278838339425,age,"(45.4,54]",ch_csection,6,136
0.0374920895358144,age,"[11,19.6]",ch_csection,6,136
0.037457540473014,ci_scorent,100,ch_csection,6,136
0.037457540473014,obgyn_10kwra,100,ch_csection,6,136
0.0382062146122969,nhblack,0,ch_csection,6,136
0.0372681619101921,nhblack,1,ch_csection,6,136
0.0202400370720723,mcaid_unins,0,ch_csection,6,136
0.0400017732808745,mcaid_unins,1,ch_csection,6,136
0.0374076054166346,hispanic,0,ch_csection,6,136
0.0377195789029276,hispanic,1,ch_csection,6,136
