mean,group_var,bin,outcome,mkt,boot_rep
-0.00836900788255097,overall,,ch_dist,6,14
-0.00837993409212299,age,"(19.6,28.2]",ch_dist,6,14
-0.00882462748605072,age,"(28.2,36.8]",ch_dist,6,14
-0.00804853259130505,age,"(36.8,45.4]",ch_dist,6,14
-0.00959339363685188,age,"(45.4,54]",ch_dist,6,14
-0.00741638652158117,age,"[11,19.6]",ch_dist,6,14
-0.00836900788255097,ci_scorent,100,ch_dist,6,14
-0.00836900788255097,obgyn_10kwra,100,ch_dist,6,14
-0.00975552862985905,nhblack,0,ch_dist,6,14
-0.00815886919823481,nhblack,1,ch_dist,6,14
-0.0110853573036323,mcaid_unins,0,ch_dist,6,14
-0.00792634353244883,mcaid_unins,1,ch_dist,6,14
-0.0093098281167328,hispanic,0,ch_dist,6,14
-0.00293807696209739,hispanic,1,ch_dist,6,14
,overall,,ch_peri,6,14
,overall,,ch_teach,6,14
0.036317590561048,overall,,ch_csection,6,14
0.0339903871120161,age,"(19.6,28.2]",ch_csection,6,14
0.0405535324318257,age,"(28.2,36.8]",ch_csection,6,14
0.0516848691019093,age,"(36.8,45.4]",ch_csection,6,14
0.0715827320125517,age,"(45.4,54]",ch_csection,6,14
0.0313194885708086,age,"[11,19.6]",ch_csection,6,14
0.036317590561048,ci_scorent,100,ch_csection,6,14
0.036317590561048,obgyn_10kwra,100,ch_csection,6,14
0.0323447578304315,nhblack,0,ch_csection,6,14
0.036171863174656,nhblack,1,ch_csection,6,14
0.0112150245847055,mcaid_unins,0,ch_csection,6,14
0.040408379090526,mcaid_unins,1,ch_csection,6,14
0.0332501432824074,hispanic,0,ch_csection,6,14
0.0540245803420637,hispanic,1,ch_csection,6,14
