mean,group_var,bin,outcome,mkt,boot_rep
-0.00800111790133929,overall,,ch_dist,6,114
-0.00778649386730007,age,"(19.6,28.2]",ch_dist,6,114
-0.00910879675440706,age,"(28.2,36.8]",ch_dist,6,114
-0.00861597487336113,age,"(36.8,45.4]",ch_dist,6,114
-0.0115998387491924,age,"(45.4,54]",ch_dist,6,114
-0.00620975032672595,age,"[11,19.6]",ch_dist,6,114
-0.00800111790133929,ci_scorent,100,ch_dist,6,114
-0.00800111790133929,obgyn_10kwra,100,ch_dist,6,114
-0.00997606760374364,nhblack,0,ch_dist,6,114
-0.00780952763928267,nhblack,1,ch_dist,6,114
-0.0113929975620644,mcaid_unins,0,ch_dist,6,114
-0.00747018861634207,mcaid_unins,1,ch_dist,6,114
-0.00918851391771657,hispanic,0,ch_dist,6,114
-0.00138519473512024,hispanic,1,ch_dist,6,114
,overall,,ch_peri,6,114
,overall,,ch_teach,6,114
0.0379650397999693,overall,,ch_csection,6,114
0.0362453423411081,age,"(19.6,28.2]",ch_csection,6,114
0.0419105092138506,age,"(28.2,36.8]",ch_csection,6,114
0.0539554902303137,age,"(36.8,45.4]",ch_csection,6,114
0.0787148823662925,age,"(45.4,54]",ch_csection,6,114
0.030630876342451,age,"[11,19.6]",ch_csection,6,114
0.0379650397999693,ci_scorent,100,ch_csection,6,114
0.0379650397999693,obgyn_10kwra,100,ch_csection,6,114
0.036540667200287,nhblack,0,ch_csection,6,114
0.0324645603889343,nhblack,1,ch_csection,6,114
0.0176007326390963,mcaid_unins,0,ch_csection,6,114
0.0411526549637912,mcaid_unins,1,ch_csection,6,114
0.0350098493804964,hispanic,0,ch_csection,6,114
0.0544307449961433,hispanic,1,ch_csection,6,114
