mean,group_var,bin,outcome,mkt,boot_rep
-0.00889991133896888,overall,,ch_dist,6,48
-0.00887654533529579,age,"(19.6,28.2]",ch_dist,6,48
-0.0093108118103088,age,"(28.2,36.8]",ch_dist,6,48
-0.00871273569983683,age,"(36.8,45.4]",ch_dist,6,48
-0.0101294331476048,age,"(45.4,54]",ch_dist,6,48
-0.00811666200078217,age,"[11,19.6]",ch_dist,6,48
-0.00889991133896888,ci_scorent,100,ch_dist,6,48
-0.00889991133896888,obgyn_10kwra,100,ch_dist,6,48
-0.010551314346577,nhblack,0,ch_dist,6,48
-0.00852103192354403,nhblack,1,ch_dist,6,48
-0.0123321612027726,mcaid_unins,0,ch_dist,6,48
-0.00836874806169868,mcaid_unins,1,ch_dist,6,48
-0.00989789860688586,hispanic,0,ch_dist,6,48
-0.00320452355837911,hispanic,1,ch_dist,6,48
,overall,,ch_peri,6,48
,overall,,ch_teach,6,48
0.0325585319180976,overall,,ch_csection,6,48
0.0319591957585579,age,"(19.6,28.2]",ch_csection,6,48
0.0326593442163818,age,"(28.2,36.8]",ch_csection,6,48
0.0404729170373846,age,"(36.8,45.4]",ch_csection,6,48
0.0616654966534412,age,"(45.4,54]",ch_csection,6,48
0.0312576379365872,age,"[11,19.6]",ch_csection,6,48
0.0325585319180976,ci_scorent,100,ch_csection,6,48
0.0325585319180976,obgyn_10kwra,100,ch_csection,6,48
0.0285495059206759,nhblack,0,ch_csection,6,48
0.0383669633163956,nhblack,1,ch_csection,6,48
0.00175568138937617,mcaid_unins,0,ch_csection,6,48
0.0373254759592775,mcaid_unins,1,ch_csection,6,48
0.0311241355527274,hispanic,0,ch_csection,6,48
0.0407444515129465,hispanic,1,ch_csection,6,48
