mean,group_var,bin,outcome,mkt,boot_rep
-0.00859604613099493,overall,,ch_dist,6,103
-0.008561232059657,age,"(19.6,28.2]",ch_dist,6,103
-0.00914648830646107,age,"(28.2,36.8]",ch_dist,6,103
-0.00857898102286865,age,"(36.8,45.4]",ch_dist,6,103
-0.0110006360299545,age,"(45.4,54]",ch_dist,6,103
-0.00735878871756208,age,"[11,19.6]",ch_dist,6,103
-0.00859604613099493,ci_scorent,100,ch_dist,6,103
-0.00859604613099493,obgyn_10kwra,100,ch_dist,6,103
-0.010457533876626,nhblack,0,ch_dist,6,103
-0.00819785919913452,nhblack,1,ch_dist,6,103
-0.0109081698410107,mcaid_unins,0,ch_dist,6,103
-0.00826618042501653,mcaid_unins,1,ch_dist,6,103
-0.00974636149115881,hispanic,0,ch_dist,6,103
-0.00225047777140071,hispanic,1,ch_dist,6,103
,overall,,ch_peri,6,103
,overall,,ch_teach,6,103
0.0399878120585483,overall,,ch_csection,6,103
0.0391181283782083,age,"(19.6,28.2]",ch_csection,6,103
0.041524398978854,age,"(28.2,36.8]",ch_csection,6,103
0.0485326590703882,age,"(36.8,45.4]",ch_csection,6,103
0.0668048696071606,age,"(45.4,54]",ch_csection,6,103
0.0356573794538424,age,"[11,19.6]",ch_csection,6,103
0.0399878120585483,ci_scorent,100,ch_csection,6,103
0.0399878120585483,obgyn_10kwra,100,ch_csection,6,103
0.0411839880382986,nhblack,0,ch_csection,6,103
0.0374270515601768,nhblack,1,ch_csection,6,103
0.0251270330341217,mcaid_unins,0,ch_csection,6,103
0.0421079673698954,mcaid_unins,1,ch_csection,6,103
0.0389936646584975,hispanic,0,ch_csection,6,103
0.0454718997313728,hispanic,1,ch_csection,6,103
