mean,group_var,bin,outcome,mkt,boot_rep
-0.00848344912644981,overall,,ch_dist,6,31
-0.0083800784354388,age,"(19.6,28.2]",ch_dist,6,31
-0.00921395590114884,age,"(28.2,36.8]",ch_dist,6,31
-0.00937291019463676,age,"(36.8,45.4]",ch_dist,6,31
-0.0105663401697474,age,"(45.4,54]",ch_dist,6,31
-0.00677259653819553,age,"[11,19.6]",ch_dist,6,31
-0.00848344912644981,ci_scorent,100,ch_dist,6,31
-0.00848344912644981,obgyn_10kwra,100,ch_dist,6,31
-0.0104715347038077,nhblack,0,ch_dist,6,31
-0.00751849735129799,nhblack,1,ch_dist,6,31
-0.0114417316890618,mcaid_unins,0,ch_dist,6,31
-0.00801349117509604,mcaid_unins,1,ch_dist,6,31
-0.00957648948918955,hispanic,0,ch_dist,6,31
-0.00250113935641119,hispanic,1,ch_dist,6,31
,overall,,ch_peri,6,31
,overall,,ch_teach,6,31
0.0336351605280171,overall,,ch_csection,6,31
0.0319753523165651,age,"(19.6,28.2]",ch_csection,6,31
0.0355880617759089,age,"(28.2,36.8]",ch_csection,6,31
0.0461655725460386,age,"(36.8,45.4]",ch_csection,6,31
0.066061429328217,age,"(45.4,54]",ch_csection,6,31
0.0319260809972864,age,"[11,19.6]",ch_csection,6,31
0.0336351605280171,ci_scorent,100,ch_csection,6,31
0.0336351605280171,obgyn_10kwra,100,ch_csection,6,31
0.0299935706651783,nhblack,0,ch_csection,6,31
0.0313651632650152,nhblack,1,ch_csection,6,31
0.00597160756841414,mcaid_unins,0,ch_csection,6,31
0.0380298410228319,mcaid_unins,1,ch_csection,6,31
0.0302807703161905,hispanic,0,ch_csection,6,31
0.05199404462854,hispanic,1,ch_csection,6,31
