mean,group_var,bin,outcome,mkt,boot_rep
-0.00862820788403611,overall,,ch_dist,6,81
-0.00862769749851257,age,"(19.6,28.2]",ch_dist,6,81
-0.00914575319420678,age,"(28.2,36.8]",ch_dist,6,81
-0.0086371631503448,age,"(36.8,45.4]",ch_dist,6,81
-0.00930312386808785,age,"(45.4,54]",ch_dist,6,81
-0.00743075146386214,age,"[11,19.6]",ch_dist,6,81
-0.00862820788403611,ci_scorent,100,ch_dist,6,81
-0.00862820788403611,obgyn_10kwra,100,ch_dist,6,81
-0.0100832713463901,nhblack,0,ch_dist,6,81
-0.00884528931261405,nhblack,1,ch_dist,6,81
-0.0107988280044487,mcaid_unins,0,ch_dist,6,81
-0.00829794868549706,mcaid_unins,1,ch_dist,6,81
-0.00967516830332838,hispanic,0,ch_dist,6,81
-0.00276843451687477,hispanic,1,ch_dist,6,81
,overall,,ch_peri,6,81
,overall,,ch_teach,6,81
0.0340533157888855,overall,,ch_csection,6,81
0.0349126201823482,age,"(19.6,28.2]",ch_csection,6,81
0.0310312009032187,age,"(28.2,36.8]",ch_csection,6,81
0.0312188284964762,age,"(36.8,45.4]",ch_csection,6,81
0.033661089218429,age,"(45.4,54]",ch_csection,6,81
0.0377418098370303,age,"[11,19.6]",ch_csection,6,81
0.0340533157888855,ci_scorent,100,ch_csection,6,81
0.0340533157888855,obgyn_10kwra,100,ch_csection,6,81
0.0375275227631482,nhblack,0,ch_csection,6,81
0.0272436641562636,nhblack,1,ch_csection,6,81
0.0127933348705194,mcaid_unins,0,ch_csection,6,81
0.0372880154919917,mcaid_unins,1,ch_csection,6,81
0.0336543262738268,hispanic,0,ch_csection,6,81
0.0362864356767394,hispanic,1,ch_csection,6,81
