mean,group_var,bin,outcome,mkt,boot_rep
-0.00887597986733843,overall,,ch_dist,6,130
-0.00886445246555938,age,"(19.6,28.2]",ch_dist,6,130
-0.00919575996611726,age,"(28.2,36.8]",ch_dist,6,130
-0.00936404200952803,age,"(36.8,45.4]",ch_dist,6,130
-0.0108989765677161,age,"(45.4,54]",ch_dist,6,130
-0.00789146912658041,age,"[11,19.6]",ch_dist,6,130
-0.00887597986733843,ci_scorent,100,ch_dist,6,130
-0.00887597986733843,obgyn_10kwra,100,ch_dist,6,130
-0.0105142922166878,nhblack,0,ch_dist,6,130
-0.00839471442828282,nhblack,1,ch_dist,6,130
-0.0111828922970729,mcaid_unins,0,ch_dist,6,130
-0.00851468728171647,mcaid_unins,1,ch_dist,6,130
-0.00981725942868482,hispanic,0,ch_dist,6,130
-0.00348045281088215,hispanic,1,ch_dist,6,130
,overall,,ch_peri,6,130
,overall,,ch_teach,6,130
0.0322112513830106,overall,,ch_csection,6,130
0.0289729535429977,age,"(19.6,28.2]",ch_csection,6,130
0.0385765129777726,age,"(28.2,36.8]",ch_csection,6,130
0.0531061393337048,age,"(36.8,45.4]",ch_csection,6,130
0.0817675451541756,age,"(45.4,54]",ch_csection,6,130
0.0230192963176857,age,"[11,19.6]",ch_csection,6,130
0.0322112513830106,ci_scorent,100,ch_csection,6,130
0.0322112513830106,obgyn_10kwra,100,ch_csection,6,130
0.0291504194436565,nhblack,0,ch_csection,6,130
0.0240559082644763,nhblack,1,ch_csection,6,130
0.0106398712153508,mcaid_unins,0,ch_csection,6,130
0.0355896109669091,mcaid_unins,1,ch_csection,6,130
0.0273792418677008,hispanic,0,ch_csection,6,130
0.059908908006529,hispanic,1,ch_csection,6,130
