mean,group_var,bin,outcome,mkt,boot_rep
-0.00827436228344663,overall,,ch_dist,6,49
-0.00811261747820835,age,"(19.6,28.2]",ch_dist,6,49
-0.00924355823941846,age,"(28.2,36.8]",ch_dist,6,49
-0.00940145286028322,age,"(36.8,45.4]",ch_dist,6,49
-0.0115029610766691,age,"(45.4,54]",ch_dist,6,49
-0.00625100739517892,age,"[11,19.6]",ch_dist,6,49
-0.00827436228344663,ci_scorent,100,ch_dist,6,49
-0.00827436228344663,obgyn_10kwra,100,ch_dist,6,49
-0.0102670725943608,nhblack,0,ch_dist,6,49
-0.00749495057255991,nhblack,1,ch_dist,6,49
-0.010765143335675,mcaid_unins,0,ch_dist,6,49
-0.00787570331207451,mcaid_unins,1,ch_dist,6,49
-0.00927191312394648,hispanic,0,ch_dist,6,49
-0.00263653317589153,hispanic,1,ch_dist,6,49
,overall,,ch_peri,6,49
,overall,,ch_teach,6,49
0.0341673718595298,overall,,ch_csection,6,49
0.0339892175801434,age,"(19.6,28.2]",ch_csection,6,49
0.0319032705905219,age,"(28.2,36.8]",ch_csection,6,49
0.0385338647772846,age,"(36.8,45.4]",ch_csection,6,49
0.0449462910849622,age,"(45.4,54]",ch_csection,6,49
0.03831228530568,age,"[11,19.6]",ch_csection,6,49
0.0341673718595298,ci_scorent,100,ch_csection,6,49
0.0341673718595298,obgyn_10kwra,100,ch_csection,6,49
0.0292493163496428,nhblack,0,ch_csection,6,49
0.0286292161329155,nhblack,1,ch_csection,6,49
0.00139308861806728,mcaid_unins,0,ch_csection,6,49
0.0394130204213778,mcaid_unins,1,ch_csection,6,49
0.0293616769515109,hispanic,0,ch_csection,6,49
0.0613275781713023,hispanic,1,ch_csection,6,49
