mean,group_var,bin,outcome,mkt,boot_rep
-0.00834376887648357,overall,,ch_dist,6,69
-0.00828460567471427,age,"(19.6,28.2]",ch_dist,6,69
-0.00892097823172493,age,"(28.2,36.8]",ch_dist,6,69
-0.00865856680485422,age,"(36.8,45.4]",ch_dist,6,69
-0.0114870037479821,age,"(45.4,54]",ch_dist,6,69
-0.00718083700290181,age,"[11,19.6]",ch_dist,6,69
-0.00834376887648357,ci_scorent,100,ch_dist,6,69
-0.00834376887648357,obgyn_10kwra,100,ch_dist,6,69
-0.00997252140382042,nhblack,0,ch_dist,6,69
-0.00794441524291174,nhblack,1,ch_dist,6,69
-0.0122481991059244,mcaid_unins,0,ch_dist,6,69
-0.00772175456029885,mcaid_unins,1,ch_dist,6,69
-0.00935607488167137,hispanic,0,ch_dist,6,69
-0.00266683954215452,hispanic,1,ch_dist,6,69
,overall,,ch_peri,6,69
,overall,,ch_teach,6,69
0.0334811268242333,overall,,ch_csection,6,69
0.0330167198948475,age,"(19.6,28.2]",ch_csection,6,69
0.0330869720731618,age,"(28.2,36.8]",ch_csection,6,69
0.0394985924655306,age,"(36.8,45.4]",ch_csection,6,69
0.0491855112686559,age,"(45.4,54]",ch_csection,6,69
0.0337707041749186,age,"[11,19.6]",ch_csection,6,69
0.0334811268242333,ci_scorent,100,ch_csection,6,69
0.0334811268242333,obgyn_10kwra,100,ch_csection,6,69
0.0333388939309513,nhblack,0,ch_csection,6,69
0.0280490766895173,nhblack,1,ch_csection,6,69
0.0163713299521219,mcaid_unins,0,ch_csection,6,69
0.0362068865320691,mcaid_unins,1,ch_csection,6,69
0.0310907557082751,hispanic,0,ch_csection,6,69
0.0468861326609799,hispanic,1,ch_csection,6,69
