mean,group_var,bin,outcome,mkt,boot_rep
-0.00820580198865369,overall,,ch_dist,6,89
-0.00815525428286251,age,"(19.6,28.2]",ch_dist,6,89
-0.00865398824792563,age,"(28.2,36.8]",ch_dist,6,89
-0.00844461698523361,age,"(36.8,45.4]",ch_dist,6,89
-0.0105182172823192,age,"(45.4,54]",ch_dist,6,89
-0.00727868251109236,age,"[11,19.6]",ch_dist,6,89
-0.00820580198865369,ci_scorent,100,ch_dist,6,89
-0.00820580198865369,obgyn_10kwra,100,ch_dist,6,89
-0.00923603325990506,nhblack,0,ch_dist,6,89
-0.00837327521650673,nhblack,1,ch_dist,6,89
-0.00994481464210761,mcaid_unins,0,ch_dist,6,89
-0.00796344289362148,mcaid_unins,1,ch_dist,6,89
-0.00895978857824627,hispanic,0,ch_dist,6,89
-0.00397017144123655,hispanic,1,ch_dist,6,89
,overall,,ch_peri,6,89
,overall,,ch_teach,6,89
0.0317559668281544,overall,,ch_csection,6,89
0.0277994453743565,age,"(19.6,28.2]",ch_csection,6,89
0.0419119301785262,age,"(28.2,36.8]",ch_csection,6,89
0.0573381178920314,age,"(36.8,45.4]",ch_csection,6,89
0.0745657217629666,age,"(45.4,54]",ch_csection,6,89
0.0175751411532216,age,"[11,19.6]",ch_csection,6,89
0.0317559668281544,ci_scorent,100,ch_csection,6,89
0.0317559668281544,obgyn_10kwra,100,ch_csection,6,89
0.0332514866943743,nhblack,0,ch_csection,6,89
0.0255038249252022,nhblack,1,ch_csection,6,89
0.0157832997950074,mcaid_unins,0,ch_csection,6,89
0.0339820122336987,mcaid_unins,1,ch_csection,6,89
0.0315745969001428,hispanic,0,ch_csection,6,89
0.0327748390708081,hispanic,1,ch_csection,6,89
