mean,group_var,bin,outcome,mkt,boot_rep
-0.00783219995500346,overall,,ch_dist,6,92
-0.00775530467553182,age,"(19.6,28.2]",ch_dist,6,92
-0.00855215874651256,age,"(28.2,36.8]",ch_dist,6,92
-0.00844631536672951,age,"(36.8,45.4]",ch_dist,6,92
-0.0110164648098182,age,"(45.4,54]",ch_dist,6,92
-0.00616248300428788,age,"[11,19.6]",ch_dist,6,92
-0.00783219995500346,ci_scorent,100,ch_dist,6,92
-0.00783219995500346,obgyn_10kwra,100,ch_dist,6,92
-0.00955850810343269,nhblack,0,ch_dist,6,92
-0.00775567830052226,nhblack,1,ch_dist,6,92
-0.0112708318555504,mcaid_unins,0,ch_dist,6,92
-0.00727568960701371,mcaid_unins,1,ch_dist,6,92
-0.00892699720629009,hispanic,0,ch_dist,6,92
-0.00162458667451224,hispanic,1,ch_dist,6,92
,overall,,ch_peri,6,92
,overall,,ch_teach,6,92
0.0396033090130896,overall,,ch_csection,6,92
0.0366509504681255,age,"(19.6,28.2]",ch_csection,6,92
0.0458778988088459,age,"(28.2,36.8]",ch_csection,6,92
0.0589154273848249,age,"(36.8,45.4]",ch_csection,6,92
0.0877331188704041,age,"(45.4,54]",ch_csection,6,92
0.0294829152205959,age,"[11,19.6]",ch_csection,6,92
0.0396033090130896,ci_scorent,100,ch_csection,6,92
0.0396033090130896,obgyn_10kwra,100,ch_csection,6,92
0.0376149821789795,nhblack,0,ch_csection,6,92
0.0409062535045901,nhblack,1,ch_csection,6,92
0.0201788801925894,mcaid_unins,0,ch_csection,6,92
0.0427469707817945,mcaid_unins,1,ch_csection,6,92
0.0390998133350113,hispanic,0,ch_csection,6,92
0.0424581814145642,hispanic,1,ch_csection,6,92
