mean,group_var,bin,outcome,mkt,boot_rep
-0.00873586654606221,overall,,ch_dist,6,102
-0.008631660523923,age,"(19.6,28.2]",ch_dist,6,102
-0.00941181091345625,age,"(28.2,36.8]",ch_dist,6,102
-0.00839472072613277,age,"(36.8,45.4]",ch_dist,6,102
-0.0113054540425668,age,"(45.4,54]",ch_dist,6,102
-0.00770404106394993,age,"[11,19.6]",ch_dist,6,102
-0.00873586654606221,ci_scorent,100,ch_dist,6,102
-0.00873586654606221,obgyn_10kwra,100,ch_dist,6,102
-0.0104907639516445,nhblack,0,ch_dist,6,102
-0.0085709305830557,nhblack,1,ch_dist,6,102
-0.0118625291338562,mcaid_unins,0,ch_dist,6,102
-0.00826307789591768,mcaid_unins,1,ch_dist,6,102
-0.00982954945710072,hispanic,0,ch_dist,6,102
-0.00251430859089097,hispanic,1,ch_dist,6,102
,overall,,ch_peri,6,102
,overall,,ch_teach,6,102
0.0326999182837593,overall,,ch_csection,6,102
0.0338273146499958,age,"(19.6,28.2]",ch_csection,6,102
0.0281957328343142,age,"(28.2,36.8]",ch_csection,6,102
0.0324844062562325,age,"(36.8,45.4]",ch_csection,6,102
0.0325308780012694,age,"(45.4,54]",ch_csection,6,102
0.0381061829648912,age,"[11,19.6]",ch_csection,6,102
0.0326999182837593,ci_scorent,100,ch_csection,6,102
0.0326999182837593,obgyn_10kwra,100,ch_csection,6,102
0.0283641655555306,nhblack,0,ch_csection,6,102
0.0355367809091135,nhblack,1,ch_csection,6,102
0.0017802383956762,mcaid_unins,0,ch_csection,6,102
0.0373753424162691,mcaid_unins,1,ch_csection,6,102
0.0307522230291112,hispanic,0,ch_csection,6,102
0.0437796368964409,hispanic,1,ch_csection,6,102
