mean,group_var,bin,outcome,mkt,boot_rep
-0.00869978571406324,overall,,ch_dist,6,34
-0.00846626773093167,age,"(19.6,28.2]",ch_dist,6,34
-0.00973951307708459,age,"(28.2,36.8]",ch_dist,6,34
-0.0098357132148598,age,"(36.8,45.4]",ch_dist,6,34
-0.011348888683211,age,"(45.4,54]",ch_dist,6,34
-0.0066456845939483,age,"[11,19.6]",ch_dist,6,34
-0.00869978571406324,ci_scorent,100,ch_dist,6,34
-0.00869978571406324,obgyn_10kwra,100,ch_dist,6,34
-0.0105558069485923,nhblack,0,ch_dist,6,34
-0.0080808167331296,nhblack,1,ch_dist,6,34
-0.0124186252422233,mcaid_unins,0,ch_dist,6,34
-0.00808485949287142,mcaid_unins,1,ch_dist,6,34
-0.00969157417978223,hispanic,0,ch_dist,6,34
-0.00322121617924776,hispanic,1,ch_dist,6,34
,overall,,ch_peri,6,34
,overall,,ch_teach,6,34
0.0331320495002183,overall,,ch_csection,6,34
0.0352287559464087,age,"(19.6,28.2]",ch_csection,6,34
0.0268213180709957,age,"(28.2,36.8]",ch_csection,6,34
0.0251792377336912,age,"(36.8,45.4]",ch_csection,6,34
0.0327241987129108,age,"(45.4,54]",ch_csection,6,34
0.0421322473609618,age,"[11,19.6]",ch_csection,6,34
0.0331320495002183,ci_scorent,100,ch_csection,6,34
0.0331320495002183,obgyn_10kwra,100,ch_csection,6,34
0.028699914902794,nhblack,0,ch_csection,6,34
0.0344437154098969,nhblack,1,ch_csection,6,34
0.00577795591948454,mcaid_unins,0,ch_csection,6,34
0.0376551673364027,mcaid_unins,1,ch_csection,6,34
0.0305706205006622,hispanic,0,ch_csection,6,34
0.0472812026388244,hispanic,1,ch_csection,6,34
