mean,group_var,bin,outcome,mkt,boot_rep
-0.00844155832158799,overall,,ch_dist,6,140
-0.00823148687461365,age,"(19.6,28.2]",ch_dist,6,140
-0.00938987266982561,age,"(28.2,36.8]",ch_dist,6,140
-0.00954221098566747,age,"(36.8,45.4]",ch_dist,6,140
-0.0118885673874243,age,"(45.4,54]",ch_dist,6,140
-0.00666234078634433,age,"[11,19.6]",ch_dist,6,140
-0.00844155832158799,ci_scorent,100,ch_dist,6,140
-0.00844155832158799,obgyn_10kwra,100,ch_dist,6,140
-0.00988885533190102,nhblack,0,ch_dist,6,140
-0.00795164893633788,nhblack,1,ch_dist,6,140
-0.0121880221633444,mcaid_unins,0,ch_dist,6,140
-0.00783818577564475,mcaid_unins,1,ch_dist,6,140
-0.00924005319973922,hispanic,0,ch_dist,6,140
-0.00409364419080692,hispanic,1,ch_dist,6,140
,overall,,ch_peri,6,140
,overall,,ch_teach,6,140
0.0365841392873176,overall,,ch_csection,6,140
0.0370550271681729,age,"(19.6,28.2]",ch_csection,6,140
0.0333830928787318,age,"(28.2,36.8]",ch_csection,6,140
0.0409032499246494,age,"(36.8,45.4]",ch_csection,6,140
0.0557831651719046,age,"(45.4,54]",ch_csection,6,140
0.0393695065709518,age,"[11,19.6]",ch_csection,6,140
0.0365841392873176,ci_scorent,100,ch_csection,6,140
0.0365841392873176,obgyn_10kwra,100,ch_csection,6,140
0.0356689155295822,nhblack,0,ch_csection,6,140
0.0293222155379104,nhblack,1,ch_csection,6,140
-0.00896682904878853,mcaid_unins,0,ch_csection,6,140
0.0439201779883482,mcaid_unins,1,ch_csection,6,140
0.0338140144434967,hispanic,0,ch_csection,6,140
0.0516678490042327,hispanic,1,ch_csection,6,140
