mean,group_var,bin,outcome,mkt,boot_rep
-0.0088100788855711,overall,,ch_dist,6,137
-0.00872851114245155,age,"(19.6,28.2]",ch_dist,6,137
-0.0095640431435167,age,"(28.2,36.8]",ch_dist,6,137
-0.0093133294662022,age,"(36.8,45.4]",ch_dist,6,137
-0.0131941303605877,age,"(45.4,54]",ch_dist,6,137
-0.00728738141009315,age,"[11,19.6]",ch_dist,6,137
-0.0088100788855711,ci_scorent,100,ch_dist,6,137
-0.0088100788855711,obgyn_10kwra,100,ch_dist,6,137
-0.0106397569487336,nhblack,0,ch_dist,6,137
-0.00860241187401383,nhblack,1,ch_dist,6,137
-0.012214275494224,mcaid_unins,0,ch_dist,6,137
-0.00826409401002449,mcaid_unins,1,ch_dist,6,137
-0.00999072314359632,hispanic,0,ch_dist,6,137
-0.00199664886772665,hispanic,1,ch_dist,6,137
,overall,,ch_peri,6,137
,overall,,ch_teach,6,137
0.0395412219131748,overall,,ch_csection,6,137
0.0392056665324903,age,"(19.6,28.2]",ch_csection,6,137
0.0395453781401043,age,"(28.2,36.8]",ch_csection,6,137
0.0440543826992422,age,"(36.8,45.4]",ch_csection,6,137
0.0554262812988086,age,"(45.4,54]",ch_csection,6,137
0.038941037107326,age,"[11,19.6]",ch_csection,6,137
0.0395412219131748,ci_scorent,100,ch_csection,6,137
0.0395412219131748,obgyn_10kwra,100,ch_csection,6,137
0.0406820717979132,nhblack,0,ch_csection,6,137
0.0339831072594126,nhblack,1,ch_csection,6,137
0.0239268511730299,mcaid_unins,0,ch_csection,6,137
0.0420455456186937,mcaid_unins,1,ch_csection,6,137
0.0377832681569419,hispanic,0,ch_csection,6,137
0.0496862717969844,hispanic,1,ch_csection,6,137
