mean,group_var,bin,outcome,mkt,boot_rep
-0.00821494068637388,overall,,ch_dist,6,105
-0.00819261874600818,age,"(19.6,28.2]",ch_dist,6,105
-0.00867809083087749,age,"(28.2,36.8]",ch_dist,6,105
-0.00806948971248734,age,"(36.8,45.4]",ch_dist,6,105
-0.00947109148933175,age,"(45.4,54]",ch_dist,6,105
-0.00725303776233518,age,"[11,19.6]",ch_dist,6,105
-0.00821494068637388,ci_scorent,100,ch_dist,6,105
-0.00821494068637388,obgyn_10kwra,100,ch_dist,6,105
-0.0104470988763305,nhblack,0,ch_dist,6,105
-0.00742793879563995,nhblack,1,ch_dist,6,105
-0.0115606177575126,mcaid_unins,0,ch_dist,6,105
-0.00769999150522605,mcaid_unins,1,ch_dist,6,105
-0.00942106045033436,hispanic,0,ch_dist,6,105
-0.00166078987947916,hispanic,1,ch_dist,6,105
,overall,,ch_peri,6,105
,overall,,ch_teach,6,105
0.0369824563425343,overall,,ch_csection,6,105
0.0348253814519538,age,"(19.6,28.2]",ch_csection,6,105
0.0408707364431839,age,"(28.2,36.8]",ch_csection,6,105
0.0512277990112499,age,"(36.8,45.4]",ch_csection,6,105
0.0787937237593797,age,"(45.4,54]",ch_csection,6,105
0.0304260484878379,age,"[11,19.6]",ch_csection,6,105
0.0369824563425343,ci_scorent,100,ch_csection,6,105
0.0369824563425343,obgyn_10kwra,100,ch_csection,6,105
0.0330143066486538,nhblack,0,ch_csection,6,105
0.0414494963693805,nhblack,1,ch_csection,6,105
0.0055314729756232,mcaid_unins,0,ch_csection,6,105
0.0418232278177002,mcaid_unins,1,ch_csection,6,105
0.0357420111235562,hispanic,0,ch_csection,6,105
0.0437231344043694,hispanic,1,ch_csection,6,105
