mean,group_var,bin,outcome,mkt,boot_rep
-0.0088872982387204,overall,,ch_dist,6,135
-0.00883698096780132,age,"(19.6,28.2]",ch_dist,6,135
-0.00938821429911228,age,"(28.2,36.8]",ch_dist,6,135
-0.00899461097782195,age,"(36.8,45.4]",ch_dist,6,135
-0.0110573439488593,age,"(45.4,54]",ch_dist,6,135
-0.00782756498721748,age,"[11,19.6]",ch_dist,6,135
-0.0088872982387204,ci_scorent,100,ch_dist,6,135
-0.0088872982387204,obgyn_10kwra,100,ch_dist,6,135
-0.01042951701262,nhblack,0,ch_dist,6,135
-0.00818487206619125,nhblack,1,ch_dist,6,135
-0.0118188679018623,mcaid_unins,0,ch_dist,6,135
-0.00840948274207143,mcaid_unins,1,ch_dist,6,135
-0.00973228509706498,hispanic,0,ch_dist,6,135
-0.0043893204578874,hispanic,1,ch_dist,6,135
,overall,,ch_peri,6,135
,overall,,ch_teach,6,135
0.0328172714262904,overall,,ch_csection,6,135
0.0331727585431731,age,"(19.6,28.2]",ch_csection,6,135
0.0303889182491822,age,"(28.2,36.8]",ch_csection,6,135
0.034117332048143,age,"(36.8,45.4]",ch_csection,6,135
0.0540555078553474,age,"(45.4,54]",ch_csection,6,135
0.0360126017971223,age,"[11,19.6]",ch_csection,6,135
0.0328172714262904,ci_scorent,100,ch_csection,6,135
0.0328172714262904,obgyn_10kwra,100,ch_csection,6,135
0.0280660563066739,nhblack,0,ch_csection,6,135
0.045036826676508,nhblack,1,ch_csection,6,135
-0.00607624682598701,mcaid_unins,0,ch_csection,6,135
0.0391565121319746,mcaid_unins,1,ch_csection,6,135
0.0328996415894254,hispanic,0,ch_csection,6,135
0.0323788040585132,hispanic,1,ch_csection,6,135
