mean,group_var,bin,outcome,mkt,boot_rep
-0.00865230821014888,overall,,ch_dist,6,139
-0.00854689372966602,age,"(19.6,28.2]",ch_dist,6,139
-0.00941393311657379,age,"(28.2,36.8]",ch_dist,6,139
-0.00949237164741775,age,"(36.8,45.4]",ch_dist,6,139
-0.0110488855027265,age,"(45.4,54]",ch_dist,6,139
-0.00694956053604244,age,"[11,19.6]",ch_dist,6,139
-0.00865230821014888,ci_scorent,100,ch_dist,6,139
-0.00865230821014888,obgyn_10kwra,100,ch_dist,6,139
-0.0105627726619826,nhblack,0,ch_dist,6,139
-0.00764575372824505,nhblack,1,ch_dist,6,139
-0.0117732718698272,mcaid_unins,0,ch_dist,6,139
-0.00815801580257886,mcaid_unins,1,ch_dist,6,139
-0.00972576930014667,hispanic,0,ch_dist,6,139
-0.00269935500093327,hispanic,1,ch_dist,6,139
,overall,,ch_peri,6,139
,overall,,ch_teach,6,139
0.036705402430926,overall,,ch_csection,6,139
0.0375418419903641,age,"(19.6,28.2]",ch_csection,6,139
0.0333505009905791,age,"(28.2,36.8]",ch_csection,6,139
0.0354934135479749,age,"(36.8,45.4]",ch_csection,6,139
0.0382082452596299,age,"(45.4,54]",ch_csection,6,139
0.0410522298226932,age,"[11,19.6]",ch_csection,6,139
0.036705402430926,ci_scorent,100,ch_csection,6,139
0.036705402430926,obgyn_10kwra,100,ch_csection,6,139
0.0369984789652049,nhblack,0,ch_csection,6,139
0.0337654720905571,nhblack,1,ch_csection,6,139
0.0162149352743325,mcaid_unins,0,ch_csection,6,139
0.0399506444290693,mcaid_unins,1,ch_csection,6,139
0.0350249570402929,hispanic,0,ch_csection,6,139
0.0460244293377156,hispanic,1,ch_csection,6,139
