mean,group_var,bin,outcome,mkt,boot_rep
-0.00830639037768102,overall,,ch_dist,6,94
-0.00829773742865244,age,"(19.6,28.2]",ch_dist,6,94
-0.00865237442749545,age,"(28.2,36.8]",ch_dist,6,94
-0.0080489037974745,age,"(36.8,45.4]",ch_dist,6,94
-0.00892478763929988,age,"(45.4,54]",ch_dist,6,94
-0.00757720563646168,age,"[11,19.6]",ch_dist,6,94
-0.00830639037768102,ci_scorent,100,ch_dist,6,94
-0.00830639037768102,obgyn_10kwra,100,ch_dist,6,94
-0.00965364156762947,nhblack,0,ch_dist,6,94
-0.00790372223142462,nhblack,1,ch_dist,6,94
-0.0116464242737086,mcaid_unins,0,ch_dist,6,94
-0.00779928816995823,mcaid_unins,1,ch_dist,6,94
-0.00915894990926149,hispanic,0,ch_dist,6,94
-0.00369961449292811,hispanic,1,ch_dist,6,94
,overall,,ch_peri,6,94
,overall,,ch_teach,6,94
0.0376650110901565,overall,,ch_csection,6,94
0.0380513657329169,age,"(19.6,28.2]",ch_csection,6,94
0.0347618998639163,age,"(28.2,36.8]",ch_csection,6,94
0.0401355217401075,age,"(36.8,45.4]",ch_csection,6,94
0.0542607330297788,age,"(45.4,54]",ch_csection,6,94
0.0417559264117552,age,"[11,19.6]",ch_csection,6,94
0.0376650110901565,ci_scorent,100,ch_csection,6,94
0.0376650110901565,obgyn_10kwra,100,ch_csection,6,94
0.0378409271133256,nhblack,0,ch_csection,6,94
0.0303752676921316,nhblack,1,ch_csection,6,94
-0.00121232289095281,mcaid_unins,0,ch_csection,6,94
0.0435675804969055,mcaid_unins,1,ch_csection,6,94
0.0341771868262781,hispanic,0,ch_csection,6,94
0.0565113486348264,hispanic,1,ch_csection,6,94
