mean,group_var,bin,outcome,mkt,boot_rep
-0.00857467043140606,overall,,ch_dist,6,90
-0.00872258770611229,age,"(19.6,28.2]",ch_dist,6,90
-0.00879535767087417,age,"(28.2,36.8]",ch_dist,6,90
-0.0074380324930699,age,"(36.8,45.4]",ch_dist,6,90
-0.00836609042209349,age,"(45.4,54]",ch_dist,6,90
-0.00774396978672115,age,"[11,19.6]",ch_dist,6,90
-0.00857467043140606,ci_scorent,100,ch_dist,6,90
-0.00857467043140606,obgyn_10kwra,100,ch_dist,6,90
-0.0105722876153258,nhblack,0,ch_dist,6,90
-0.00781515119423874,nhblack,1,ch_dist,6,90
-0.0121996060975847,mcaid_unins,0,ch_dist,6,90
-0.00800051954736704,mcaid_unins,1,ch_dist,6,90
-0.0096603939334696,hispanic,0,ch_dist,6,90
-0.0027623862111567,hispanic,1,ch_dist,6,90
,overall,,ch_peri,6,90
,overall,,ch_teach,6,90
0.0321460514753225,overall,,ch_csection,6,90
0.0325387684606222,age,"(19.6,28.2]",ch_csection,6,90
0.0293466496524661,age,"(28.2,36.8]",ch_csection,6,90
0.0356465155924012,age,"(36.8,45.4]",ch_csection,6,90
0.0471441177191513,age,"(45.4,54]",ch_csection,6,90
0.0351251901543251,age,"[11,19.6]",ch_csection,6,90
0.0321460514753225,ci_scorent,100,ch_csection,6,90
0.0321460514753225,obgyn_10kwra,100,ch_csection,6,90
0.0276620500156433,nhblack,0,ch_csection,6,90
0.0338510176143088,nhblack,1,ch_csection,6,90
-0.00394601199671594,mcaid_unins,0,ch_csection,6,90
0.0378626467635111,mcaid_unins,1,ch_csection,6,90
0.0295526081004754,hispanic,0,ch_csection,6,90
0.0460297244133079,hispanic,1,ch_csection,6,90
