mean,group_var,bin,outcome,mkt,boot_rep
-0.00814573009867119,overall,,ch_dist,6,45
-0.00778091681332633,age,"(19.6,28.2]",ch_dist,6,45
-0.00954008413589073,age,"(28.2,36.8]",ch_dist,6,45
-0.00984989408059237,age,"(36.8,45.4]",ch_dist,6,45
-0.0119475191622651,age,"(45.4,54]",ch_dist,6,45
-0.00604498474863424,age,"[11,19.6]",ch_dist,6,45
-0.00814573009867119,ci_scorent,100,ch_dist,6,45
-0.00814573009867119,obgyn_10kwra,100,ch_dist,6,45
-0.00983253646523509,nhblack,0,ch_dist,6,45
-0.00668997886090692,nhblack,1,ch_dist,6,45
-0.0118740036177681,mcaid_unins,0,ch_dist,6,45
-0.00754900575600471,mcaid_unins,1,ch_dist,6,45
-0.00882634063018129,hispanic,0,ch_dist,6,45
-0.00440706898580894,hispanic,1,ch_dist,6,45
,overall,,ch_peri,6,45
,overall,,ch_teach,6,45
0.0379465322200364,overall,,ch_csection,6,45
0.0380574801104485,age,"(19.6,28.2]",ch_csection,6,45
0.0369569919170868,age,"(28.2,36.8]",ch_csection,6,45
0.0383606475207232,age,"(36.8,45.4]",ch_csection,6,45
0.0354599780144063,age,"(45.4,54]",ch_csection,6,45
0.0394147815546427,age,"[11,19.6]",ch_csection,6,45
0.0379465322200364,ci_scorent,100,ch_csection,6,45
0.0379465322200364,obgyn_10kwra,100,ch_csection,6,45
0.0429714046052662,nhblack,0,ch_csection,6,45
0.0267271047867124,nhblack,1,ch_csection,6,45
0.0279308077371589,mcaid_unins,0,ch_csection,6,45
0.0395495869792327,mcaid_unins,1,ch_csection,6,45
0.0372214798294165,hispanic,0,ch_csection,6,45
0.041929316870142,hispanic,1,ch_csection,6,45
