"variable","mean","se","l_95","u_95"
"ch_dist",-0.0625875078124258,0.000236037810338535,-0.0630501419206893,-0.0621248737041623
"ch_peri",1.04282464424837,0.0202016069721226,1.00322949458301,1.08241979391373
"ch_teach",0.232860975752175,0.00928707534632972,0.214658308073369,0.251063643430981
"ch_csection",-0.0290686395089465,0.00165396418336766,-0.0323104093083471,-0.0258268697095459
