"variable","mean","se","l_95","u_95"
"ch_dist",-0.0194229567961552,0.000170080464887389,-0.0197563145073345,-0.0190895990849759
"ch_peri",0.148857903227218,0.00215331879371441,0.144637398391538,0.153078408062898
"ch_teach",0.0573835787840689,0.00361134720136162,0.0503053382694001,0.0644618192987376
"ch_csection",-0.0131189043448078,0.000427766818367829,-0.0139573273088088,-0.0122804813808069
