"variable","mean","se","l_95","u_95"
"ch_dist",-0.0194229567961552,0.000111161415291791,-0.0196408331701271,-0.0192050804221833
"ch_peri",0.148857903227218,0.00201842386773526,0.144901792446457,0.152814014007979
"ch_teach",0.0573835787840689,0.00209806229767204,0.0532713766806317,0.0614957808875061
"ch_csection",-0.0131189043448078,0.000373239415105313,-0.0138504535984143,-0.0123873550912014
