"variable","mean","se","l_95","u_95"
"ch_dist",-0.0643400744283319,0.000313420778536846,-0.0649543791542641,-0.0637257697023997
"ch_peri",0.775283940367875,0.02233374967924,0.731509790996564,0.819058089739185
"ch_teach",0.328014507443995,0.00939126687688701,0.309607624365296,0.346421390522693
"ch_csection",-0.0388876977690266,0.00201004790354971,-0.042827391659984,-0.0349480038780691
"ch_psi",0.0266781778496288,0.00142618993962338,0.023882845567967,0.0294735101312907
