"variable","mean","se","l_95","u_95"
"ch_dist",-0.0643448905838972,0.000264094341402416,-0.0648625154930459,-0.0638272656747485
"ch_peri",0.853174866836874,0.0222368885023637,0.809590565372241,0.896759168301507
"ch_teach",0.280515159951148,0.00959127897573324,0.261716253158711,0.299314066743586
"ch_csection",-0.0398926581710345,0.00188909397368042,-0.0435952823594481,-0.0361900339826209
"ch_psi",0.0273500737035919,0.00129947518792731,0.0248031023352544,0.0298970450719294
