"variable","mean","se","l_95","u_95"
"ch_dist",-0.0194229567961552,0.000137936366040578,-0.0196933120735947,-0.0191526015187156
"ch_peri",0.148857903227218,0.00175123613763512,0.145425480397453,0.152290326056983
"ch_teach",0.0573835787840688,0.0020767714339572,0.0533131067735127,0.0614540507946249
"ch_csection",-0.0131189043448078,0.00040924407054998,-0.0139210227230858,-0.0123167859665299
