"variable","mean","se","l_95","u_95"
"ch_dist",-0.060211521718799,0.000257694979961897,-0.0607166038795243,-0.0597064395580737
"ch_peri",0.582984337311822,0.00436027672517129,0.574438194930486,0.591530479693158
"ch_teach",0.553057448893384,0.0382891072970192,0.478010798591226,0.628104099195541
"ch_csection",-0.00469904705942823,0.00183786256691178,-0.00830125769057533,-0.00109683642828113
"ch_psi",-0.00448740295768586,0.000226874719847153,-0.00493207740858628,-0.00404272850678544
