"variable","mean","se","l_95","u_95"
"ch_dist",-0.060211521718799,0.000235901004051624,-0.0606738876867402,-0.0597491557508578
"ch_peri",0.582984337311822,0.00428620283381513,0.574583379757544,0.591385294866099
"ch_teach",0.553057448893384,0.0373419955240649,0.479867137666216,0.626247760120551
"ch_csection",-0.00469904705942823,0.00213255200575996,-0.00887884899071775,-0.000519245128138713
"ch_psi",-0.00448740295768586,0.000259021209213743,-0.0049950845277448,-0.00397972138762692
