"variable","mean","se","l_95","u_95"
"ch_dist",-0.0194229567961552,8.61049098323565e-05,-0.0195917224194266,-0.0192541911728838
"ch_peri",0.148857903227218,0.00152655096634069,0.14586586333319,0.151849943121246
"ch_teach",0.0573835787840689,0.00171443194423304,0.0540232921733721,0.0607438653947656
"ch_csection",-0.0131189043448078,0.000272175222536733,-0.0136523677809798,-0.0125854409086358
