mean,group_var,bin,outcome,mkt,boot_rep
-0.0101599789223221,overall,,ch_dist,3,135
-0.0102580173695418,age,"(19.6,28.2]",ch_dist,3,135
-0.00989274133396634,age,"(28.2,36.8]",ch_dist,3,135
-0.0105052262654328,age,"(36.8,45.4]",ch_dist,3,135
-0.00774594769010739,age,"(45.4,54]",ch_dist,3,135
-0.0102320280002246,age,"[11,19.6]",ch_dist,3,135
-0.0101599789223221,ci_scorent,100,ch_dist,3,135
-0.0101599789223221,obgyn_10kwra,100,ch_dist,3,135
-0.0117246383107775,nhblack,0,ch_dist,3,135
-0.00767231374252956,nhblack,1,ch_dist,3,135
-0.0093935489047356,mcaid_unins,0,ch_dist,3,135
-0.0105717745655201,mcaid_unins,1,ch_dist,3,135
-0.00994222279861553,hispanic,0,ch_dist,3,135
-0.0115942593475511,hispanic,1,ch_dist,3,135
,overall,,ch_peri,3,135
-0.050603284459321,overall,,ch_teach,3,135
-0.050707542079844,age,"(19.6,28.2]",ch_teach,3,135
-0.0544347066296027,age,"(28.2,36.8]",ch_teach,3,135
-0.0444190945888123,age,"(36.8,45.4]",ch_teach,3,135
-0.0501604938137911,age,"(45.4,54]",ch_teach,3,135
-0.0410444190087354,age,"[11,19.6]",ch_teach,3,135
-0.050603284459321,ci_scorent,100,ch_teach,3,135
-0.050603284459321,obgyn_10kwra,100,ch_teach,3,135
-0.0646551445128605,nhblack,0,ch_teach,3,135
-0.0496676738731847,nhblack,1,ch_teach,3,135
-0.085717430915362,mcaid_unins,0,ch_teach,3,135
-0.0317367836785338,mcaid_unins,1,ch_teach,3,135
-0.0582370221554672,hispanic,0,ch_teach,3,135
-0.000322629373492784,hispanic,1,ch_teach,3,135
-0.033868498247286,overall,,ch_csection,3,135
-0.0356660871548504,age,"(19.6,28.2]",ch_csection,3,135
-0.0324661326745496,age,"(28.2,36.8]",ch_csection,3,135
-0.0233334140658403,age,"(36.8,45.4]",ch_csection,3,135
-0.0231781638434108,age,"(45.4,54]",ch_csection,3,135
-0.0344486568705588,age,"[11,19.6]",ch_csection,3,135
-0.033868498247286,ci_scorent,100,ch_csection,3,135
-0.033868498247286,obgyn_10kwra,100,ch_csection,3,135
-0.0457595199335204,nhblack,0,ch_csection,3,135
-0.0255373139883646,nhblack,1,ch_csection,3,135
-0.0503974097467702,mcaid_unins,0,ch_csection,3,135
-0.0249876694878293,mcaid_unins,1,ch_csection,3,135
-0.0367784462080351,hispanic,0,ch_csection,3,135
-0.0147017288931332,hispanic,1,ch_csection,3,135
