mean,group_var,bin,outcome,mkt,boot_rep
-0.00985009015831955,overall,,ch_dist,3,130
-0.00996545739142181,age,"(19.6,28.2]",ch_dist,3,130
-0.00961144393771493,age,"(28.2,36.8]",ch_dist,3,130
-0.0100248086867689,age,"(36.8,45.4]",ch_dist,3,130
-0.0037641818741041,age,"(45.4,54]",ch_dist,3,130
-0.00983940664448928,age,"[11,19.6]",ch_dist,3,130
-0.00985009015831955,ci_scorent,100,ch_dist,3,130
-0.00985009015831955,obgyn_10kwra,100,ch_dist,3,130
-0.0115123255776406,nhblack,0,ch_dist,3,130
-0.00717501195703012,nhblack,1,ch_dist,3,130
-0.00912651178815714,mcaid_unins,0,ch_dist,3,130
-0.0102335822878164,mcaid_unins,1,ch_dist,3,130
-0.00955999059063563,hispanic,0,ch_dist,3,130
-0.0116527476298716,hispanic,1,ch_dist,3,130
,overall,,ch_peri,3,130
-0.0469423183604966,overall,,ch_teach,3,130
-0.0442175378090785,age,"(19.6,28.2]",ch_teach,3,130
-0.0568770831324437,age,"(28.2,36.8]",ch_teach,3,130
-0.053032513309106,age,"(36.8,45.4]",ch_teach,3,130
-0.0518076015583362,age,"(45.4,54]",ch_teach,3,130
-0.0269977046292512,age,"[11,19.6]",ch_teach,3,130
-0.0469423183604966,ci_scorent,100,ch_teach,3,130
-0.0469423183604966,obgyn_10kwra,100,ch_teach,3,130
-0.0630869107729868,nhblack,0,ch_teach,3,130
-0.0458411864055267,nhblack,1,ch_teach,3,130
-0.0880028651090728,mcaid_unins,0,ch_teach,3,130
-0.0251804786479824,mcaid_unins,1,ch_teach,3,130
-0.0550026257245,hispanic,0,ch_teach,3,130
0.00314384139744545,hispanic,1,ch_teach,3,130
-0.027877037559073,overall,,ch_csection,3,130
-0.0304799831055597,age,"(19.6,28.2]",ch_csection,3,130
-0.0252520350754174,age,"(28.2,36.8]",ch_csection,3,130
-0.0131385859457151,age,"(36.8,45.4]",ch_csection,3,130
-0.0121776720816015,age,"(45.4,54]",ch_csection,3,130
-0.0297067656161518,age,"[11,19.6]",ch_csection,3,130
-0.027877037559073,ci_scorent,100,ch_csection,3,130
-0.027877037559073,obgyn_10kwra,100,ch_csection,3,130
-0.0360363120808976,nhblack,0,ch_csection,3,130
-0.0249985489925807,nhblack,1,ch_csection,3,130
-0.0450799383336153,mcaid_unins,0,ch_csection,3,130
-0.0187596049165363,mcaid_unins,1,ch_csection,3,130
-0.0307937223801724,hispanic,0,ch_csection,3,130
-0.00975297164992987,hispanic,1,ch_csection,3,130
