mean,group_var,bin,outcome,mkt,boot_rep
-0.0098302882619578,overall,,ch_dist,3,57
-0.00987986944612591,age,"(19.6,28.2]",ch_dist,3,57
-0.0097406808037319,age,"(28.2,36.8]",ch_dist,3,57
-0.00997910727968353,age,"(36.8,45.4]",ch_dist,3,57
-0.012966942483501,age,"(45.4,54]",ch_dist,3,57
-0.009709690396372,age,"[11,19.6]",ch_dist,3,57
-0.0098302882619578,ci_scorent,100,ch_dist,3,57
-0.0098302882619578,obgyn_10kwra,100,ch_dist,3,57
-0.0114023039484211,nhblack,0,ch_dist,3,57
-0.00737192133939351,nhblack,1,ch_dist,3,57
-0.00902328890329513,mcaid_unins,0,ch_dist,3,57
-0.0102712145382183,mcaid_unins,1,ch_dist,3,57
-0.00959246164224605,hispanic,0,ch_dist,3,57
-0.011331276920764,hispanic,1,ch_dist,3,57
,overall,,ch_peri,3,57
-0.0500375520562752,overall,,ch_teach,3,57
-0.0503901556872659,age,"(19.6,28.2]",ch_teach,3,57
-0.0542590371558772,age,"(28.2,36.8]",ch_teach,3,57
-0.0416644460290135,age,"(36.8,45.4]",ch_teach,3,57
-0.079998978829782,age,"(45.4,54]",ch_teach,3,57
-0.0385068005269664,age,"[11,19.6]",ch_teach,3,57
-0.0500375520562752,ci_scorent,100,ch_teach,3,57
-0.0500375520562752,obgyn_10kwra,100,ch_teach,3,57
-0.0681609078065383,nhblack,0,ch_teach,3,57
-0.0444172080427752,nhblack,1,ch_teach,3,57
-0.0896794372218014,mcaid_unins,0,ch_teach,3,57
-0.0283781187217191,mcaid_unins,1,ch_teach,3,57
-0.0568076756847053,hispanic,0,ch_teach,3,57
-0.0073094554398994,hispanic,1,ch_teach,3,57
-0.0304015027848947,overall,,ch_csection,3,57
-0.0319134653348022,age,"(19.6,28.2]",ch_csection,3,57
-0.0288830965586907,age,"(28.2,36.8]",ch_csection,3,57
-0.023291169898443,age,"(36.8,45.4]",ch_csection,3,57
-0.0207809360239843,age,"(45.4,54]",ch_csection,3,57
-0.0307518415443633,age,"[11,19.6]",ch_csection,3,57
-0.0304015027848947,ci_scorent,100,ch_csection,3,57
-0.0304015027848947,obgyn_10kwra,100,ch_csection,3,57
-0.0391521339911324,nhblack,0,ch_csection,3,57
-0.0266640049789106,nhblack,1,ch_csection,3,57
-0.0398986237333236,mcaid_unins,0,ch_csection,3,57
-0.0252124897701555,mcaid_unins,1,ch_csection,3,57
-0.0330721827239962,hispanic,0,ch_csection,3,57
-0.0135461133219692,hispanic,1,ch_csection,3,57
