mean,group_var,bin,outcome,mkt,boot_rep
-0.00981307306867784,overall,,ch_dist,3,34
-0.00985421549672744,age,"(19.6,28.2]",ch_dist,3,34
-0.00970951949093373,age,"(28.2,36.8]",ch_dist,3,34
-0.00965160845942711,age,"(36.8,45.4]",ch_dist,3,34
-0.00698819331567649,age,"(45.4,54]",ch_dist,3,34
-0.0100195011018397,age,"[11,19.6]",ch_dist,3,34
-0.00981307306867784,ci_scorent,100,ch_dist,3,34
-0.00981307306867784,obgyn_10kwra,100,ch_dist,3,34
-0.0115343943152564,nhblack,0,ch_dist,3,34
-0.00709214409118222,nhblack,1,ch_dist,3,34
-0.00922193167916018,mcaid_unins,0,ch_dist,3,34
-0.0101300560375182,mcaid_unins,1,ch_dist,3,34
-0.00956594891924385,hispanic,0,ch_dist,3,34
-0.0113797264935672,hispanic,1,ch_dist,3,34
,overall,,ch_peri,3,34
-0.0479687300477877,overall,,ch_teach,3,34
-0.0435906844355668,age,"(19.6,28.2]",ch_teach,3,34
-0.060552602675687,age,"(28.2,36.8]",ch_teach,3,34
-0.0617434355718486,age,"(36.8,45.4]",ch_teach,3,34
-0.0758496510272207,age,"(45.4,54]",ch_teach,3,34
-0.0248015022156812,age,"[11,19.6]",ch_teach,3,34
-0.0479687300477877,ci_scorent,100,ch_teach,3,34
-0.0479687300477877,obgyn_10kwra,100,ch_teach,3,34
-0.0686846740752987,nhblack,0,ch_teach,3,34
-0.0406954021649118,nhblack,1,ch_teach,3,34
-0.088453280584823,mcaid_unins,0,ch_teach,3,34
-0.0262600267680707,mcaid_unins,1,ch_teach,3,34
-0.0564621179672392,hispanic,0,ch_teach,3,34
0.00587544221703769,hispanic,1,ch_teach,3,34
-0.031220099516435,overall,,ch_csection,3,34
-0.0315872433826346,age,"(19.6,28.2]",ch_csection,3,34
-0.0319292513931604,age,"(28.2,36.8]",ch_csection,3,34
-0.0270165420724443,age,"(36.8,45.4]",ch_csection,3,34
-0.0305164292025206,age,"(45.4,54]",ch_csection,3,34
-0.0292846180391322,age,"[11,19.6]",ch_csection,3,34
-0.031220099516435,ci_scorent,100,ch_csection,3,34
-0.031220099516435,obgyn_10kwra,100,ch_csection,3,34
-0.044941323767291,nhblack,0,ch_csection,3,34
-0.0219037745191729,nhblack,1,ch_csection,3,34
-0.0456263853456902,mcaid_unins,0,ch_csection,3,34
-0.0234951333186753,mcaid_unins,1,ch_csection,3,34
-0.0350103726525269,hispanic,0,ch_csection,3,34
-0.00719151144228431,hispanic,1,ch_csection,3,34
