mean,group_var,bin,outcome,mkt,boot_rep
-0.00982620995155492,overall,,ch_dist,3,94
-0.00991205817096655,age,"(19.6,28.2]",ch_dist,3,94
-0.00947213378528842,age,"(28.2,36.8]",ch_dist,3,94
-0.00988403917470315,age,"(36.8,45.4]",ch_dist,3,94
-0.0117021254903829,age,"(45.4,54]",ch_dist,3,94
-0.0104421838108555,age,"[11,19.6]",ch_dist,3,94
-0.00982620995155492,ci_scorent,100,ch_dist,3,94
-0.00982620995155492,obgyn_10kwra,100,ch_dist,3,94
-0.0114657355750911,nhblack,0,ch_dist,3,94
-0.00732138823873972,nhblack,1,ch_dist,3,94
-0.00908607460260869,mcaid_unins,0,ch_dist,3,94
-0.010221223786541,mcaid_unins,1,ch_dist,3,94
-0.00959409016579018,hispanic,0,ch_dist,3,94
-0.0112972627355541,hispanic,1,ch_dist,3,94
,overall,,ch_peri,3,94
-0.0489021483809148,overall,,ch_teach,3,94
-0.0464249039826192,age,"(19.6,28.2]",ch_teach,3,94
-0.0585208874605751,age,"(28.2,36.8]",ch_teach,3,94
-0.0502413207187395,age,"(36.8,45.4]",ch_teach,3,94
-0.101902643878329,age,"(45.4,54]",ch_teach,3,94
-0.0306732522842391,age,"[11,19.6]",ch_teach,3,94
-0.0489021483809148,ci_scorent,100,ch_teach,3,94
-0.0489021483809148,obgyn_10kwra,100,ch_teach,3,94
-0.0678709595650582,nhblack,0,ch_teach,3,94
-0.0458673545271294,nhblack,1,ch_teach,3,94
-0.0969360985330839,mcaid_unins,0,ch_teach,3,94
-0.023266195597205,mcaid_unins,1,ch_teach,3,94
-0.0575343077588257,hispanic,0,ch_teach,3,94
0.00580392522226652,hispanic,1,ch_teach,3,94
-0.0268736192991858,overall,,ch_csection,3,94
-0.0287934690270176,age,"(19.6,28.2]",ch_csection,3,94
-0.0245310160115284,age,"(28.2,36.8]",ch_csection,3,94
-0.0168068528928348,age,"(36.8,45.4]",ch_csection,3,94
-0.00843521174389684,age,"(45.4,54]",ch_csection,3,94
-0.0293697281174253,age,"[11,19.6]",ch_csection,3,94
-0.0268736192991858,ci_scorent,100,ch_csection,3,94
-0.0268736192991858,obgyn_10kwra,100,ch_csection,3,94
-0.0372012339826418,nhblack,0,ch_csection,3,94
-0.022319949041515,nhblack,1,ch_csection,3,94
-0.0389304554062652,mcaid_unins,0,ch_csection,3,94
-0.0204388272368458,mcaid_unins,1,ch_csection,3,94
-0.0298313798817204,hispanic,0,ch_csection,3,94
-0.00812889262711166,hispanic,1,ch_csection,3,94
