mean,group_var,bin,outcome,mkt,boot_rep
-0.00970975563425924,overall,,ch_dist,3,103
-0.00982892745621951,age,"(19.6,28.2]",ch_dist,3,103
-0.00951331075172682,age,"(28.2,36.8]",ch_dist,3,103
-0.00966726622630511,age,"(36.8,45.4]",ch_dist,3,103
-0.00544439566737689,age,"(45.4,54]",ch_dist,3,103
-0.00967284620169956,age,"[11,19.6]",ch_dist,3,103
-0.00970975563425924,ci_scorent,100,ch_dist,3,103
-0.00970975563425924,obgyn_10kwra,100,ch_dist,3,103
-0.011311209371537,nhblack,0,ch_dist,3,103
-0.00714006557927954,nhblack,1,ch_dist,3,103
-0.00874180429300557,mcaid_unins,0,ch_dist,3,103
-0.0102554377322807,mcaid_unins,1,ch_dist,3,103
-0.00948930343079706,hispanic,0,ch_dist,3,103
-0.0111622102612979,hispanic,1,ch_dist,3,103
,overall,,ch_peri,3,103
-0.0482206664083843,overall,,ch_teach,3,103
-0.0466398061168753,age,"(19.6,28.2]",ch_teach,3,103
-0.0572831794044781,age,"(28.2,36.8]",ch_teach,3,103
-0.0482324376833161,age,"(36.8,45.4]",ch_teach,3,103
-0.0550128126456644,age,"(45.4,54]",ch_teach,3,103
-0.0269694330748568,age,"[11,19.6]",ch_teach,3,103
-0.0482206664083843,ci_scorent,100,ch_teach,3,103
-0.0482206664083843,obgyn_10kwra,100,ch_teach,3,103
-0.0692202898416033,nhblack,0,ch_teach,3,103
-0.0362706009203735,nhblack,1,ch_teach,3,103
-0.0912077127738253,mcaid_unins,0,ch_teach,3,103
-0.0239867399198311,mcaid_unins,1,ch_teach,3,103
-0.0553198273777584,hispanic,0,ch_teach,3,103
-0.00144767418547504,hispanic,1,ch_teach,3,103
-0.0327829130767276,overall,,ch_csection,3,103
-0.0357573839285009,age,"(19.6,28.2]",ch_csection,3,103
-0.029661811798593,age,"(28.2,36.8]",ch_csection,3,103
-0.0170715594639881,age,"(36.8,45.4]",ch_csection,3,103
-0.012715861564744,age,"(45.4,54]",ch_csection,3,103
-0.0346592383907394,age,"[11,19.6]",ch_csection,3,103
-0.0327829130767276,ci_scorent,100,ch_csection,3,103
-0.0327829130767276,obgyn_10kwra,100,ch_csection,3,103
-0.0464625022869174,nhblack,0,ch_csection,3,103
-0.0217926627361031,nhblack,1,ch_csection,3,103
-0.045750890296168,mcaid_unins,0,ch_csection,3,103
-0.0254722222241967,mcaid_unins,1,ch_csection,3,103
-0.0355981399558492,hispanic,0,ch_csection,3,103
-0.014234723298959,hispanic,1,ch_csection,3,103
