mean,group_var,bin,outcome,mkt,boot_rep
-0.00984716899541795,overall,,ch_dist,3,83
-0.00999152364377603,age,"(19.6,28.2]",ch_dist,3,83
-0.00962543738010284,age,"(28.2,36.8]",ch_dist,3,83
-0.0100792585684973,age,"(36.8,45.4]",ch_dist,3,83
-0.00768386024441305,age,"(45.4,54]",ch_dist,3,83
-0.00954712487071647,age,"[11,19.6]",ch_dist,3,83
-0.00984716899541795,ci_scorent,100,ch_dist,3,83
-0.00984716899541795,obgyn_10kwra,100,ch_dist,3,83
-0.01156067615257,nhblack,0,ch_dist,3,83
-0.00707429645050096,nhblack,1,ch_dist,3,83
-0.00910783010313092,mcaid_unins,0,ch_dist,3,83
-0.0102538053861758,mcaid_unins,1,ch_dist,3,83
-0.00955955960753833,hispanic,0,ch_dist,3,83
-0.0117034696759896,hispanic,1,ch_dist,3,83
,overall,,ch_peri,3,83
-0.0482460881655627,overall,,ch_teach,3,83
-0.0489254008588924,age,"(19.6,28.2]",ch_teach,3,83
-0.0506650499799925,age,"(28.2,36.8]",ch_teach,3,83
-0.0451219654173791,age,"(36.8,45.4]",ch_teach,3,83
-0.0650664965832059,age,"(45.4,54]",ch_teach,3,83
-0.0378069919077932,age,"[11,19.6]",ch_teach,3,83
-0.0482460881655627,ci_scorent,100,ch_teach,3,83
-0.0482460881655627,obgyn_10kwra,100,ch_teach,3,83
-0.0624640606645178,nhblack,0,ch_teach,3,83
-0.0438062965093096,nhblack,1,ch_teach,3,83
-0.0783080412122706,mcaid_unins,0,ch_teach,3,83
-0.0317120139898734,mcaid_unins,1,ch_teach,3,83
-0.0539229466024039,hispanic,0,ch_teach,3,83
-0.0116062682434534,hispanic,1,ch_teach,3,83
-0.0318228112775688,overall,,ch_csection,3,83
-0.0345988796489576,age,"(19.6,28.2]",ch_csection,3,83
-0.0283448206964435,age,"(28.2,36.8]",ch_csection,3,83
-0.0194347322436696,age,"(36.8,45.4]",ch_csection,3,83
-0.0194631210683044,age,"(45.4,54]",ch_csection,3,83
-0.0340149835811396,age,"[11,19.6]",ch_csection,3,83
-0.0318228112775688,ci_scorent,100,ch_csection,3,83
-0.0318228112775688,obgyn_10kwra,100,ch_csection,3,83
-0.0414631906615998,nhblack,0,ch_csection,3,83
-0.0248358406566122,nhblack,1,ch_csection,3,83
-0.0439237629652233,mcaid_unins,0,ch_csection,3,83
-0.0251672878493588,mcaid_unins,1,ch_csection,3,83
-0.0343224420388437,hispanic,0,ch_csection,3,83
-0.0156895886538531,hispanic,1,ch_csection,3,83
