mean,group_var,bin,outcome,mkt,boot_rep
-0.00988902636887895,overall,,ch_dist,3,107
-0.00998627570687484,age,"(19.6,28.2]",ch_dist,3,107
-0.00960448573365883,age,"(28.2,36.8]",ch_dist,3,107
-0.0100131688474812,age,"(36.8,45.4]",ch_dist,3,107
-0.0052385634322912,age,"(45.4,54]",ch_dist,3,107
-0.0101799797231,age,"[11,19.6]",ch_dist,3,107
-0.00988902636887895,ci_scorent,100,ch_dist,3,107
-0.00988902636887895,obgyn_10kwra,100,ch_dist,3,107
-0.0116898262888041,nhblack,0,ch_dist,3,107
-0.00717489525734056,nhblack,1,ch_dist,3,107
-0.0091918458881439,mcaid_unins,0,ch_dist,3,107
-0.0102699744051492,mcaid_unins,1,ch_dist,3,107
-0.00970760038891951,hispanic,0,ch_dist,3,107
-0.0110443954072502,hispanic,1,ch_dist,3,107
,overall,,ch_peri,3,107
-0.0418402611468322,overall,,ch_teach,3,107
-0.039285355904637,age,"(19.6,28.2]",ch_teach,3,107
-0.0507064213697272,age,"(28.2,36.8]",ch_teach,3,107
-0.053100767039625,age,"(36.8,45.4]",ch_teach,3,107
-0.0556848934616097,age,"(45.4,54]",ch_teach,3,107
-0.0212162421977592,age,"[11,19.6]",ch_teach,3,107
-0.0418402611468322,ci_scorent,100,ch_teach,3,107
-0.0418402611468322,obgyn_10kwra,100,ch_teach,3,107
-0.0522906541938335,nhblack,0,ch_teach,3,107
-0.0441434144704382,nhblack,1,ch_teach,3,107
-0.0788906425687757,mcaid_unins,0,ch_teach,3,107
-0.021595474558898,mcaid_unins,1,ch_teach,3,107
-0.0486199938160568,hispanic,0,ch_teach,3,107
0.00133488508198898,hispanic,1,ch_teach,3,107
-0.0281920711569738,overall,,ch_csection,3,107
-0.0315215956553978,age,"(19.6,28.2]",ch_csection,3,107
-0.0229020885774478,age,"(28.2,36.8]",ch_csection,3,107
-0.0125315699551688,age,"(36.8,45.4]",ch_csection,3,107
-0.00579939556498655,age,"(45.4,54]",ch_csection,3,107
-0.0355433240976002,age,"[11,19.6]",ch_csection,3,107
-0.0281920711569738,ci_scorent,100,ch_csection,3,107
-0.0281920711569738,obgyn_10kwra,100,ch_csection,3,107
-0.0381983955256336,nhblack,0,ch_csection,3,107
-0.0241341855032141,nhblack,1,ch_csection,3,107
-0.0340085695512746,mcaid_unins,0,ch_csection,3,107
-0.0250138645053159,mcaid_unins,1,ch_csection,3,107
-0.0315759384707079,hispanic,0,ch_csection,3,107
-0.00664270140784038,hispanic,1,ch_csection,3,107
