mean,group_var,bin,outcome,mkt,boot_rep
-0.00990397926745275,overall,,ch_dist,3,128
-0.00997732208801677,age,"(19.6,28.2]",ch_dist,3,128
-0.00981725912771147,age,"(28.2,36.8]",ch_dist,3,128
-0.0101567193165396,age,"(36.8,45.4]",ch_dist,3,128
-0.00795896004619942,age,"(45.4,54]",ch_dist,3,128
-0.00960163251458385,age,"[11,19.6]",ch_dist,3,128
-0.00990397926745275,ci_scorent,100,ch_dist,3,128
-0.00990397926745275,obgyn_10kwra,100,ch_dist,3,128
-0.0116035741138775,nhblack,0,ch_dist,3,128
-0.00732555195565475,nhblack,1,ch_dist,3,128
-0.00921903488875008,mcaid_unins,0,ch_dist,3,128
-0.0102728156305481,mcaid_unins,1,ch_dist,3,128
-0.00965744815991137,hispanic,0,ch_dist,3,128
-0.0114513344853255,hispanic,1,ch_dist,3,128
,overall,,ch_peri,3,128
-0.0433255083318469,overall,,ch_teach,3,128
-0.0417960902017471,age,"(19.6,28.2]",ch_teach,3,128
-0.0505428897021536,age,"(28.2,36.8]",ch_teach,3,128
-0.0501698608213304,age,"(36.8,45.4]",ch_teach,3,128
-0.0416888658927318,age,"(45.4,54]",ch_teach,3,128
-0.0239388618016555,age,"[11,19.6]",ch_teach,3,128
-0.0433255083318469,ci_scorent,100,ch_teach,3,128
-0.0433255083318469,obgyn_10kwra,100,ch_teach,3,128
-0.0557557622595747,nhblack,0,ch_teach,3,128
-0.0440779604010248,nhblack,1,ch_teach,3,128
-0.0769562538611344,mcaid_unins,0,ch_teach,3,128
-0.0252156555395607,mcaid_unins,1,ch_teach,3,128
-0.0504507143857323,hispanic,0,ch_teach,3,128
0.00139592611856223,hispanic,1,ch_teach,3,128
-0.0352563442626336,overall,,ch_csection,3,128
-0.0368302568832988,age,"(19.6,28.2]",ch_csection,3,128
-0.0346925360950804,age,"(28.2,36.8]",ch_csection,3,128
-0.0267666061700908,age,"(36.8,45.4]",ch_csection,3,128
-0.0219002922083025,age,"(45.4,54]",ch_csection,3,128
-0.032723240545148,age,"[11,19.6]",ch_csection,3,128
-0.0352563442626336,ci_scorent,100,ch_csection,3,128
-0.0352563442626336,obgyn_10kwra,100,ch_csection,3,128
-0.0507601877484565,nhblack,0,ch_csection,3,128
-0.0222718426198697,nhblack,1,ch_csection,3,128
-0.0545235991331536,mcaid_unins,0,ch_csection,3,128
-0.0248811014922136,mcaid_unins,1,ch_csection,3,128
-0.0373812746854092,hispanic,0,ch_csection,3,128
-0.0219191950075577,hispanic,1,ch_csection,3,128
