mean,group_var,bin,outcome,mkt,boot_rep
-0.00993951837854254,overall,,ch_dist,3,138
-0.0100573961150831,age,"(19.6,28.2]",ch_dist,3,138
-0.00973084961201003,age,"(28.2,36.8]",ch_dist,3,138
-0.00976170625938878,age,"(36.8,45.4]",ch_dist,3,138
-0.00698084024698237,age,"(45.4,54]",ch_dist,3,138
-0.0100288258413518,age,"[11,19.6]",ch_dist,3,138
-0.00993951837854254,ci_scorent,100,ch_dist,3,138
-0.00993951837854254,obgyn_10kwra,100,ch_dist,3,138
-0.011489606829204,nhblack,0,ch_dist,3,138
-0.00743826777245276,nhblack,1,ch_dist,3,138
-0.0090772565928058,mcaid_unins,0,ch_dist,3,138
-0.0104043767494047,mcaid_unins,1,ch_dist,3,138
-0.00969145958455218,hispanic,0,ch_dist,3,138
-0.0115038571756729,hispanic,1,ch_dist,3,138
,overall,,ch_peri,3,138
-0.0538231044946135,overall,,ch_teach,3,138
-0.052032768777959,age,"(19.6,28.2]",ch_teach,3,138
-0.0618954850055797,age,"(28.2,36.8]",ch_teach,3,138
-0.0536957927938452,age,"(36.8,45.4]",ch_teach,3,138
-0.0870621397287793,age,"(45.4,54]",ch_teach,3,138
-0.0375747195479579,age,"[11,19.6]",ch_teach,3,138
-0.0538231044946135,ci_scorent,100,ch_teach,3,138
-0.0538231044946135,obgyn_10kwra,100,ch_teach,3,138
-0.0706640936338313,nhblack,0,ch_teach,3,138
-0.0555653986261431,nhblack,1,ch_teach,3,138
-0.102334053822566,mcaid_unins,0,ch_teach,3,138
-0.0276701179578126,mcaid_unins,1,ch_teach,3,138
-0.0622938651996372,hispanic,0,ch_teach,3,138
-0.000403754190948487,hispanic,1,ch_teach,3,138
-0.0284951334288636,overall,,ch_csection,3,138
-0.0305135628688551,age,"(19.6,28.2]",ch_csection,3,138
-0.0266049245897776,age,"(28.2,36.8]",ch_csection,3,138
-0.0157897200131775,age,"(36.8,45.4]",ch_csection,3,138
-0.0142317128179091,age,"(45.4,54]",ch_csection,3,138
-0.0304411400437558,age,"[11,19.6]",ch_csection,3,138
-0.0284951334288636,ci_scorent,100,ch_csection,3,138
-0.0284951334288636,obgyn_10kwra,100,ch_csection,3,138
-0.037564608434778,nhblack,0,ch_csection,3,138
-0.0256317506859491,nhblack,1,ch_csection,3,138
-0.0449546882794296,mcaid_unins,0,ch_csection,3,138
-0.019621538449337,mcaid_unins,1,ch_csection,3,138
-0.0329148172885416,hispanic,0,ch_csection,3,138
-0.000623180890814241,hispanic,1,ch_csection,3,138
