mean,group_var,bin,outcome,mkt,boot_rep
-0.0098158392459777,overall,,ch_dist,3,111
-0.00995378197105454,age,"(19.6,28.2]",ch_dist,3,111
-0.00949855378156016,age,"(28.2,36.8]",ch_dist,3,111
-0.0102877663316176,age,"(36.8,45.4]",ch_dist,3,111
-0.00913346811680778,age,"(45.4,54]",ch_dist,3,111
-0.0096975335190005,age,"[11,19.6]",ch_dist,3,111
-0.0098158392459777,ci_scorent,100,ch_dist,3,111
-0.0098158392459777,obgyn_10kwra,100,ch_dist,3,111
-0.0115142898247929,nhblack,0,ch_dist,3,111
-0.00710399435517502,nhblack,1,ch_dist,3,111
-0.00926669295359911,mcaid_unins,0,ch_dist,3,111
-0.0101147753009669,mcaid_unins,1,ch_dist,3,111
-0.0095727625503076,hispanic,0,ch_dist,3,111
-0.0113759252119519,hispanic,1,ch_dist,3,111
,overall,,ch_peri,3,111
-0.0580658080910767,overall,,ch_teach,3,111
-0.056000150150282,age,"(19.6,28.2]",ch_teach,3,111
-0.0656767406240532,age,"(28.2,36.8]",ch_teach,3,111
-0.0671821611340273,age,"(36.8,45.4]",ch_teach,3,111
-0.0818338561272749,age,"(45.4,54]",ch_teach,3,111
-0.0402787674158573,age,"[11,19.6]",ch_teach,3,111
-0.0580658080910767,ci_scorent,100,ch_teach,3,111
-0.0580658080910767,obgyn_10kwra,100,ch_teach,3,111
-0.0743784980291817,nhblack,0,ch_teach,3,111
-0.0520084418271135,nhblack,1,ch_teach,3,111
-0.0942426342084815,mcaid_unins,0,ch_teach,3,111
-0.0383724079322129,mcaid_unins,1,ch_teach,3,111
-0.0645666525085581,hispanic,0,ch_teach,3,111
-0.0163428608758543,hispanic,1,ch_teach,3,111
-0.032676670369976,overall,,ch_csection,3,111
-0.0350924542868535,age,"(19.6,28.2]",ch_csection,3,111
-0.0296786461727333,age,"(28.2,36.8]",ch_csection,3,111
-0.0222783209789708,age,"(36.8,45.4]",ch_csection,3,111
-0.0236063155485723,age,"(45.4,54]",ch_csection,3,111
-0.0339270212105597,age,"[11,19.6]",ch_csection,3,111
-0.032676670369976,ci_scorent,100,ch_csection,3,111
-0.032676670369976,obgyn_10kwra,100,ch_csection,3,111
-0.0418770294588701,nhblack,0,ch_csection,3,111
-0.0246850647341179,nhblack,1,ch_csection,3,111
-0.0476027157930532,mcaid_unins,0,ch_csection,3,111
-0.0245514527416496,mcaid_unins,1,ch_csection,3,111
-0.0341216753732245,hispanic,0,ch_csection,3,111
-0.0234025109524476,hispanic,1,ch_csection,3,111
