mean,group_var,bin,outcome,mkt,boot_rep
-0.00989880823321784,overall,,ch_dist,3,73
-0.0100933733077658,age,"(19.6,28.2]",ch_dist,3,73
-0.00965601090216343,age,"(28.2,36.8]",ch_dist,3,73
-0.00987007981792996,age,"(36.8,45.4]",ch_dist,3,73
-0.00963215023202478,age,"(45.4,54]",ch_dist,3,73
-0.00953678984371598,age,"[11,19.6]",ch_dist,3,73
-0.00989880823321784,ci_scorent,100,ch_dist,3,73
-0.00989880823321784,obgyn_10kwra,100,ch_dist,3,73
-0.0114978965931516,nhblack,0,ch_dist,3,73
-0.00737342382036297,nhblack,1,ch_dist,3,73
-0.0092231172584316,mcaid_unins,0,ch_dist,3,73
-0.0102760367320076,mcaid_unins,1,ch_dist,3,73
-0.00967329644894272,hispanic,0,ch_dist,3,73
-0.0113334628432493,hispanic,1,ch_dist,3,73
,overall,,ch_peri,3,73
-0.0487934443009262,overall,,ch_teach,3,73
-0.0494124991462638,age,"(19.6,28.2]",ch_teach,3,73
-0.0524614378596396,age,"(28.2,36.8]",ch_teach,3,73
-0.043657813822156,age,"(36.8,45.4]",ch_teach,3,73
-0.0571373449942928,age,"(45.4,54]",ch_teach,3,73
-0.0354868851708808,age,"[11,19.6]",ch_teach,3,73
-0.0487934443009262,ci_scorent,100,ch_teach,3,73
-0.0487934443009262,obgyn_10kwra,100,ch_teach,3,73
-0.0688046257627461,nhblack,0,ch_teach,3,73
-0.0440682110464144,nhblack,1,ch_teach,3,73
-0.0823298357966399,mcaid_unins,0,ch_teach,3,73
-0.030070561961473,mcaid_unins,1,ch_teach,3,73
-0.0569743988232864,hispanic,0,ch_teach,3,73
0.00325192511375186,hispanic,1,ch_teach,3,73
-0.0338718760131359,overall,,ch_csection,3,73
-0.0361621907849481,age,"(19.6,28.2]",ch_csection,3,73
-0.031716803953647,age,"(28.2,36.8]",ch_csection,3,73
-0.0246430817640236,age,"(36.8,45.4]",ch_csection,3,73
-0.0179466747297501,age,"(45.4,54]",ch_csection,3,73
-0.0331384847726142,age,"[11,19.6]",ch_csection,3,73
-0.0338718760131359,ci_scorent,100,ch_csection,3,73
-0.0338718760131359,obgyn_10kwra,100,ch_csection,3,73
-0.0431610103675285,nhblack,0,ch_csection,3,73
-0.0281047340882762,nhblack,1,ch_csection,3,73
-0.0469338368308275,mcaid_unins,0,ch_csection,3,73
-0.0265795722021118,mcaid_unins,1,ch_csection,3,73
-0.0362992739612908,hispanic,0,ch_csection,3,73
-0.0184293231199675,hispanic,1,ch_csection,3,73
