mean,group_var,bin,outcome,mkt,boot_rep
-0.0098294846087572,overall,,ch_dist,3,121
-0.00985061297249101,age,"(19.6,28.2]",ch_dist,3,121
-0.00974094517779162,age,"(28.2,36.8]",ch_dist,3,121
-0.00998743310601703,age,"(36.8,45.4]",ch_dist,3,121
-0.00755175570466013,age,"(45.4,54]",ch_dist,3,121
-0.0099043751547005,age,"[11,19.6]",ch_dist,3,121
-0.0098294846087572,ci_scorent,100,ch_dist,3,121
-0.0098294846087572,obgyn_10kwra,100,ch_dist,3,121
-0.0116144020779701,nhblack,0,ch_dist,3,121
-0.00716005887849329,nhblack,1,ch_dist,3,121
-0.00906981704893459,mcaid_unins,0,ch_dist,3,121
-0.0102400858271976,mcaid_unins,1,ch_dist,3,121
-0.00963034295502823,hispanic,0,ch_dist,3,121
-0.0111053413055292,hispanic,1,ch_dist,3,121
,overall,,ch_peri,3,121
-0.0508677504243312,overall,,ch_teach,3,121
-0.04999024288688,age,"(19.6,28.2]",ch_teach,3,121
-0.0565031553450438,age,"(28.2,36.8]",ch_teach,3,121
-0.0472906153179667,age,"(36.8,45.4]",ch_teach,3,121
-0.0445171014741964,age,"(45.4,54]",ch_teach,3,121
-0.0396902301447133,age,"[11,19.6]",ch_teach,3,121
-0.0508677504243312,ci_scorent,100,ch_teach,3,121
-0.0508677504243312,obgyn_10kwra,100,ch_teach,3,121
-0.0708147254826724,nhblack,0,ch_teach,3,121
-0.0398451833542079,nhblack,1,ch_teach,3,121
-0.0864880488962796,mcaid_unins,0,ch_teach,3,121
-0.0316149367893666,mcaid_unins,1,ch_teach,3,121
-0.0578638520569321,hispanic,0,ch_teach,3,121
-0.0060452687781761,hispanic,1,ch_teach,3,121
-0.0298644494476487,overall,,ch_csection,3,121
-0.032200673928624,age,"(19.6,28.2]",ch_csection,3,121
-0.0275593253656683,age,"(28.2,36.8]",ch_csection,3,121
-0.0169480067773909,age,"(36.8,45.4]",ch_csection,3,121
-0.0169886790911634,age,"(45.4,54]",ch_csection,3,121
-0.0319754864800827,age,"[11,19.6]",ch_csection,3,121
-0.0298644494476487,ci_scorent,100,ch_csection,3,121
-0.0298644494476487,obgyn_10kwra,100,ch_csection,3,121
-0.0406464365895133,nhblack,0,ch_csection,3,121
-0.0236726116324473,nhblack,1,ch_csection,3,121
-0.0468608606559958,mcaid_unins,0,ch_csection,3,121
-0.0206778690006818,mcaid_unins,1,ch_csection,3,121
-0.0326933022788503,hispanic,0,ch_csection,3,121
-0.0117406126646963,hispanic,1,ch_csection,3,121
