mean,group_var,bin,outcome,mkt,boot_rep
-0.00987537963370726,overall,,ch_dist,3,146
-0.0099793908320182,age,"(19.6,28.2]",ch_dist,3,146
-0.00968245999215941,age,"(28.2,36.8]",ch_dist,3,146
-0.0101224904697104,age,"(36.8,45.4]",ch_dist,3,146
-0.00908254063149736,age,"(45.4,54]",ch_dist,3,146
-0.0097189165191795,age,"[11,19.6]",ch_dist,3,146
-0.00987537963370726,ci_scorent,100,ch_dist,3,146
-0.00987537963370726,obgyn_10kwra,100,ch_dist,3,146
-0.011605667427894,nhblack,0,ch_dist,3,146
-0.00720103539378241,nhblack,1,ch_dist,3,146
-0.00916199398601041,mcaid_unins,0,ch_dist,3,146
-0.0102736036685185,mcaid_unins,1,ch_dist,3,146
-0.00963023996240251,hispanic,0,ch_dist,3,146
-0.0114875910867511,hispanic,1,ch_dist,3,146
,overall,,ch_peri,3,146
-0.0486746396849698,overall,,ch_teach,3,146
-0.0469877645097415,age,"(19.6,28.2]",ch_teach,3,146
-0.0571096002538048,age,"(28.2,36.8]",ch_teach,3,146
-0.0470765435228944,age,"(36.8,45.4]",ch_teach,3,146
-0.04253697393552,age,"(45.4,54]",ch_teach,3,146
-0.0312917280197638,age,"[11,19.6]",ch_teach,3,146
-0.0486746396849698,ci_scorent,100,ch_teach,3,146
-0.0486746396849698,obgyn_10kwra,100,ch_teach,3,146
-0.0686625191164338,nhblack,0,ch_teach,3,146
-0.0418175822997146,nhblack,1,ch_teach,3,146
-0.0867735457790281,mcaid_unins,0,ch_teach,3,146
-0.0274071805544804,mcaid_unins,1,ch_teach,3,146
-0.0565366678764529,hispanic,0,ch_teach,3,146
0.00303160527733607,hispanic,1,ch_teach,3,146
-0.0328819429535894,overall,,ch_csection,3,146
-0.0338468875629997,age,"(19.6,28.2]",ch_csection,3,146
-0.0330867615674877,age,"(28.2,36.8]",ch_csection,3,146
-0.0256065076585279,age,"(36.8,45.4]",ch_csection,3,146
-0.0241536890756283,age,"(45.4,54]",ch_csection,3,146
-0.0309268957760031,age,"[11,19.6]",ch_csection,3,146
-0.0328819429535894,ci_scorent,100,ch_csection,3,146
-0.0328819429535894,obgyn_10kwra,100,ch_csection,3,146
-0.0462797792930458,nhblack,0,ch_csection,3,146
-0.0246857940602718,nhblack,1,ch_csection,3,146
-0.0475968108213913,mcaid_unins,0,ch_csection,3,146
-0.0246678527585474,mcaid_unins,1,ch_csection,3,146
-0.0360663863282546,hispanic,0,ch_csection,3,146
-0.0119387963266921,hispanic,1,ch_csection,3,146
