mean,group_var,bin,outcome,mkt,boot_rep
-0.00964225425589968,overall,,ch_dist,3,149
-0.00980132770286267,age,"(19.6,28.2]",ch_dist,3,149
-0.00946381950340128,age,"(28.2,36.8]",ch_dist,3,149
-0.00985080310345726,age,"(36.8,45.4]",ch_dist,3,149
-0.00345679478709841,age,"(45.4,54]",ch_dist,3,149
-0.00917661032155786,age,"[11,19.6]",ch_dist,3,149
-0.00964225425589968,ci_scorent,100,ch_dist,3,149
-0.00964225425589968,obgyn_10kwra,100,ch_dist,3,149
-0.0115285298937835,nhblack,0,ch_dist,3,149
-0.00679953290842092,nhblack,1,ch_dist,3,149
-0.00896491541415785,mcaid_unins,0,ch_dist,3,149
-0.0100079684823727,mcaid_unins,1,ch_dist,3,149
-0.00942254211294649,hispanic,0,ch_dist,3,149
-0.0110489942039357,hispanic,1,ch_dist,3,149
,overall,,ch_peri,3,149
-0.050462288854987,overall,,ch_teach,3,149
-0.0485269107632867,age,"(19.6,28.2]",ch_teach,3,149
-0.0579545300533893,age,"(28.2,36.8]",ch_teach,3,149
-0.0579487294915978,age,"(36.8,45.4]",ch_teach,3,149
-0.0186882942307696,age,"(45.4,54]",ch_teach,3,149
-0.0320986609413154,age,"[11,19.6]",ch_teach,3,149
-0.050462288854987,ci_scorent,100,ch_teach,3,149
-0.050462288854987,obgyn_10kwra,100,ch_teach,3,149
-0.0678084651012286,nhblack,0,ch_teach,3,149
-0.0417187610227899,nhblack,1,ch_teach,3,149
-0.0818077846823703,mcaid_unins,0,ch_teach,3,149
-0.0335379770431268,mcaid_unins,1,ch_teach,3,149
-0.0557536715683303,hispanic,0,ch_teach,3,149
-0.016583417422775,hispanic,1,ch_teach,3,149
-0.0287613827597739,overall,,ch_csection,3,149
-0.0307629653947766,age,"(19.6,28.2]",ch_csection,3,149
-0.0271112626170083,age,"(28.2,36.8]",ch_csection,3,149
-0.0195721461837732,age,"(36.8,45.4]",ch_csection,3,149
-0.00500660951187593,age,"(45.4,54]",ch_csection,3,149
-0.0282141631397712,age,"[11,19.6]",ch_csection,3,149
-0.0287613827597739,ci_scorent,100,ch_csection,3,149
-0.0287613827597739,obgyn_10kwra,100,ch_csection,3,149
-0.0416709104008821,nhblack,0,ch_csection,3,149
-0.0207663065551484,nhblack,1,ch_csection,3,149
-0.0389400570439516,mcaid_unins,0,ch_csection,3,149
-0.0232656312053737,mcaid_unins,1,ch_csection,3,149
-0.031656989556836,hispanic,0,ch_csection,3,149
-0.0102218259538508,hispanic,1,ch_csection,3,149
