mean,group_var,bin,outcome,mkt,boot_rep
-0.00971658890610088,overall,,ch_dist,3,117
-0.00984021075363203,age,"(19.6,28.2]",ch_dist,3,117
-0.00954817194240193,age,"(28.2,36.8]",ch_dist,3,117
-0.00964148760120126,age,"(36.8,45.4]",ch_dist,3,117
-0.00852160876379471,age,"(45.4,54]",ch_dist,3,117
-0.00958233114369662,age,"[11,19.6]",ch_dist,3,117
-0.00971658890610088,ci_scorent,100,ch_dist,3,117
-0.00971658890610088,obgyn_10kwra,100,ch_dist,3,117
-0.0114319488214649,nhblack,0,ch_dist,3,117
-0.00703003722806264,nhblack,1,ch_dist,3,117
-0.00906811784919523,mcaid_unins,0,ch_dist,3,117
-0.0100609102580058,mcaid_unins,1,ch_dist,3,117
-0.00946480874079646,hispanic,0,ch_dist,3,117
-0.0113407574761405,hispanic,1,ch_dist,3,117
,overall,,ch_peri,3,117
-0.0502389168349315,overall,,ch_teach,3,117
-0.0471232880908198,age,"(19.6,28.2]",ch_teach,3,117
-0.0611819513310329,age,"(28.2,36.8]",ch_teach,3,117
-0.0567222611040489,age,"(36.8,45.4]",ch_teach,3,117
-0.126061731425806,age,"(45.4,54]",ch_teach,3,117
-0.0272910601501905,age,"[11,19.6]",ch_teach,3,117
-0.0502389168349315,ci_scorent,100,ch_teach,3,117
-0.0502389168349315,obgyn_10kwra,100,ch_teach,3,117
-0.0752013763683853,nhblack,0,ch_teach,3,117
-0.0392292257367833,nhblack,1,ch_teach,3,117
-0.0983522235264667,mcaid_unins,0,ch_teach,3,117
-0.024691995922691,mcaid_unins,1,ch_teach,3,117
-0.0581971483275939,hispanic,0,ch_teach,3,117
0.00109757127903172,hispanic,1,ch_teach,3,117
-0.0342893195859576,overall,,ch_csection,3,117
-0.0351116540590427,age,"(19.6,28.2]",ch_csection,3,117
-0.0349884556755571,age,"(28.2,36.8]",ch_csection,3,117
-0.0294700361125291,age,"(36.8,45.4]",ch_csection,3,117
-0.036156670192259,age,"(45.4,54]",ch_csection,3,117
-0.0298593570036122,age,"[11,19.6]",ch_csection,3,117
-0.0342893195859576,ci_scorent,100,ch_csection,3,117
-0.0342893195859576,obgyn_10kwra,100,ch_csection,3,117
-0.0480071200550047,nhblack,0,ch_csection,3,117
-0.0247316483209045,nhblack,1,ch_csection,3,117
-0.0546803405015397,mcaid_unins,0,ch_csection,3,117
-0.0234622151013292,mcaid_unins,1,ch_csection,3,117
-0.0369981118733068,hispanic,0,ch_csection,3,117
-0.0168156028197498,hispanic,1,ch_csection,3,117
