mean,group_var,bin,outcome,mkt,boot_rep
-0.00993542108632792,overall,,ch_dist,3,106
-0.00998346719467192,age,"(19.6,28.2]",ch_dist,3,106
-0.00978813720839165,age,"(28.2,36.8]",ch_dist,3,106
-0.0102015665554917,age,"(36.8,45.4]",ch_dist,3,106
-0.00759138366701374,age,"(45.4,54]",ch_dist,3,106
-0.00997690022345072,age,"[11,19.6]",ch_dist,3,106
-0.00993542108632792,ci_scorent,100,ch_dist,3,106
-0.00993542108632792,obgyn_10kwra,100,ch_dist,3,106
-0.0116669123902902,nhblack,0,ch_dist,3,106
-0.00726389114877121,nhblack,1,ch_dist,3,106
-0.00927821492200975,mcaid_unins,0,ch_dist,3,106
-0.0102933511102281,mcaid_unins,1,ch_dist,3,106
-0.0097229846057558,hispanic,0,ch_dist,3,106
-0.0113171301508252,hispanic,1,ch_dist,3,106
,overall,,ch_peri,3,106
-0.0528039250955615,overall,,ch_teach,3,106
-0.0523825797774673,age,"(19.6,28.2]",ch_teach,3,106
-0.0578858779083608,age,"(28.2,36.8]",ch_teach,3,106
-0.0492765801885837,age,"(36.8,45.4]",ch_teach,3,106
-0.0598439269849314,age,"(45.4,54]",ch_teach,3,106
-0.0403448335124043,age,"[11,19.6]",ch_teach,3,106
-0.0528039250955615,ci_scorent,100,ch_teach,3,106
-0.0528039250955615,obgyn_10kwra,100,ch_teach,3,106
-0.0749979976163397,nhblack,0,ch_teach,3,106
-0.0412305874457944,nhblack,1,ch_teach,3,106
-0.0995803820770907,mcaid_unins,0,ch_teach,3,106
-0.0273283600835782,mcaid_unins,1,ch_teach,3,106
-0.0604922625060927,hispanic,0,ch_teach,3,106
-0.00279817531833408,hispanic,1,ch_teach,3,106
-0.0338084299874719,overall,,ch_csection,3,106
-0.0368622314457296,age,"(19.6,28.2]",ch_csection,3,106
-0.029546010613671,age,"(28.2,36.8]",ch_csection,3,106
-0.0185408885860254,age,"(36.8,45.4]",ch_csection,3,106
-0.0133757150264629,age,"(45.4,54]",ch_csection,3,106
-0.0394190282648911,age,"[11,19.6]",ch_csection,3,106
-0.0338084299874719,ci_scorent,100,ch_csection,3,106
-0.0338084299874719,obgyn_10kwra,100,ch_csection,3,106
-0.0452507622705401,nhblack,0,ch_csection,3,106
-0.0263595075083465,nhblack,1,ch_csection,3,106
-0.0465393499536235,mcaid_unins,0,ch_csection,3,106
-0.0268748698123581,mcaid_unins,1,ch_csection,3,106
-0.036389070745042,hispanic,0,ch_csection,3,106
-0.0170236728810525,hispanic,1,ch_csection,3,106
