mean,group_var,bin,outcome,mkt,boot_rep
-0.00990354330543328,overall,,ch_dist,3,76
-0.0100153453615646,age,"(19.6,28.2]",ch_dist,3,76
-0.009651465704146,age,"(28.2,36.8]",ch_dist,3,76
-0.0101729358919346,age,"(36.8,45.4]",ch_dist,3,76
-0.00595647856588411,age,"(45.4,54]",ch_dist,3,76
-0.0099158849156682,age,"[11,19.6]",ch_dist,3,76
-0.00990354330543328,ci_scorent,100,ch_dist,3,76
-0.00990354330543328,obgyn_10kwra,100,ch_dist,3,76
-0.0116084879541052,nhblack,0,ch_dist,3,76
-0.00746229090028292,nhblack,1,ch_dist,3,76
-0.00931709895076364,mcaid_unins,0,ch_dist,3,76
-0.0102316701777824,mcaid_unins,1,ch_dist,3,76
-0.00970588488030705,hispanic,0,ch_dist,3,76
-0.0111797116987306,hispanic,1,ch_dist,3,76
,overall,,ch_peri,3,76
-0.0517742916226819,overall,,ch_teach,3,76
-0.0522768600058876,age,"(19.6,28.2]",ch_teach,3,76
-0.0550408130251095,age,"(28.2,36.8]",ch_teach,3,76
-0.0478098498060086,age,"(36.8,45.4]",ch_teach,3,76
-0.0388074163549952,age,"(45.4,54]",ch_teach,3,76
-0.0403281018208873,age,"[11,19.6]",ch_teach,3,76
-0.0517742916226819,ci_scorent,100,ch_teach,3,76
-0.0517742916226819,obgyn_10kwra,100,ch_teach,3,76
-0.0657763659731366,nhblack,0,ch_teach,3,76
-0.0522193920123579,nhblack,1,ch_teach,3,76
-0.09221467024728,mcaid_unins,0,ch_teach,3,76
-0.0291471235903845,mcaid_unins,1,ch_teach,3,76
-0.059822207221054,hispanic,0,ch_teach,3,76
0.000186536821683361,hispanic,1,ch_teach,3,76
-0.0349990696368335,overall,,ch_csection,3,76
-0.0365386982208386,age,"(19.6,28.2]",ch_csection,3,76
-0.0340332630458123,age,"(28.2,36.8]",ch_csection,3,76
-0.0276206562088493,age,"(36.8,45.4]",ch_csection,3,76
-0.025983107467256,age,"(45.4,54]",ch_csection,3,76
-0.0335392176506646,age,"[11,19.6]",ch_csection,3,76
-0.0349990696368335,ci_scorent,100,ch_csection,3,76
-0.0349990696368335,obgyn_10kwra,100,ch_csection,3,76
-0.0490297794850247,nhblack,0,ch_csection,3,76
-0.0246431268682266,nhblack,1,ch_csection,3,76
-0.0521055841139471,mcaid_unins,0,ch_csection,3,76
-0.025427646453245,mcaid_unins,1,ch_csection,3,76
-0.0377499165476299,hispanic,0,ch_csection,3,76
-0.0172384106610464,hispanic,1,ch_csection,3,76
