mean,group_var,bin,outcome,mkt,boot_rep
-0.0099045703811052,overall,,ch_dist,3,72
-0.0100817281268327,age,"(19.6,28.2]",ch_dist,3,72
-0.00956972176365984,age,"(28.2,36.8]",ch_dist,3,72
-0.00960462071341525,age,"(36.8,45.4]",ch_dist,3,72
-0.00866935221436479,age,"(45.4,54]",ch_dist,3,72
-0.0101151432364177,age,"[11,19.6]",ch_dist,3,72
-0.0099045703811052,ci_scorent,100,ch_dist,3,72
-0.0099045703811052,obgyn_10kwra,100,ch_dist,3,72
-0.0117169797610495,nhblack,0,ch_dist,3,72
-0.00695865288235684,nhblack,1,ch_dist,3,72
-0.00930952093877268,mcaid_unins,0,ch_dist,3,72
-0.0102319095443601,mcaid_unins,1,ch_dist,3,72
-0.00966510865540567,hispanic,0,ch_dist,3,72
-0.011406601205607,hispanic,1,ch_dist,3,72
,overall,,ch_peri,3,72
-0.0516158007414599,overall,,ch_teach,3,72
-0.0499205741763899,age,"(19.6,28.2]",ch_teach,3,72
-0.0580819828768696,age,"(28.2,36.8]",ch_teach,3,72
-0.0604510708273323,age,"(36.8,45.4]",ch_teach,3,72
-0.0741107065244855,age,"(45.4,54]",ch_teach,3,72
-0.0345385929809415,age,"[11,19.6]",ch_teach,3,72
-0.0516158007414599,ci_scorent,100,ch_teach,3,72
-0.0516158007414599,obgyn_10kwra,100,ch_teach,3,72
-0.0734261115828065,nhblack,0,ch_teach,3,72
-0.0389826308600534,nhblack,1,ch_teach,3,72
-0.0780703129150595,mcaid_unins,0,ch_teach,3,72
-0.0370630640053695,mcaid_unins,1,ch_teach,3,72
-0.0572554899271141,hispanic,0,ch_teach,3,72
-0.0162406819298151,hispanic,1,ch_teach,3,72
-0.0319063338643166,overall,,ch_csection,3,72
-0.0358638305369174,age,"(19.6,28.2]",ch_csection,3,72
-0.0259885960343218,age,"(28.2,36.8]",ch_csection,3,72
-0.015082704608985,age,"(36.8,45.4]",ch_csection,3,72
-0.0103893066090239,age,"(45.4,54]",ch_csection,3,72
-0.0378960250831573,age,"[11,19.6]",ch_csection,3,72
-0.0319063338643166,ci_scorent,100,ch_csection,3,72
-0.0319063338643166,obgyn_10kwra,100,ch_csection,3,72
-0.045907741778519,nhblack,0,ch_csection,3,72
-0.0237372258207834,nhblack,1,ch_csection,3,72
-0.0418766868066982,mcaid_unins,0,ch_csection,3,72
-0.0264216014079312,mcaid_unins,1,ch_csection,3,72
-0.0354221287287653,hispanic,0,ch_csection,3,72
-0.00985340559947386,hispanic,1,ch_csection,3,72
