mean,group_var,bin,outcome,mkt,boot_rep
-0.00981589829138206,overall,,ch_dist,3,48
-0.0100080128145801,age,"(19.6,28.2]",ch_dist,3,48
-0.00956190863671641,age,"(28.2,36.8]",ch_dist,3,48
-0.00981987493901675,age,"(36.8,45.4]",ch_dist,3,48
-0.0114432359022998,age,"(45.4,54]",ch_dist,3,48
-0.00946127573490263,age,"[11,19.6]",ch_dist,3,48
-0.00981589829138206,ci_scorent,100,ch_dist,3,48
-0.00981589829138206,obgyn_10kwra,100,ch_dist,3,48
-0.0115687950988515,nhblack,0,ch_dist,3,48
-0.0070905769052519,nhblack,1,ch_dist,3,48
-0.0093110612305005,mcaid_unins,0,ch_dist,3,48
-0.0100884414821728,mcaid_unins,1,ch_dist,3,48
-0.00957605036582732,hispanic,0,ch_dist,3,48
-0.0113509426702821,hispanic,1,ch_dist,3,48
,overall,,ch_peri,3,48
-0.048796631756614,overall,,ch_teach,3,48
-0.0450245922311457,age,"(19.6,28.2]",ch_teach,3,48
-0.0604307694424503,age,"(28.2,36.8]",ch_teach,3,48
-0.0607132394777925,age,"(36.8,45.4]",ch_teach,3,48
-0.0609573878824031,age,"(45.4,54]",ch_teach,3,48
-0.0265471850906518,age,"[11,19.6]",ch_teach,3,48
-0.048796631756614,ci_scorent,100,ch_teach,3,48
-0.048796631756614,obgyn_10kwra,100,ch_teach,3,48
-0.0645017072294903,nhblack,0,ch_teach,3,48
-0.0443831169531736,nhblack,1,ch_teach,3,48
-0.0866220200453438,mcaid_unins,0,ch_teach,3,48
-0.0283760786397222,mcaid_unins,1,ch_teach,3,48
-0.0557169693041905,hispanic,0,ch_teach,3,48
-0.00450596204192598,hispanic,1,ch_teach,3,48
-0.0341541217619539,overall,,ch_csection,3,48
-0.0343532495112048,age,"(19.6,28.2]",ch_csection,3,48
-0.0357245986756202,age,"(28.2,36.8]",ch_csection,3,48
-0.032066319470305,age,"(36.8,45.4]",ch_csection,3,48
-0.0408308359436018,age,"(45.4,54]",ch_csection,3,48
-0.0290186464365667,age,"[11,19.6]",ch_csection,3,48
-0.0341541217619539,ci_scorent,100,ch_csection,3,48
-0.0341541217619539,obgyn_10kwra,100,ch_csection,3,48
-0.0429094983188696,nhblack,0,ch_csection,3,48
-0.0289842784413686,nhblack,1,ch_csection,3,48
-0.0471936141720638,mcaid_unins,0,ch_csection,3,48
-0.0271145734737664,mcaid_unins,1,ch_csection,3,48
-0.0362344841600777,hispanic,0,ch_csection,3,48
-0.0208396492772373,hispanic,1,ch_csection,3,48
