mean,group_var,bin,outcome,mkt,boot_rep
-0.00985859099351608,overall,,ch_dist,3,97
-0.00980935704887841,age,"(19.6,28.2]",ch_dist,3,97
-0.00988073659204,age,"(28.2,36.8]",ch_dist,3,97
-0.00966659179556107,age,"(36.8,45.4]",ch_dist,3,97
-0.00594213776912637,age,"(45.4,54]",ch_dist,3,97
-0.0102315089918451,age,"[11,19.6]",ch_dist,3,97
-0.00985859099351608,ci_scorent,100,ch_dist,3,97
-0.00985859099351608,obgyn_10kwra,100,ch_dist,3,97
-0.0116307571859633,nhblack,0,ch_dist,3,97
-0.00713897466252633,nhblack,1,ch_dist,3,97
-0.00911457576172653,mcaid_unins,0,ch_dist,3,97
-0.0102513505162407,mcaid_unins,1,ch_dist,3,97
-0.00964262835364978,hispanic,0,ch_dist,3,97
-0.0112243088315632,hispanic,1,ch_dist,3,97
,overall,,ch_peri,3,97
-0.0516084317106415,overall,,ch_teach,3,97
-0.0490714503533484,age,"(19.6,28.2]",ch_teach,3,97
-0.0590483631770079,age,"(28.2,36.8]",ch_teach,3,97
-0.0556108851018035,age,"(36.8,45.4]",ch_teach,3,97
-0.0451862385426261,age,"(45.4,54]",ch_teach,3,97
-0.0395554919050856,age,"[11,19.6]",ch_teach,3,97
-0.0516084317106415,ci_scorent,100,ch_teach,3,97
-0.0516084317106415,obgyn_10kwra,100,ch_teach,3,97
-0.0636623477196001,nhblack,0,ch_teach,3,97
-0.0480644089013916,nhblack,1,ch_teach,3,97
-0.0841889458925255,mcaid_unins,0,ch_teach,3,97
-0.0344094461879658,mcaid_unins,1,ch_teach,3,97
-0.0562699904720328,hispanic,0,ch_teach,3,97
-0.0221293794195699,hispanic,1,ch_teach,3,97
-0.0325359629973635,overall,,ch_csection,3,97
-0.03471207599885,age,"(19.6,28.2]",ch_csection,3,97
-0.0297405942209024,age,"(28.2,36.8]",ch_csection,3,97
-0.0181501673337258,age,"(36.8,45.4]",ch_csection,3,97
-0.00743055332964134,age,"(45.4,54]",ch_csection,3,97
-0.037786870300475,age,"[11,19.6]",ch_csection,3,97
-0.0325359629973635,ci_scorent,100,ch_csection,3,97
-0.0325359629973635,obgyn_10kwra,100,ch_csection,3,97
-0.0465746412477076,nhblack,0,ch_csection,3,97
-0.0209890076615499,nhblack,1,ch_csection,3,97
-0.0418201958306995,mcaid_unins,0,ch_csection,3,97
-0.0276348928301381,mcaid_unins,1,ch_csection,3,97
-0.0355820187801113,hispanic,0,ch_csection,3,97
-0.0132731279034767,hispanic,1,ch_csection,3,97
