mean,group_var,bin,outcome,mkt,boot_rep
-0.009822554222659,overall,,ch_dist,3,119
-0.00991542746096976,age,"(19.6,28.2]",ch_dist,3,119
-0.00959642292524412,age,"(28.2,36.8]",ch_dist,3,119
-0.010093831741221,age,"(36.8,45.4]",ch_dist,3,119
-0.00987782217723692,age,"(45.4,54]",ch_dist,3,119
-0.00983602987290624,age,"[11,19.6]",ch_dist,3,119
-0.009822554222659,ci_scorent,100,ch_dist,3,119
-0.009822554222659,obgyn_10kwra,100,ch_dist,3,119
-0.011556282433069,nhblack,0,ch_dist,3,119
-0.00721837362342077,nhblack,1,ch_dist,3,119
-0.00922117389292479,mcaid_unins,0,ch_dist,3,119
-0.010148474870757,mcaid_unins,1,ch_dist,3,119
-0.0096157450790303,hispanic,0,ch_dist,3,119
-0.0111292838571561,hispanic,1,ch_dist,3,119
,overall,,ch_peri,3,119
-0.0518003693860585,overall,,ch_teach,3,119
-0.0502160686262519,age,"(19.6,28.2]",ch_teach,3,119
-0.0580949239912228,age,"(28.2,36.8]",ch_teach,3,119
-0.0580417978891111,age,"(36.8,45.4]",ch_teach,3,119
-0.0611398909246571,age,"(45.4,54]",ch_teach,3,119
-0.0368093235668382,age,"[11,19.6]",ch_teach,3,119
-0.0518003693860585,ci_scorent,100,ch_teach,3,119
-0.0518003693860585,obgyn_10kwra,100,ch_teach,3,119
-0.0683059751967009,nhblack,0,ch_teach,3,119
-0.0466742408638776,nhblack,1,ch_teach,3,119
-0.0843694682210155,mcaid_unins,0,ch_teach,3,119
-0.034149406633504,mcaid_unins,1,ch_teach,3,119
-0.0582909867557434,hispanic,0,ch_teach,3,119
-0.0107892133301356,hispanic,1,ch_teach,3,119
-0.0326538690102996,overall,,ch_csection,3,119
-0.0329475023973554,age,"(19.6,28.2]",ch_csection,3,119
-0.0331204251176437,age,"(28.2,36.8]",ch_csection,3,119
-0.0309648866252993,age,"(36.8,45.4]",ch_csection,3,119
-0.0304491429072766,age,"(45.4,54]",ch_csection,3,119
-0.0303742876359399,age,"[11,19.6]",ch_csection,3,119
-0.0326538690102996,ci_scorent,100,ch_csection,3,119
-0.0326538690102996,obgyn_10kwra,100,ch_csection,3,119
-0.0457886117822461,nhblack,0,ch_csection,3,119
-0.0232663142476505,nhblack,1,ch_csection,3,119
-0.0420406996345698,mcaid_unins,0,ch_csection,3,119
-0.0275666359077461,mcaid_unins,1,ch_csection,3,119
-0.0353596606760747,hispanic,0,ch_csection,3,119
-0.0155572450776975,hispanic,1,ch_csection,3,119
