mean,group_var,bin,outcome,mkt,boot_rep
-0.00991857363482714,overall,,ch_dist,3,1
-0.0100059812825108,age,"(19.6,28.2]",ch_dist,3,1
-0.00958908721162675,age,"(28.2,36.8]",ch_dist,3,1
-0.0100521062140609,age,"(36.8,45.4]",ch_dist,3,1
-0.00791004968383902,age,"(45.4,54]",ch_dist,3,1
-0.0104053967641671,age,"[11,19.6]",ch_dist,3,1
-0.00991857363482714,ci_scorent,100,ch_dist,3,1
-0.00991857363482714,obgyn_10kwra,100,ch_dist,3,1
-0.0114985645477414,nhblack,0,ch_dist,3,1
-0.00746319256464714,nhblack,1,ch_dist,3,1
-0.00925284535055614,mcaid_unins,0,ch_dist,3,1
-0.0102774225073794,mcaid_unins,1,ch_dist,3,1
-0.00969347040090134,hispanic,0,ch_dist,3,1
-0.0113791485987036,hispanic,1,ch_dist,3,1
,overall,,ch_peri,3,1
-0.0484652767622109,overall,,ch_teach,3,1
-0.047948100320246,age,"(19.6,28.2]",ch_teach,3,1
-0.0514744301774513,age,"(28.2,36.8]",ch_teach,3,1
-0.0465373155577849,age,"(36.8,45.4]",ch_teach,3,1
-0.0593038690691591,age,"(45.4,54]",ch_teach,3,1
-0.0427485475206336,age,"[11,19.6]",ch_teach,3,1
-0.0484652767622109,ci_scorent,100,ch_teach,3,1
-0.0484652767622109,obgyn_10kwra,100,ch_teach,3,1
-0.0652899482444842,nhblack,0,ch_teach,3,1
-0.0424062777308952,nhblack,1,ch_teach,3,1
-0.0766443955102649,mcaid_unins,0,ch_teach,3,1
-0.033275829008271,mcaid_unins,1,ch_teach,3,1
-0.0545623256840724,hispanic,0,ch_teach,3,1
-0.00890477443848072,hispanic,1,ch_teach,3,1
-0.03713925580734,overall,,ch_csection,3,1
-0.0404275884601092,age,"(19.6,28.2]",ch_csection,3,1
-0.031785781597746,age,"(28.2,36.8]",ch_csection,3,1
-0.0211175566189797,age,"(36.8,45.4]",ch_csection,3,1
-0.0145565269013858,age,"(45.4,54]",ch_csection,3,1
-0.0456341462078121,age,"[11,19.6]",ch_csection,3,1
-0.03713925580734,ci_scorent,100,ch_csection,3,1
-0.03713925580734,obgyn_10kwra,100,ch_csection,3,1
-0.0475947815353546,nhblack,0,ch_csection,3,1
-0.0298219443903734,nhblack,1,ch_csection,3,1
-0.0468904111585306,mcaid_unins,0,ch_csection,3,1
-0.0318830706841735,mcaid_unins,1,ch_csection,3,1
-0.0395571438297982,hispanic,0,ch_csection,3,1
-0.0214508685306683,hispanic,1,ch_csection,3,1
