mean,group_var,bin,outcome,mkt,boot_rep
-0.00996537761830922,overall,,ch_dist,3,99
-0.010021467963622,age,"(19.6,28.2]",ch_dist,3,99
-0.00984374239140264,age,"(28.2,36.8]",ch_dist,3,99
-0.0099561719125433,age,"(36.8,45.4]",ch_dist,3,99
-0.00857742464276351,age,"(45.4,54]",ch_dist,3,99
-0.0100420218286421,age,"[11,19.6]",ch_dist,3,99
-0.00996537761830922,ci_scorent,100,ch_dist,3,99
-0.00996537761830922,obgyn_10kwra,100,ch_dist,3,99
-0.0116888495874443,nhblack,0,ch_dist,3,99
-0.00737062468260247,nhblack,1,ch_dist,3,99
-0.00939756719595054,mcaid_unins,0,ch_dist,3,99
-0.0102768859401595,mcaid_unins,1,ch_dist,3,99
-0.00976218705422318,hispanic,0,ch_dist,3,99
-0.0112250572292567,hispanic,1,ch_dist,3,99
,overall,,ch_peri,3,99
-0.0447742677173056,overall,,ch_teach,3,99
-0.0422947025116354,age,"(19.6,28.2]",ch_teach,3,99
-0.0539736296570382,age,"(28.2,36.8]",ch_teach,3,99
-0.0543778931447369,age,"(36.8,45.4]",ch_teach,3,99
-0.0748356325505467,age,"(45.4,54]",ch_teach,3,99
-0.0224941234617822,age,"[11,19.6]",ch_teach,3,99
-0.0447742677173056,ci_scorent,100,ch_teach,3,99
-0.0447742677173056,obgyn_10kwra,100,ch_teach,3,99
-0.0608711825120097,nhblack,0,ch_teach,3,99
-0.0407057530496081,nhblack,1,ch_teach,3,99
-0.0938374745713452,mcaid_unins,0,ch_teach,3,99
-0.01785754229299,mcaid_unins,1,ch_teach,3,99
-0.0517048771307265,hispanic,0,ch_teach,3,99
-0.00180796458804256,hispanic,1,ch_teach,3,99
-0.0354450290747453,overall,,ch_csection,3,99
-0.0370082067395858,age,"(19.6,28.2]",ch_csection,3,99
-0.0338752569650414,age,"(28.2,36.8]",ch_csection,3,99
-0.0295275160659158,age,"(36.8,45.4]",ch_csection,3,99
-0.0223867937901357,age,"(45.4,54]",ch_csection,3,99
-0.0347539344742883,age,"[11,19.6]",ch_csection,3,99
-0.0354450290747453,ci_scorent,100,ch_csection,3,99
-0.0354450290747453,obgyn_10kwra,100,ch_csection,3,99
-0.0469427484085363,nhblack,0,ch_csection,3,99
-0.0277119105069206,nhblack,1,ch_csection,3,99
-0.0515054572133606,mcaid_unins,0,ch_csection,3,99
-0.0266340653786684,mcaid_unins,1,ch_csection,3,99
-0.0376204091566749,hispanic,0,ch_csection,3,99
-0.0219587633734135,hispanic,1,ch_csection,3,99
