mean,group_var,bin,outcome,mkt,boot_rep
-0.0099661144741795,overall,,ch_dist,3,44
-0.0100477176729447,age,"(19.6,28.2]",ch_dist,3,44
-0.00981821735863747,age,"(28.2,36.8]",ch_dist,3,44
-0.00992746196905021,age,"(36.8,45.4]",ch_dist,3,44
-0.00698646145184324,age,"(45.4,54]",ch_dist,3,44
-0.00998730571905231,age,"[11,19.6]",ch_dist,3,44
-0.0099661144741795,ci_scorent,100,ch_dist,3,44
-0.0099661144741795,obgyn_10kwra,100,ch_dist,3,44
-0.0116025760994247,nhblack,0,ch_dist,3,44
-0.00736589401631951,nhblack,1,ch_dist,3,44
-0.00922436471813551,mcaid_unins,0,ch_dist,3,44
-0.0103645718070143,mcaid_unins,1,ch_dist,3,44
-0.0097460781242749,hispanic,0,ch_dist,3,44
-0.0113453376229852,hispanic,1,ch_dist,3,44
,overall,,ch_peri,3,44
-0.050412781074463,overall,,ch_teach,3,44
-0.0456508040423607,age,"(19.6,28.2]",ch_teach,3,44
-0.0630776715510454,age,"(28.2,36.8]",ch_teach,3,44
-0.0609081848125283,age,"(36.8,45.4]",ch_teach,3,44
-0.0979909075577201,age,"(45.4,54]",ch_teach,3,44
-0.0303091052541349,age,"[11,19.6]",ch_teach,3,44
-0.050412781074463,ci_scorent,100,ch_teach,3,44
-0.050412781074463,obgyn_10kwra,100,ch_teach,3,44
-0.0700578686607609,nhblack,0,ch_teach,3,44
-0.0462394037854773,nhblack,1,ch_teach,3,44
-0.0921006127430286,mcaid_unins,0,ch_teach,3,44
-0.0280186756730506,mcaid_unins,1,ch_teach,3,44
-0.0596645905062611,hispanic,0,ch_teach,3,44
0.00757904501339559,hispanic,1,ch_teach,3,44
-0.0320599438868536,overall,,ch_csection,3,44
-0.0321354843964305,age,"(19.6,28.2]",ch_csection,3,44
-0.0335395969119763,age,"(28.2,36.8]",ch_csection,3,44
-0.0272114287862631,age,"(36.8,45.4]",ch_csection,3,44
-0.0264713648489747,age,"(45.4,54]",ch_csection,3,44
-0.0296391780089995,age,"[11,19.6]",ch_csection,3,44
-0.0320599438868536,ci_scorent,100,ch_csection,3,44
-0.0320599438868536,obgyn_10kwra,100,ch_csection,3,44
-0.0471132930435087,nhblack,0,ch_csection,3,44
-0.0236692879716524,nhblack,1,ch_csection,3,44
-0.0434847019310596,mcaid_unins,0,ch_csection,3,44
-0.0259227276876118,mcaid_unins,1,ch_csection,3,44
-0.0368940375748446,hispanic,0,ch_csection,3,44
-0.00175906895930879,hispanic,1,ch_csection,3,44
