mean,group_var,bin,outcome,mkt,boot_rep
-0.00975489085136516,overall,,ch_dist,3,24
-0.0099048906029014,age,"(19.6,28.2]",ch_dist,3,24
-0.00951033081978669,age,"(28.2,36.8]",ch_dist,3,24
-0.00976863386078509,age,"(36.8,45.4]",ch_dist,3,24
-0.00890744450397281,age,"(45.4,54]",ch_dist,3,24
-0.00962997890428021,age,"[11,19.6]",ch_dist,3,24
-0.00975489085136516,ci_scorent,100,ch_dist,3,24
-0.00975489085136516,obgyn_10kwra,100,ch_dist,3,24
-0.0114690885812728,nhblack,0,ch_dist,3,24
-0.00700076708143625,nhblack,1,ch_dist,3,24
-0.00894508428047401,mcaid_unins,0,ch_dist,3,24
-0.0101809398374625,mcaid_unins,1,ch_dist,3,24
-0.00950869030697757,hispanic,0,ch_dist,3,24
-0.011325153406028,hispanic,1,ch_dist,3,24
,overall,,ch_peri,3,24
-0.0554761920699648,overall,,ch_teach,3,24
-0.0526115195508321,age,"(19.6,28.2]",ch_teach,3,24
-0.0648858258561197,age,"(28.2,36.8]",ch_teach,3,24
-0.0654310408591188,age,"(36.8,45.4]",ch_teach,3,24
-0.0687025365140673,age,"(45.4,54]",ch_teach,3,24
-0.0349049333028079,age,"[11,19.6]",ch_teach,3,24
-0.0554761920699648,ci_scorent,100,ch_teach,3,24
-0.0554761920699648,obgyn_10kwra,100,ch_teach,3,24
-0.074291344968996,nhblack,0,ch_teach,3,24
-0.0461858775705634,nhblack,1,ch_teach,3,24
-0.0985067823563907,mcaid_unins,0,ch_teach,3,24
-0.0328372804808333,mcaid_unins,1,ch_teach,3,24
-0.0616889842115223,hispanic,0,ch_teach,3,24
-0.015851117787297,hispanic,1,ch_teach,3,24
-0.0304002849381466,overall,,ch_csection,3,24
-0.0325908382967641,age,"(19.6,28.2]",ch_csection,3,24
-0.0276154220954716,age,"(28.2,36.8]",ch_csection,3,24
-0.0195948053134011,age,"(36.8,45.4]",ch_csection,3,24
-0.0127863785523905,age,"(45.4,54]",ch_csection,3,24
-0.032972640685236,age,"[11,19.6]",ch_csection,3,24
-0.0304002849381466,ci_scorent,100,ch_csection,3,24
-0.0304002849381466,obgyn_10kwra,100,ch_csection,3,24
-0.0425666896952871,nhblack,0,ch_csection,3,24
-0.0227219302857431,nhblack,1,ch_csection,3,24
-0.0393695514442503,mcaid_unins,0,ch_csection,3,24
-0.0256814458495019,mcaid_unins,1,ch_csection,3,24
-0.0336785484505385,hispanic,0,ch_csection,3,24
-0.0094915804077349,hispanic,1,ch_csection,3,24
