mean,group_var,bin,outcome,mkt,boot_rep
-0.0098405084218052,overall,,ch_dist,3,78
-0.0100251972698987,age,"(19.6,28.2]",ch_dist,3,78
-0.00938451049325139,age,"(28.2,36.8]",ch_dist,3,78
-0.00994340003091981,age,"(36.8,45.4]",ch_dist,3,78
-0.0066429377776234,age,"(45.4,54]",ch_dist,3,78
-0.010140458201275,age,"[11,19.6]",ch_dist,3,78
-0.0098405084218052,ci_scorent,100,ch_dist,3,78
-0.0098405084218052,obgyn_10kwra,100,ch_dist,3,78
-0.011568629253809,nhblack,0,ch_dist,3,78
-0.00707037298086809,nhblack,1,ch_dist,3,78
-0.00924130123920803,mcaid_unins,0,ch_dist,3,78
-0.0101663575177235,mcaid_unins,1,ch_dist,3,78
-0.00956610107210418,hispanic,0,ch_dist,3,78
-0.0116257438447014,hispanic,1,ch_dist,3,78
,overall,,ch_peri,3,78
-0.0532699310270382,overall,,ch_teach,3,78
-0.0510525038089446,age,"(19.6,28.2]",ch_teach,3,78
-0.0612836336094513,age,"(28.2,36.8]",ch_teach,3,78
-0.0623323500878301,age,"(36.8,45.4]",ch_teach,3,78
-0.0683533551728205,age,"(45.4,54]",ch_teach,3,78
-0.0342862365176896,age,"[11,19.6]",ch_teach,3,78
-0.0532699310270382,ci_scorent,100,ch_teach,3,78
-0.0532699310270382,obgyn_10kwra,100,ch_teach,3,78
-0.0707033619817802,nhblack,0,ch_teach,3,78
-0.0416484025506589,nhblack,1,ch_teach,3,78
-0.0883303408018733,mcaid_unins,0,ch_teach,3,78
-0.0342040667325925,mcaid_unins,1,ch_teach,3,78
-0.0579972436366095,hispanic,0,ch_teach,3,78
-0.0225150480586856,hispanic,1,ch_teach,3,78
-0.0298754261791955,overall,,ch_csection,3,78
-0.0318482324675963,age,"(19.6,28.2]",ch_csection,3,78
-0.0275719235782523,age,"(28.2,36.8]",ch_csection,3,78
-0.0208654453085012,age,"(36.8,45.4]",ch_csection,3,78
-0.0206111416281425,age,"(45.4,54]",ch_csection,3,78
-0.0308766747980965,age,"[11,19.6]",ch_csection,3,78
-0.0298754261791955,ci_scorent,100,ch_csection,3,78
-0.0298754261791955,obgyn_10kwra,100,ch_csection,3,78
-0.0438810361378784,nhblack,0,ch_csection,3,78
-0.0216927182462108,nhblack,1,ch_csection,3,78
-0.0385233138639414,mcaid_unins,0,ch_csection,3,78
-0.025172701536504,mcaid_unins,1,ch_csection,3,78
-0.0339100656402882,hispanic,0,ch_csection,3,78
-0.00362692630335137,hispanic,1,ch_csection,3,78
