mean,group_var,bin,outcome,mkt,boot_rep
-0.00981550089499572,overall,,ch_dist,3,9
-0.00985112619556113,age,"(19.6,28.2]",ch_dist,3,9
-0.00956681163059109,age,"(28.2,36.8]",ch_dist,3,9
-0.0104032125594605,age,"(36.8,45.4]",ch_dist,3,9
-0.0076802414881337,age,"(45.4,54]",ch_dist,3,9
-0.0100521722255776,age,"[11,19.6]",ch_dist,3,9
-0.00981550089499572,ci_scorent,100,ch_dist,3,9
-0.00981550089499572,obgyn_10kwra,100,ch_dist,3,9
-0.0114980773686657,nhblack,0,ch_dist,3,9
-0.00714735177338991,nhblack,1,ch_dist,3,9
-0.00912980631849581,mcaid_unins,0,ch_dist,3,9
-0.0101882536198962,mcaid_unins,1,ch_dist,3,9
-0.00956221402377059,hispanic,0,ch_dist,3,9
-0.0114317610288773,hispanic,1,ch_dist,3,9
,overall,,ch_peri,3,9
-0.0580091492692797,overall,,ch_teach,3,9
-0.054865438388813,age,"(19.6,28.2]",ch_teach,3,9
-0.0674731546975686,age,"(28.2,36.8]",ch_teach,3,9
-0.0680628749371502,age,"(36.8,45.4]",ch_teach,3,9
-0.0827223561572981,age,"(45.4,54]",ch_teach,3,9
-0.0387033703033827,age,"[11,19.6]",ch_teach,3,9
-0.0580091492692797,ci_scorent,100,ch_teach,3,9
-0.0580091492692797,obgyn_10kwra,100,ch_teach,3,9
-0.0830805272870926,nhblack,0,ch_teach,3,9
-0.0462406662782923,nhblack,1,ch_teach,3,9
-0.0966969481784179,mcaid_unins,0,ch_teach,3,9
-0.0369779453513546,mcaid_unins,1,ch_teach,3,9
-0.0658835308785761,hispanic,0,ch_teach,3,9
-0.00776158210357471,hispanic,1,ch_teach,3,9
-0.0300377707957391,overall,,ch_csection,3,9
-0.0331560701926558,age,"(19.6,28.2]",ch_csection,3,9
-0.0255925058697461,age,"(28.2,36.8]",ch_csection,3,9
-0.0152927482840491,age,"(36.8,45.4]",ch_csection,3,9
-0.0131959867099451,age,"(45.4,54]",ch_csection,3,9
-0.035634468531886,age,"[11,19.6]",ch_csection,3,9
-0.0300377707957391,ci_scorent,100,ch_csection,3,9
-0.0300377707957391,obgyn_10kwra,100,ch_csection,3,9
-0.04231741513679,nhblack,0,ch_csection,3,9
-0.0215011359243543,nhblack,1,ch_csection,3,9
-0.0394562307490245,mcaid_unins,0,ch_csection,3,9
-0.0249177702411567,mcaid_unins,1,ch_csection,3,9
-0.032732474872366,hispanic,0,ch_csection,3,9
-0.012842474606111,hispanic,1,ch_csection,3,9
