mean,group_var,bin,outcome,mkt,boot_rep
-0.00999500343062593,overall,,ch_dist,3,59
-0.0101300454271347,age,"(19.6,28.2]",ch_dist,3,59
-0.0097806230325271,age,"(28.2,36.8]",ch_dist,3,59
-0.0100785610921371,age,"(36.8,45.4]",ch_dist,3,59
-0.00748652136436667,age,"(45.4,54]",ch_dist,3,59
-0.00983791149920119,age,"[11,19.6]",ch_dist,3,59
-0.00999500343062593,ci_scorent,100,ch_dist,3,59
-0.00999500343062593,obgyn_10kwra,100,ch_dist,3,59
-0.0118150644372073,nhblack,0,ch_dist,3,59
-0.00714322838147776,nhblack,1,ch_dist,3,59
-0.00928357028752035,mcaid_unins,0,ch_dist,3,59
-0.0103840632978653,mcaid_unins,1,ch_dist,3,59
-0.00974774873906945,hispanic,0,ch_dist,3,59
-0.0115918375332384,hispanic,1,ch_dist,3,59
,overall,,ch_peri,3,59
-0.0461299033210383,overall,,ch_teach,3,59
-0.0414770069269655,age,"(19.6,28.2]",ch_teach,3,59
-0.059231883910237,age,"(28.2,36.8]",ch_teach,3,59
-0.0611222668018416,age,"(36.8,45.4]",ch_teach,3,59
-0.0591673151052091,age,"(45.4,54]",ch_teach,3,59
-0.0210967087325241,age,"[11,19.6]",ch_teach,3,59
-0.0461299033210383,ci_scorent,100,ch_teach,3,59
-0.0461299033210383,obgyn_10kwra,100,ch_teach,3,59
-0.0647148241565306,nhblack,0,ch_teach,3,59
-0.0394807460672147,nhblack,1,ch_teach,3,59
-0.0820030852636456,mcaid_unins,0,ch_teach,3,59
-0.0265120157664617,mcaid_unins,1,ch_teach,3,59
-0.05390481248168,hispanic,0,ch_teach,3,59
0.00408245064592596,hispanic,1,ch_teach,3,59
-0.0353962796163557,overall,,ch_csection,3,59
-0.0369739340326241,age,"(19.6,28.2]",ch_csection,3,59
-0.0340789173252632,age,"(28.2,36.8]",ch_csection,3,59
-0.027610985750115,age,"(36.8,45.4]",ch_csection,3,59
-0.0225389104119176,age,"(45.4,54]",ch_csection,3,59
-0.0351402068840005,age,"[11,19.6]",ch_csection,3,59
-0.0353962796163557,ci_scorent,100,ch_csection,3,59
-0.0353962796163557,obgyn_10kwra,100,ch_csection,3,59
-0.0463203514031855,nhblack,0,ch_csection,3,59
-0.0296255765426342,nhblack,1,ch_csection,3,59
-0.043840395430751,mcaid_unins,0,ch_csection,3,59
-0.0307784647035427,mcaid_unins,1,ch_csection,3,59
-0.0385637710877119,hispanic,0,ch_csection,3,59
-0.0149398087224953,hispanic,1,ch_csection,3,59
