mean,group_var,bin,outcome,mkt,boot_rep
-0.00974333433289949,overall,,ch_dist,3,88
-0.00988965292973736,age,"(19.6,28.2]",ch_dist,3,88
-0.00940253079839693,age,"(28.2,36.8]",ch_dist,3,88
-0.0101831874478331,age,"(36.8,45.4]",ch_dist,3,88
-0.00776350486888621,age,"(45.4,54]",ch_dist,3,88
-0.00969536247862792,age,"[11,19.6]",ch_dist,3,88
-0.00974333433289949,ci_scorent,100,ch_dist,3,88
-0.00974333433289949,obgyn_10kwra,100,ch_dist,3,88
-0.01142568388957,nhblack,0,ch_dist,3,88
-0.00712006295909619,nhblack,1,ch_dist,3,88
-0.00911436211170919,mcaid_unins,0,ch_dist,3,88
-0.0100825266264556,mcaid_unins,1,ch_dist,3,88
-0.00950460739543261,hispanic,0,ch_dist,3,88
-0.0112340227553954,hispanic,1,ch_dist,3,88
,overall,,ch_peri,3,88
-0.0477800644940227,overall,,ch_teach,3,88
-0.04629004842334,age,"(19.6,28.2]",ch_teach,3,88
-0.0539782209075777,age,"(28.2,36.8]",ch_teach,3,88
-0.054567272816993,age,"(36.8,45.4]",ch_teach,3,88
-0.0768623089993627,age,"(45.4,54]",ch_teach,3,88
-0.0316279681937297,age,"[11,19.6]",ch_teach,3,88
-0.0477800644940227,ci_scorent,100,ch_teach,3,88
-0.0477800644940227,obgyn_10kwra,100,ch_teach,3,88
-0.0651632063925568,nhblack,0,ch_teach,3,88
-0.0385892490019895,nhblack,1,ch_teach,3,88
-0.0824160161225123,mcaid_unins,0,ch_teach,3,88
-0.029101580013207,mcaid_unins,1,ch_teach,3,88
-0.053222181197411,hispanic,0,ch_teach,3,88
-0.0137977227872431,hispanic,1,ch_teach,3,88
-0.0330044104322692,overall,,ch_csection,3,88
-0.0368739086267142,age,"(19.6,28.2]",ch_csection,3,88
-0.0271391695732583,age,"(28.2,36.8]",ch_csection,3,88
-0.0167706935351326,age,"(36.8,45.4]",ch_csection,3,88
-0.0162806117312431,age,"(45.4,54]",ch_csection,3,88
-0.039260571925554,age,"[11,19.6]",ch_csection,3,88
-0.0330044104322692,ci_scorent,100,ch_csection,3,88
-0.0330044104322692,obgyn_10kwra,100,ch_csection,3,88
-0.0457531266574208,nhblack,0,ch_csection,3,88
-0.0221852650191854,nhblack,1,ch_csection,3,88
-0.0436638913808207,mcaid_unins,0,ch_csection,3,88
-0.0272559629345167,mcaid_unins,1,ch_csection,3,88
-0.0347225088222996,hispanic,0,ch_csection,3,88
-0.0222760468638204,hispanic,1,ch_csection,3,88
