mean,group_var,bin,outcome,mkt,boot_rep
-0.00986188824108617,overall,,ch_dist,3,32
-0.00994627383829974,age,"(19.6,28.2]",ch_dist,3,32
-0.00973382704036039,age,"(28.2,36.8]",ch_dist,3,32
-0.0097724755356861,age,"(36.8,45.4]",ch_dist,3,32
-0.0100128328588573,age,"(45.4,54]",ch_dist,3,32
-0.00982604276206804,age,"[11,19.6]",ch_dist,3,32
-0.00986188824108617,ci_scorent,100,ch_dist,3,32
-0.00986188824108617,obgyn_10kwra,100,ch_dist,3,32
-0.01154208303226,nhblack,0,ch_dist,3,32
-0.00737034921832754,nhblack,1,ch_dist,3,32
-0.00910652118964469,mcaid_unins,0,ch_dist,3,32
-0.0102714148197235,mcaid_unins,1,ch_dist,3,32
-0.00964059692477848,hispanic,0,ch_dist,3,32
-0.0112790492416909,hispanic,1,ch_dist,3,32
,overall,,ch_peri,3,32
-0.0437526964528302,overall,,ch_teach,3,32
-0.0424522697211632,age,"(19.6,28.2]",ch_teach,3,32
-0.0504221263887888,age,"(28.2,36.8]",ch_teach,3,32
-0.0419560265017002,age,"(36.8,45.4]",ch_teach,3,32
-0.0622792964443916,age,"(45.4,54]",ch_teach,3,32
-0.0300147492089792,age,"[11,19.6]",ch_teach,3,32
-0.0437526964528302,ci_scorent,100,ch_teach,3,32
-0.0437526964528302,obgyn_10kwra,100,ch_teach,3,32
-0.0529524792093838,nhblack,0,ch_teach,3,32
-0.0445776419143644,nhblack,1,ch_teach,3,32
-0.0799094364470533,mcaid_unins,0,ch_teach,3,32
-0.0241501125219384,mcaid_unins,1,ch_teach,3,32
-0.0501286944680107,hispanic,0,ch_teach,3,32
-0.0029204763828696,hispanic,1,ch_teach,3,32
-0.033486835363758,overall,,ch_csection,3,32
-0.0354872430505128,age,"(19.6,28.2]",ch_csection,3,32
-0.0311964245700646,age,"(28.2,36.8]",ch_csection,3,32
-0.0230766016566894,age,"(36.8,45.4]",ch_csection,3,32
-0.0285230802580683,age,"(45.4,54]",ch_csection,3,32
-0.0355807163186654,age,"[11,19.6]",ch_csection,3,32
-0.033486835363758,ci_scorent,100,ch_csection,3,32
-0.033486835363758,obgyn_10kwra,100,ch_csection,3,32
-0.0443839935907131,nhblack,0,ch_csection,3,32
-0.0284365039373476,nhblack,1,ch_csection,3,32
-0.042894562710201,mcaid_unins,0,ch_csection,3,32
-0.0283863820336995,mcaid_unins,1,ch_csection,3,32
-0.0365888678503298,hispanic,0,ch_csection,3,32
-0.0136212593622763,hispanic,1,ch_csection,3,32
