mean,group_var,bin,outcome,mkt,boot_rep
-0.00971827957752197,overall,,ch_dist,3,39
-0.00987205423357534,age,"(19.6,28.2]",ch_dist,3,39
-0.00941126045176106,age,"(28.2,36.8]",ch_dist,3,39
-0.00967440683068462,age,"(36.8,45.4]",ch_dist,3,39
-0.00390066838303009,age,"(45.4,54]",ch_dist,3,39
-0.00987242133418575,age,"[11,19.6]",ch_dist,3,39
-0.00971827957752197,ci_scorent,100,ch_dist,3,39
-0.00971827957752197,obgyn_10kwra,100,ch_dist,3,39
-0.0114599369955486,nhblack,0,ch_dist,3,39
-0.00704042439010978,nhblack,1,ch_dist,3,39
-0.00904342797177371,mcaid_unins,0,ch_dist,3,39
-0.0100835871077837,mcaid_unins,1,ch_dist,3,39
-0.00947244320456018,hispanic,0,ch_dist,3,39
-0.0112506006820838,hispanic,1,ch_dist,3,39
,overall,,ch_peri,3,39
-0.0475801861956269,overall,,ch_teach,3,39
-0.0453953841861818,age,"(19.6,28.2]",ch_teach,3,39
-0.0566988379441725,age,"(28.2,36.8]",ch_teach,3,39
-0.0465673011929723,age,"(36.8,45.4]",ch_teach,3,39
-0.0436927590001305,age,"(45.4,54]",ch_teach,3,39
-0.0298875088501521,age,"[11,19.6]",ch_teach,3,39
-0.0475801861956269,ci_scorent,100,ch_teach,3,39
-0.0475801861956269,obgyn_10kwra,100,ch_teach,3,39
-0.060489794397382,nhblack,0,ch_teach,3,39
-0.0470246768507488,nhblack,1,ch_teach,3,39
-0.0890318897787384,mcaid_unins,0,ch_teach,3,39
-0.0251417429406879,mcaid_unins,1,ch_teach,3,39
-0.0546075496603271,hispanic,0,ch_teach,3,39
-0.00377797248471871,hispanic,1,ch_teach,3,39
-0.032416148961939,overall,,ch_csection,3,39
-0.0343253608361749,age,"(19.6,28.2]",ch_csection,3,39
-0.0313501360983021,age,"(28.2,36.8]",ch_csection,3,39
-0.0193973176443886,age,"(36.8,45.4]",ch_csection,3,39
-0.0127880285161058,age,"(45.4,54]",ch_csection,3,39
-0.0329930999504494,age,"[11,19.6]",ch_csection,3,39
-0.032416148961939,ci_scorent,100,ch_csection,3,39
-0.032416148961939,obgyn_10kwra,100,ch_csection,3,39
-0.0485869239163098,nhblack,0,ch_csection,3,39
-0.0202655840823914,nhblack,1,ch_csection,3,39
-0.0495746646402802,mcaid_unins,0,ch_csection,3,39
-0.0231279811158217,mcaid_unins,1,ch_csection,3,39
-0.0357391170299068,hispanic,0,ch_csection,3,39
-0.0117037782131096,hispanic,1,ch_csection,3,39
