mean,group_var,bin,outcome,mkt,boot_rep
-0.00974917300228466,overall,,ch_dist,3,91
-0.0096821813048142,age,"(19.6,28.2]",ch_dist,3,91
-0.00964792063666215,age,"(28.2,36.8]",ch_dist,3,91
-0.0102609844532745,age,"(36.8,45.4]",ch_dist,3,91
-0.0127332187621556,age,"(45.4,54]",ch_dist,3,91
-0.0101566290065367,age,"[11,19.6]",ch_dist,3,91
-0.00974917300228466,ci_scorent,100,ch_dist,3,91
-0.00974917300228466,obgyn_10kwra,100,ch_dist,3,91
-0.0115485884254922,nhblack,0,ch_dist,3,91
-0.00688849883345956,nhblack,1,ch_dist,3,91
-0.00920107240437641,mcaid_unins,0,ch_dist,3,91
-0.0100476277804157,mcaid_unins,1,ch_dist,3,91
-0.00950635925947025,hispanic,0,ch_dist,3,91
-0.011298882894452,hispanic,1,ch_dist,3,91
,overall,,ch_peri,3,91
-0.0455928196968175,overall,,ch_teach,3,91
-0.0453256945574904,age,"(19.6,28.2]",ch_teach,3,91
-0.0503713663171572,age,"(28.2,36.8]",ch_teach,3,91
-0.0372426755429954,age,"(36.8,45.4]",ch_teach,3,91
-0.0271206066151703,age,"(45.4,54]",ch_teach,3,91
-0.0368332079912807,age,"[11,19.6]",ch_teach,3,91
-0.0455928196968175,ci_scorent,100,ch_teach,3,91
-0.0455928196968175,obgyn_10kwra,100,ch_teach,3,91
-0.0607153683253804,nhblack,0,ch_teach,3,91
-0.042743171203861,nhblack,1,ch_teach,3,91
-0.0845494674334087,mcaid_unins,0,ch_teach,3,91
-0.0243799297614183,mcaid_unins,1,ch_teach,3,91
-0.0523573478769323,hispanic,0,ch_teach,3,91
-0.00241957869710623,hispanic,1,ch_teach,3,91
-0.0316997103775697,overall,,ch_csection,3,91
-0.0322582978971402,age,"(19.6,28.2]",ch_csection,3,91
-0.0313421208411514,age,"(28.2,36.8]",ch_csection,3,91
-0.0254761575947978,age,"(36.8,45.4]",ch_csection,3,91
-0.0155362029107895,age,"(45.4,54]",ch_csection,3,91
-0.0334946205095168,age,"[11,19.6]",ch_csection,3,91
-0.0316997103775697,ci_scorent,100,ch_csection,3,91
-0.0316997103775697,obgyn_10kwra,100,ch_csection,3,91
-0.0444659471300069,nhblack,0,ch_csection,3,91
-0.020647637473673,nhblack,1,ch_csection,3,91
-0.0468114311367074,mcaid_unins,0,ch_csection,3,91
-0.0234709923583604,mcaid_unins,1,ch_csection,3,91
-0.0348222590345233,hispanic,0,ch_csection,3,91
-0.0117706714098146,hispanic,1,ch_csection,3,91
