mean,group_var,bin,outcome,mkt,boot_rep
-0.00986163377902776,overall,,ch_dist,3,71
-0.00996730851594284,age,"(19.6,28.2]",ch_dist,3,71
-0.00964688181131311,age,"(28.2,36.8]",ch_dist,3,71
-0.0103074109477689,age,"(36.8,45.4]",ch_dist,3,71
-0.00484317556583961,age,"(45.4,54]",ch_dist,3,71
-0.00966531008736035,age,"[11,19.6]",ch_dist,3,71
-0.00986163377902776,ci_scorent,100,ch_dist,3,71
-0.00986163377902776,obgyn_10kwra,100,ch_dist,3,71
-0.0116307624988384,nhblack,0,ch_dist,3,71
-0.00721293253136567,nhblack,1,ch_dist,3,71
-0.00937053902178218,mcaid_unins,0,ch_dist,3,71
-0.0101278849838413,mcaid_unins,1,ch_dist,3,71
-0.00964206298862066,hispanic,0,ch_dist,3,71
-0.0112934815800974,hispanic,1,ch_dist,3,71
,overall,,ch_peri,3,71
-0.051838405438811,overall,,ch_teach,3,71
-0.0527899233426221,age,"(19.6,28.2]",ch_teach,3,71
-0.0541302954701369,age,"(28.2,36.8]",ch_teach,3,71
-0.0461831574183834,age,"(36.8,45.4]",ch_teach,3,71
-0.0304602020309696,age,"(45.4,54]",ch_teach,3,71
-0.042136314594303,age,"[11,19.6]",ch_teach,3,71
-0.051838405438811,ci_scorent,100,ch_teach,3,71
-0.051838405438811,obgyn_10kwra,100,ch_teach,3,71
-0.0704131073029525,nhblack,0,ch_teach,3,71
-0.0409691180180717,nhblack,1,ch_teach,3,71
-0.0858498957945847,mcaid_unins,0,ch_teach,3,71
-0.0333987862998881,mcaid_unins,1,ch_teach,3,71
-0.0571476600886591,hispanic,0,ch_teach,3,71
-0.0172161108175208,hispanic,1,ch_teach,3,71
-0.0326302211739689,overall,,ch_csection,3,71
-0.0343584935678434,age,"(19.6,28.2]",ch_csection,3,71
-0.0309363222225337,age,"(28.2,36.8]",ch_csection,3,71
-0.0256433046121403,age,"(36.8,45.4]",ch_csection,3,71
-0.0148432437446844,age,"(45.4,54]",ch_csection,3,71
-0.0321950258313007,age,"[11,19.6]",ch_csection,3,71
-0.0326302211739689,ci_scorent,100,ch_csection,3,71
-0.0326302211739689,obgyn_10kwra,100,ch_csection,3,71
-0.0442277206739228,nhblack,0,ch_csection,3,71
-0.0224869401943774,nhblack,1,ch_csection,3,71
-0.0467294431145783,mcaid_unins,0,ch_csection,3,71
-0.0249862079296082,mcaid_unins,1,ch_csection,3,71
-0.033930201817656,hispanic,0,ch_csection,3,71
-0.0241528894549118,hispanic,1,ch_csection,3,71
