mean,group_var,bin,outcome,mkt,boot_rep
-0.0098568017077865,overall,,ch_dist,3,127
-0.00997712402125028,age,"(19.6,28.2]",ch_dist,3,127
-0.0097003158491473,age,"(28.2,36.8]",ch_dist,3,127
-0.00947367336829354,age,"(36.8,45.4]",ch_dist,3,127
-0.00419588913424365,age,"(45.4,54]",ch_dist,3,127
-0.00989926161108865,age,"[11,19.6]",ch_dist,3,127
-0.0098568017077865,ci_scorent,100,ch_dist,3,127
-0.0098568017077865,obgyn_10kwra,100,ch_dist,3,127
-0.0117049981720831,nhblack,0,ch_dist,3,127
-0.00704025368900094,nhblack,1,ch_dist,3,127
-0.00910295248607246,mcaid_unins,0,ch_dist,3,127
-0.0102681133383259,mcaid_unins,1,ch_dist,3,127
-0.00960375205255283,hispanic,0,ch_dist,3,127
-0.0114691584186632,hispanic,1,ch_dist,3,127
,overall,,ch_peri,3,127
-0.0491678368711596,overall,,ch_teach,3,127
-0.0416834992990787,age,"(19.6,28.2]",ch_teach,3,127
-0.0674373723556391,age,"(28.2,36.8]",ch_teach,3,127
-0.0755573591705162,age,"(36.8,45.4]",ch_teach,3,127
-0.0478767263853973,age,"(45.4,54]",ch_teach,3,127
-0.0157985194525521,age,"[11,19.6]",ch_teach,3,127
-0.0491678368711596,ci_scorent,100,ch_teach,3,127
-0.0491678368711596,obgyn_10kwra,100,ch_teach,3,127
-0.0687738232914763,nhblack,0,ch_teach,3,127
-0.0443946977785421,nhblack,1,ch_teach,3,127
-0.0858466882258775,mcaid_unins,0,ch_teach,3,127
-0.0291552962695807,mcaid_unins,1,ch_teach,3,127
-0.0576738256860417,hispanic,0,ch_teach,3,127
0.00502977954389931,hispanic,1,ch_teach,3,127
-0.0299990905267743,overall,,ch_csection,3,127
-0.0294006545400921,age,"(19.6,28.2]",ch_csection,3,127
-0.0326663516508037,age,"(28.2,36.8]",ch_csection,3,127
-0.0316632700436287,age,"(36.8,45.4]",ch_csection,3,127
-0.0279680135098718,age,"(45.4,54]",ch_csection,3,127
-0.023430128054307,age,"[11,19.6]",ch_csection,3,127
-0.0299990905267743,ci_scorent,100,ch_csection,3,127
-0.0299990905267743,obgyn_10kwra,100,ch_csection,3,127
-0.0409889318537341,nhblack,0,ch_csection,3,127
-0.0247131203821329,nhblack,1,ch_csection,3,127
-0.0412744543166921,mcaid_unins,0,ch_csection,3,127
-0.0238470801090795,mcaid_unins,1,ch_csection,3,127
-0.0330476110256647,hispanic,0,ch_csection,3,127
-0.0105748297820114,hispanic,1,ch_csection,3,127
