mean,group_var,bin,outcome,mkt,boot_rep
-0.00995549935281272,overall,,ch_dist,3,120
-0.0100499901478128,age,"(19.6,28.2]",ch_dist,3,120
-0.00972531211389998,age,"(28.2,36.8]",ch_dist,3,120
-0.010379947896634,age,"(36.8,45.4]",ch_dist,3,120
-0.00665792795935847,age,"(45.4,54]",ch_dist,3,120
-0.00986744920702298,age,"[11,19.6]",ch_dist,3,120
-0.00995549935281272,ci_scorent,100,ch_dist,3,120
-0.00995549935281272,obgyn_10kwra,100,ch_dist,3,120
-0.0116645872428613,nhblack,0,ch_dist,3,120
-0.0073261543176632,nhblack,1,ch_dist,3,120
-0.00913501823899841,mcaid_unins,0,ch_dist,3,120
-0.0103943671710585,mcaid_unins,1,ch_dist,3,120
-0.00974609112426793,hispanic,0,ch_dist,3,120
-0.011338353993657,hispanic,1,ch_dist,3,120
,overall,,ch_peri,3,120
-0.0479409710488412,overall,,ch_teach,3,120
-0.0476047142908393,age,"(19.6,28.2]",ch_teach,3,120
-0.0529591854238679,age,"(28.2,36.8]",ch_teach,3,120
-0.0468806861538871,age,"(36.8,45.4]",ch_teach,3,120
-0.0442691131002868,age,"(45.4,54]",ch_teach,3,120
-0.0339784534199837,age,"[11,19.6]",ch_teach,3,120
-0.0479409710488412,ci_scorent,100,ch_teach,3,120
-0.0479409710488412,obgyn_10kwra,100,ch_teach,3,120
-0.0608906122155862,nhblack,0,ch_teach,3,120
-0.046203456680651,nhblack,1,ch_teach,3,120
-0.0797078542340574,mcaid_unins,0,ch_teach,3,120
-0.0309491567569169,mcaid_unins,1,ch_teach,3,120
-0.0541112550692458,hispanic,0,ch_teach,3,120
-0.00719469306235692,hispanic,1,ch_teach,3,120
-0.0344550339821608,overall,,ch_csection,3,120
-0.034963760324824,age,"(19.6,28.2]",ch_csection,3,120
-0.0345651981205262,age,"(28.2,36.8]",ch_csection,3,120
-0.0334230179477454,age,"(36.8,45.4]",ch_csection,3,120
-0.0295651051619761,age,"(45.4,54]",ch_csection,3,120
-0.0315933689178825,age,"[11,19.6]",ch_csection,3,120
-0.0344550339821608,ci_scorent,100,ch_csection,3,120
-0.0344550339821608,obgyn_10kwra,100,ch_csection,3,120
-0.0460438133758679,nhblack,0,ch_csection,3,120
-0.0269166310620745,nhblack,1,ch_csection,3,120
-0.0440606575125974,mcaid_unins,0,ch_csection,3,120
-0.0293170741062836,mcaid_unins,1,ch_csection,3,120
-0.0370547049222379,hispanic,0,ch_csection,3,120
-0.0172877667303657,hispanic,1,ch_csection,3,120
