mean,group_var,bin,outcome,mkt,boot_rep
-0.00981286745105163,overall,,ch_dist,3,109
-0.0099144215885813,age,"(19.6,28.2]",ch_dist,3,109
-0.00952303676851222,age,"(28.2,36.8]",ch_dist,3,109
-0.00980034186244198,age,"(36.8,45.4]",ch_dist,3,109
-0.00611896101369815,age,"(45.4,54]",ch_dist,3,109
-0.0101671923035456,age,"[11,19.6]",ch_dist,3,109
-0.00981286745105163,ci_scorent,100,ch_dist,3,109
-0.00981286745105163,obgyn_10kwra,100,ch_dist,3,109
-0.0114659918559385,nhblack,0,ch_dist,3,109
-0.00714976653393618,nhblack,1,ch_dist,3,109
-0.00910899435239529,mcaid_unins,0,ch_dist,3,109
-0.0101960998721477,mcaid_unins,1,ch_dist,3,109
-0.00955520342089941,hispanic,0,ch_dist,3,109
-0.0114693471125478,hispanic,1,ch_dist,3,109
,overall,,ch_peri,3,109
-0.0532251693446461,overall,,ch_teach,3,109
-0.0497968795798921,age,"(19.6,28.2]",ch_teach,3,109
-0.0640355708857212,age,"(28.2,36.8]",ch_teach,3,109
-0.0661618881232562,age,"(36.8,45.4]",ch_teach,3,109
-0.0882441596942156,age,"(45.4,54]",ch_teach,3,109
-0.0300596874716589,age,"[11,19.6]",ch_teach,3,109
-0.0532251693446461,ci_scorent,100,ch_teach,3,109
-0.0532251693446461,obgyn_10kwra,100,ch_teach,3,109
-0.0688484257574031,nhblack,0,ch_teach,3,109
-0.0524378272211758,nhblack,1,ch_teach,3,109
-0.0967453360298219,mcaid_unins,0,ch_teach,3,109
-0.0295300759008074,mcaid_unins,1,ch_teach,3,109
-0.0610893769502548,hispanic,0,ch_teach,3,109
-0.00266747239028923,hispanic,1,ch_teach,3,109
-0.034743399312482,overall,,ch_csection,3,109
-0.0367502503578219,age,"(19.6,28.2]",ch_csection,3,109
-0.0320207870001472,age,"(28.2,36.8]",ch_csection,3,109
-0.0246498703536915,age,"(36.8,45.4]",ch_csection,3,109
-0.0189876092270303,age,"(45.4,54]",ch_csection,3,109
-0.0379192455207321,age,"[11,19.6]",ch_csection,3,109
-0.034743399312482,ci_scorent,100,ch_csection,3,109
-0.034743399312482,obgyn_10kwra,100,ch_csection,3,109
-0.0436799791820953,nhblack,0,ch_csection,3,109
-0.0298444019867724,nhblack,1,ch_csection,3,109
-0.0460912985792676,mcaid_unins,0,ch_csection,3,109
-0.0285648950925213,mcaid_unins,1,ch_csection,3,109
-0.0373423840358533,hispanic,0,ch_csection,3,109
-0.0180349540853371,hispanic,1,ch_csection,3,109
