mean,group_var,bin,outcome,mkt,boot_rep
-0.00983304643319605,overall,,ch_dist,3,22
-0.00996816023387207,age,"(19.6,28.2]",ch_dist,3,22
-0.00960412673008758,age,"(28.2,36.8]",ch_dist,3,22
-0.00976849230092849,age,"(36.8,45.4]",ch_dist,3,22
-0.00466386975754229,age,"(45.4,54]",ch_dist,3,22
-0.00981802033653767,age,"[11,19.6]",ch_dist,3,22
-0.00983304643319605,ci_scorent,100,ch_dist,3,22
-0.00983304643319605,obgyn_10kwra,100,ch_dist,3,22
-0.0115693232391376,nhblack,0,ch_dist,3,22
-0.00708026338690239,nhblack,1,ch_dist,3,22
-0.0091726672519539,mcaid_unins,0,ch_dist,3,22
-0.0101879629884938,mcaid_unins,1,ch_dist,3,22
-0.00955421507496704,hispanic,0,ch_dist,3,22
-0.0115862061804945,hispanic,1,ch_dist,3,22
,overall,,ch_peri,3,22
-0.0510661619235189,overall,,ch_teach,3,22
-0.0493918423345245,age,"(19.6,28.2]",ch_teach,3,22
-0.0573184709171029,age,"(28.2,36.8]",ch_teach,3,22
-0.058449803568235,age,"(36.8,45.4]",ch_teach,3,22
-0.0392452400792439,age,"(45.4,54]",ch_teach,3,22
-0.0352670266086206,age,"[11,19.6]",ch_teach,3,22
-0.0510661619235189,ci_scorent,100,ch_teach,3,22
-0.0510661619235189,obgyn_10kwra,100,ch_teach,3,22
-0.0658712698591103,nhblack,0,ch_teach,3,22
-0.0423631532687795,nhblack,1,ch_teach,3,22
-0.0793865518034534,mcaid_unins,0,ch_teach,3,22
-0.0358455500290479,mcaid_unins,1,ch_teach,3,22
-0.0551633048909027,hispanic,0,ch_teach,3,22
-0.02530526409995,hispanic,1,ch_teach,3,22
-0.0310185056036477,overall,,ch_csection,3,22
-0.0327943482248496,age,"(19.6,28.2]",ch_csection,3,22
-0.0287914088989853,age,"(28.2,36.8]",ch_csection,3,22
-0.023538683852009,age,"(36.8,45.4]",ch_csection,3,22
-0.0193344947427454,age,"(45.4,54]",ch_csection,3,22
-0.0322480430224295,age,"[11,19.6]",ch_csection,3,22
-0.0310185056036477,ci_scorent,100,ch_csection,3,22
-0.0310185056036477,obgyn_10kwra,100,ch_csection,3,22
-0.0424186065008194,nhblack,0,ch_csection,3,22
-0.0232945069604227,nhblack,1,ch_csection,3,22
-0.0406762953682036,mcaid_unins,0,ch_csection,3,22
-0.0258279884395867,mcaid_unins,1,ch_csection,3,22
-0.0333574672464844,hispanic,0,ch_csection,3,22
-0.0163122206694809,hispanic,1,ch_csection,3,22
