mean,group_var,bin,outcome,mkt,boot_rep
-0.00989320382853332,overall,,ch_dist,3,142
-0.00991909004841672,age,"(19.6,28.2]",ch_dist,3,142
-0.00977526591492823,age,"(28.2,36.8]",ch_dist,3,142
-0.0101084340523924,age,"(36.8,45.4]",ch_dist,3,142
-0.00767980580060212,age,"(45.4,54]",ch_dist,3,142
-0.00998589500006991,age,"[11,19.6]",ch_dist,3,142
-0.00989320382853332,ci_scorent,100,ch_dist,3,142
-0.00989320382853332,obgyn_10kwra,100,ch_dist,3,142
-0.0115621515000401,nhblack,0,ch_dist,3,142
-0.00720432017755046,nhblack,1,ch_dist,3,142
-0.00915220415976489,mcaid_unins,0,ch_dist,3,142
-0.0102893051250934,mcaid_unins,1,ch_dist,3,142
-0.00963920873951856,hispanic,0,ch_dist,3,142
-0.0114854269308454,hispanic,1,ch_dist,3,142
,overall,,ch_peri,3,142
-0.0476067651188707,overall,,ch_teach,3,142
-0.0470358864907173,age,"(19.6,28.2]",ch_teach,3,142
-0.0534320445661949,age,"(28.2,36.8]",ch_teach,3,142
-0.0433457167906104,age,"(36.8,45.4]",ch_teach,3,142
-0.0685817328556873,age,"(45.4,54]",ch_teach,3,142
-0.0346036932974798,age,"[11,19.6]",ch_teach,3,142
-0.0476067651188707,ci_scorent,100,ch_teach,3,142
-0.0476067651188707,obgyn_10kwra,100,ch_teach,3,142
-0.0631439718091764,nhblack,0,ch_teach,3,142
-0.0444157192487774,nhblack,1,ch_teach,3,142
-0.0844521271531621,mcaid_unins,0,ch_teach,3,142
-0.0279110806413511,mcaid_unins,1,ch_teach,3,142
-0.0541859562807508,hispanic,0,ch_teach,3,142
-0.00636368359667645,hispanic,1,ch_teach,3,142
-0.0322217653563787,overall,,ch_csection,3,142
-0.0338823814483834,age,"(19.6,28.2]",ch_csection,3,142
-0.0301140776889133,age,"(28.2,36.8]",ch_csection,3,142
-0.023588392394695,age,"(36.8,45.4]",ch_csection,3,142
-0.0171740664718273,age,"(45.4,54]",ch_csection,3,142
-0.0345454427804596,age,"[11,19.6]",ch_csection,3,142
-0.0322217653563787,ci_scorent,100,ch_csection,3,142
-0.0322217653563787,obgyn_10kwra,100,ch_csection,3,142
-0.0417138646544394,nhblack,0,ch_csection,3,142
-0.0249206277629147,nhblack,1,ch_csection,3,142
-0.0372403907901684,mcaid_unins,0,ch_csection,3,142
-0.0295390596480515,mcaid_unins,1,ch_csection,3,142
-0.0350998517274684,hispanic,0,ch_csection,3,142
-0.014179859001913,hispanic,1,ch_csection,3,142
