mean,group_var,bin,outcome,mkt,boot_rep
-0.00981441112356503,overall,,ch_dist,3,96
-0.00993979795780746,age,"(19.6,28.2]",ch_dist,3,96
-0.00950442085445934,age,"(28.2,36.8]",ch_dist,3,96
-0.00996753774562481,age,"(36.8,45.4]",ch_dist,3,96
-0.00488690512876097,age,"(45.4,54]",ch_dist,3,96
-0.0100211257891764,age,"[11,19.6]",ch_dist,3,96
-0.00981441112356503,ci_scorent,100,ch_dist,3,96
-0.00981441112356503,obgyn_10kwra,100,ch_dist,3,96
-0.0115008567571575,nhblack,0,ch_dist,3,96
-0.00724668303047687,nhblack,1,ch_dist,3,96
-0.00912338316665302,mcaid_unins,0,ch_dist,3,96
-0.0101852156270333,mcaid_unins,1,ch_dist,3,96
-0.00961511945668538,hispanic,0,ch_dist,3,96
-0.011125844942029,hispanic,1,ch_dist,3,96
,overall,,ch_peri,3,96
-0.050188405027983,overall,,ch_teach,3,96
-0.0516243302987896,age,"(19.6,28.2]",ch_teach,3,96
-0.0519430152239523,age,"(28.2,36.8]",ch_teach,3,96
-0.0415762828632481,age,"(36.8,45.4]",ch_teach,3,96
-0.0279015765598219,age,"(45.4,54]",ch_teach,3,96
-0.0404946934501562,age,"[11,19.6]",ch_teach,3,96
-0.050188405027983,ci_scorent,100,ch_teach,3,96
-0.050188405027983,obgyn_10kwra,100,ch_teach,3,96
-0.0669134947262196,nhblack,0,ch_teach,3,96
-0.0444931072185021,nhblack,1,ch_teach,3,96
-0.0856185788017559,mcaid_unins,0,ch_teach,3,96
-0.0311766300880986,mcaid_unins,1,ch_teach,3,96
-0.0574399185726665,hispanic,0,ch_teach,3,96
-0.00247000191336358,hispanic,1,ch_teach,3,96
-0.031565229830705,overall,,ch_csection,3,96
-0.0357782074204683,age,"(19.6,28.2]",ch_csection,3,96
-0.0263432064664002,age,"(28.2,36.8]",ch_csection,3,96
-0.011582428432562,age,"(36.8,45.4]",ch_csection,3,96
-0.00545488271173218,age,"(45.4,54]",ch_csection,3,96
-0.0361145820422338,age,"[11,19.6]",ch_csection,3,96
-0.031565229830705,ci_scorent,100,ch_csection,3,96
-0.031565229830705,obgyn_10kwra,100,ch_csection,3,96
-0.0446366141405343,nhblack,0,ch_csection,3,96
-0.0240110203958779,nhblack,1,ch_csection,3,96
-0.0477122495607074,mcaid_unins,0,ch_csection,3,96
-0.0229007647051084,mcaid_unins,1,ch_csection,3,96
-0.0349817125219987,hispanic,0,ch_csection,3,96
-0.0090831511180756,hispanic,1,ch_csection,3,96
