mean,group_var,bin,outcome,mkt,boot_rep
-0.00987254053869053,overall,,ch_dist,3,100
-0.0100282661841551,age,"(19.6,28.2]",ch_dist,3,100
-0.00959087300835855,age,"(28.2,36.8]",ch_dist,3,100
-0.0104378675131283,age,"(36.8,45.4]",ch_dist,3,100
-0.00740987138318718,age,"(45.4,54]",ch_dist,3,100
-0.0094696388851237,age,"[11,19.6]",ch_dist,3,100
-0.00987254053869053,ci_scorent,100,ch_dist,3,100
-0.00987254053869053,obgyn_10kwra,100,ch_dist,3,100
-0.0115118342747632,nhblack,0,ch_dist,3,100
-0.00729255793773808,nhblack,1,ch_dist,3,100
-0.00923180606034223,mcaid_unins,0,ch_dist,3,100
-0.0102236677651311,mcaid_unins,1,ch_dist,3,100
-0.0096041126129131,hispanic,0,ch_dist,3,100
-0.0115839653601886,hispanic,1,ch_dist,3,100
,overall,,ch_peri,3,100
-0.0449545290081471,overall,,ch_teach,3,100
-0.0401785056445278,age,"(19.6,28.2]",ch_teach,3,100
-0.0578036860194186,age,"(28.2,36.8]",ch_teach,3,100
-0.0662264800416542,age,"(36.8,45.4]",ch_teach,3,100
-0.0844253341745538,age,"(45.4,54]",ch_teach,3,100
-0.017909760997245,age,"[11,19.6]",ch_teach,3,100
-0.0449545290081471,ci_scorent,100,ch_teach,3,100
-0.0449545290081471,obgyn_10kwra,100,ch_teach,3,100
-0.0645057888037187,nhblack,0,ch_teach,3,100
-0.0391593968044261,nhblack,1,ch_teach,3,100
-0.0869068041954862,mcaid_unins,0,ch_teach,3,100
-0.0219643723563995,mcaid_unins,1,ch_teach,3,100
-0.0528220035725155,hispanic,0,ch_teach,3,100
0.0052063892829299,hispanic,1,ch_teach,3,100
-0.0320449088356328,overall,,ch_csection,3,100
-0.0346823091658645,age,"(19.6,28.2]",ch_csection,3,100
-0.0290873819407819,age,"(28.2,36.8]",ch_csection,3,100
-0.0195337272277148,age,"(36.8,45.4]",ch_csection,3,100
-0.0211549166865068,age,"(45.4,54]",ch_csection,3,100
-0.0330788392317773,age,"[11,19.6]",ch_csection,3,100
-0.0320449088356328,ci_scorent,100,ch_csection,3,100
-0.0320449088356328,obgyn_10kwra,100,ch_csection,3,100
-0.0440626837673525,nhblack,0,ch_csection,3,100
-0.0238520257540228,nhblack,1,ch_csection,3,100
-0.0470434510345456,mcaid_unins,0,ch_csection,3,100
-0.0238255969351206,mcaid_unins,1,ch_csection,3,100
-0.0341670839617443,hispanic,0,ch_csection,3,100
-0.0185144865598049,hispanic,1,ch_csection,3,100
