mean,group_var,bin,outcome,mkt,boot_rep
-0.00977024951497324,overall,,ch_dist,3,86
-0.00990654315963471,age,"(19.6,28.2]",ch_dist,3,86
-0.00935650324407522,age,"(28.2,36.8]",ch_dist,3,86
-0.00979167908371159,age,"(36.8,45.4]",ch_dist,3,86
-0.0117884920513895,age,"(45.4,54]",ch_dist,3,86
-0.0103241693116372,age,"[11,19.6]",ch_dist,3,86
-0.00977024951497324,ci_scorent,100,ch_dist,3,86
-0.00977024951497324,obgyn_10kwra,100,ch_dist,3,86
-0.0115116270628488,nhblack,0,ch_dist,3,86
-0.00705655697057695,nhblack,1,ch_dist,3,86
-0.00904619868453772,mcaid_unins,0,ch_dist,3,86
-0.0101657787823725,mcaid_unins,1,ch_dist,3,86
-0.00950807542498985,hispanic,0,ch_dist,3,86
-0.0114264224248683,hispanic,1,ch_dist,3,86
,overall,,ch_peri,3,86
-0.0490746167974965,overall,,ch_teach,3,86
-0.0473518040190197,age,"(19.6,28.2]",ch_teach,3,86
-0.0564505422007202,age,"(28.2,36.8]",ch_teach,3,86
-0.0505637239227582,age,"(36.8,45.4]",ch_teach,3,86
-0.135512431784006,age,"(45.4,54]",ch_teach,3,86
-0.0328788820659027,age,"[11,19.6]",ch_teach,3,86
-0.0490746167974965,ci_scorent,100,ch_teach,3,86
-0.0490746167974965,obgyn_10kwra,100,ch_teach,3,86
-0.0705302194809494,nhblack,0,ch_teach,3,86
-0.0410723324358209,nhblack,1,ch_teach,3,86
-0.0906475956114564,mcaid_unins,0,ch_teach,3,86
-0.0263644296632608,mcaid_unins,1,ch_teach,3,86
-0.0570074842777278,hispanic,0,ch_teach,3,86
0.00103788752884301,hispanic,1,ch_teach,3,86
-0.0319941736596573,overall,,ch_csection,3,86
-0.0347401466799563,age,"(19.6,28.2]",ch_csection,3,86
-0.0287975208569448,age,"(28.2,36.8]",ch_csection,3,86
-0.0168491763748313,age,"(36.8,45.4]",ch_csection,3,86
-0.0256791405014337,age,"(45.4,54]",ch_csection,3,86
-0.0356481324635524,age,"[11,19.6]",ch_csection,3,86
-0.0319941736596573,ci_scorent,100,ch_csection,3,86
-0.0319941736596573,obgyn_10kwra,100,ch_csection,3,86
-0.0467647623504375,nhblack,0,ch_csection,3,86
-0.0244220477361737,nhblack,1,ch_csection,3,86
-0.0464362017313672,mcaid_unins,0,ch_csection,3,86
-0.0241048866885663,mcaid_unins,1,ch_csection,3,86
-0.0366112185275542,hispanic,0,ch_csection,3,86
-0.00282796339660092,hispanic,1,ch_csection,3,86
