mean,group_var,bin,outcome,mkt,boot_rep
-0.00994013767359045,overall,,ch_dist,3,74
-0.0100289264932336,age,"(19.6,28.2]",ch_dist,3,74
-0.00973057474354101,age,"(28.2,36.8]",ch_dist,3,74
-0.0105167127316651,age,"(36.8,45.4]",ch_dist,3,74
-0.00651552913657115,age,"(45.4,54]",ch_dist,3,74
-0.00972933299844746,age,"[11,19.6]",ch_dist,3,74
-0.00994013767359045,ci_scorent,100,ch_dist,3,74
-0.00994013767359045,obgyn_10kwra,100,ch_dist,3,74
-0.0116457238658352,nhblack,0,ch_dist,3,74
-0.0074169844334826,nhblack,1,ch_dist,3,74
-0.00916767432887799,mcaid_unins,0,ch_dist,3,74
-0.0103557931447586,mcaid_unins,1,ch_dist,3,74
-0.00973763945858169,hispanic,0,ch_dist,3,74
-0.0112502830713644,hispanic,1,ch_dist,3,74
,overall,,ch_peri,3,74
-0.0551860848086554,overall,,ch_teach,3,74
-0.0534052747410403,age,"(19.6,28.2]",ch_teach,3,74
-0.0617481137059888,age,"(28.2,36.8]",ch_teach,3,74
-0.0635765750659101,age,"(36.8,45.4]",ch_teach,3,74
-0.0515562408252801,age,"(45.4,54]",ch_teach,3,74
-0.0386959505899222,age,"[11,19.6]",ch_teach,3,74
-0.0551860848086554,ci_scorent,100,ch_teach,3,74
-0.0551860848086554,obgyn_10kwra,100,ch_teach,3,74
-0.0742293020698121,nhblack,0,ch_teach,3,74
-0.04517950423883,nhblack,1,ch_teach,3,74
-0.0950968546466378,mcaid_unins,0,ch_teach,3,74
-0.033710464049117,mcaid_unins,1,ch_teach,3,74
-0.0601237649398253,hispanic,0,ch_teach,3,74
-0.0232397345692105,hispanic,1,ch_teach,3,74
-0.0369289926649239,overall,,ch_csection,3,74
-0.0390520967273287,age,"(19.6,28.2]",ch_csection,3,74
-0.0344435586849,age,"(28.2,36.8]",ch_csection,3,74
-0.0284856886982268,age,"(36.8,45.4]",ch_csection,3,74
-0.0176318119259181,age,"(45.4,54]",ch_csection,3,74
-0.0374700840042991,age,"[11,19.6]",ch_csection,3,74
-0.0369289926649239,ci_scorent,100,ch_csection,3,74
-0.0369289926649239,obgyn_10kwra,100,ch_csection,3,74
-0.0510311808204516,nhblack,0,ch_csection,3,74
-0.0272270608521289,nhblack,1,ch_csection,3,74
-0.0500540077845629,mcaid_unins,0,ch_csection,3,74
-0.0298665418949483,mcaid_unins,1,ch_csection,3,74
-0.0403955359634496,hispanic,0,ch_csection,3,74
-0.0145007665763566,hispanic,1,ch_csection,3,74
