mean,group_var,bin,outcome,mkt,boot_rep
-0.00967547327392327,overall,,ch_dist,3,124
-0.00983073128469862,age,"(19.6,28.2]",ch_dist,3,124
-0.0093972334803571,age,"(28.2,36.8]",ch_dist,3,124
-0.00937745407349166,age,"(36.8,45.4]",ch_dist,3,124
-0.00596477935324226,age,"(45.4,54]",ch_dist,3,124
-0.00982972956354509,age,"[11,19.6]",ch_dist,3,124
-0.00967547327392327,ci_scorent,100,ch_dist,3,124
-0.00967547327392327,obgyn_10kwra,100,ch_dist,3,124
-0.0113834327493235,nhblack,0,ch_dist,3,124
-0.00690041968748237,nhblack,1,ch_dist,3,124
-0.00894359100533855,mcaid_unins,0,ch_dist,3,124
-0.0100715870258784,mcaid_unins,1,ch_dist,3,124
-0.00939160570058081,hispanic,0,ch_dist,3,124
-0.0114677615197215,hispanic,1,ch_dist,3,124
,overall,,ch_peri,3,124
-0.0525900975076346,overall,,ch_teach,3,124
-0.0505730215826996,age,"(19.6,28.2]",ch_teach,3,124
-0.061109054307573,age,"(28.2,36.8]",ch_teach,3,124
-0.0609394079131859,age,"(36.8,45.4]",ch_teach,3,124
-0.0682980231506447,age,"(45.4,54]",ch_teach,3,124
-0.0318845267110307,age,"[11,19.6]",ch_teach,3,124
-0.0525900975076346,ci_scorent,100,ch_teach,3,124
-0.0525900975076346,obgyn_10kwra,100,ch_teach,3,124
-0.0727088391968784,nhblack,0,ch_teach,3,124
-0.043912544758319,nhblack,1,ch_teach,3,124
-0.0882300477715845,mcaid_unins,0,ch_teach,3,124
-0.0333008278743566,mcaid_unins,1,ch_teach,3,124
-0.0586609389418407,hispanic,0,ch_teach,3,124
-0.0142599084814088,hispanic,1,ch_teach,3,124
-0.0302630321896877,overall,,ch_csection,3,124
-0.0332563320556983,age,"(19.6,28.2]",ch_csection,3,124
-0.0265520290532,age,"(28.2,36.8]",ch_csection,3,124
-0.0160940867793399,age,"(36.8,45.4]",ch_csection,3,124
-0.0131365925623003,age,"(45.4,54]",ch_csection,3,124
-0.0327167989462265,age,"[11,19.6]",ch_csection,3,124
-0.0302630321896877,ci_scorent,100,ch_csection,3,124
-0.0302630321896877,obgyn_10kwra,100,ch_csection,3,124
-0.0422760105965911,nhblack,0,ch_csection,3,124
-0.0227985290163371,nhblack,1,ch_csection,3,124
-0.0469128573640254,mcaid_unins,0,ch_csection,3,124
-0.0212517130167875,mcaid_unins,1,ch_csection,3,124
-0.0330647074713935,hispanic,0,ch_csection,3,124
-0.0125737638565026,hispanic,1,ch_csection,3,124
