mean,group_var,bin,outcome,mkt,boot_rep
-0.00979864002502056,overall,,ch_dist,3,123
-0.00991342212145597,age,"(19.6,28.2]",ch_dist,3,123
-0.0097340558471773,age,"(28.2,36.8]",ch_dist,3,123
-0.00955689631697349,age,"(36.8,45.4]",ch_dist,3,123
-0.0114885231576055,age,"(45.4,54]",ch_dist,3,123
-0.00943195875305733,age,"[11,19.6]",ch_dist,3,123
-0.00979864002502056,ci_scorent,100,ch_dist,3,123
-0.00979864002502056,obgyn_10kwra,100,ch_dist,3,123
-0.0114848774465187,nhblack,0,ch_dist,3,123
-0.00709765681876261,nhblack,1,ch_dist,3,123
-0.00910933098233416,mcaid_unins,0,ch_dist,3,123
-0.0101733277810451,mcaid_unins,1,ch_dist,3,123
-0.00951613361928007,hispanic,0,ch_dist,3,123
-0.0116386266265344,hispanic,1,ch_dist,3,123
,overall,,ch_peri,3,123
-0.0553299406869209,overall,,ch_teach,3,123
-0.0511752095107504,age,"(19.6,28.2]",ch_teach,3,123
-0.0676264495054007,age,"(28.2,36.8]",ch_teach,3,123
-0.0698399640348869,age,"(36.8,45.4]",ch_teach,3,123
-0.136563579856023,age,"(45.4,54]",ch_teach,3,123
-0.0303962691778249,age,"[11,19.6]",ch_teach,3,123
-0.0553299406869209,ci_scorent,100,ch_teach,3,123
-0.0553299406869209,obgyn_10kwra,100,ch_teach,3,123
-0.0767312722226885,nhblack,0,ch_teach,3,123
-0.0466182546063475,nhblack,1,ch_teach,3,123
-0.0959497796834684,mcaid_unins,0,ch_teach,3,123
-0.0332502124646133,mcaid_unins,1,ch_teach,3,123
-0.0627608743114144,hispanic,0,ch_teach,3,123
-0.00693168129181718,hispanic,1,ch_teach,3,123
-0.0312877172211609,overall,,ch_csection,3,123
-0.0320585024855588,age,"(19.6,28.2]",ch_csection,3,123
-0.0316897214917061,age,"(28.2,36.8]",ch_csection,3,123
-0.0258309288473627,age,"(36.8,45.4]",ch_csection,3,123
-0.0375408165578266,age,"(45.4,54]",ch_csection,3,123
-0.0284158831272719,age,"[11,19.6]",ch_csection,3,123
-0.0312877172211609,ci_scorent,100,ch_csection,3,123
-0.0312877172211609,obgyn_10kwra,100,ch_csection,3,123
-0.0445464923835918,nhblack,0,ch_csection,3,123
-0.0208588971052413,nhblack,1,ch_csection,3,123
-0.0454285445788732,mcaid_unins,0,ch_csection,3,123
-0.0236011868800781,mcaid_unins,1,ch_csection,3,123
-0.0340934358429118,hispanic,0,ch_csection,3,123
-0.0130138495610351,hispanic,1,ch_csection,3,123
