mean,group_var,bin,outcome,mkt,boot_rep
-0.009851501136176,overall,,ch_dist,3,11
-0.0100154471495303,age,"(19.6,28.2]",ch_dist,3,11
-0.0095423711699758,age,"(28.2,36.8]",ch_dist,3,11
-0.00992914442635252,age,"(36.8,45.4]",ch_dist,3,11
-0.00569953598320189,age,"(45.4,54]",ch_dist,3,11
-0.00984148740667252,age,"[11,19.6]",ch_dist,3,11
-0.009851501136176,ci_scorent,100,ch_dist,3,11
-0.009851501136176,obgyn_10kwra,100,ch_dist,3,11
-0.0115586882300797,nhblack,0,ch_dist,3,11
-0.00727766310300601,nhblack,1,ch_dist,3,11
-0.00915763752365271,mcaid_unins,0,ch_dist,3,11
-0.0102317743019182,mcaid_unins,1,ch_dist,3,11
-0.00964896951222019,hispanic,0,ch_dist,3,11
-0.0111608496594106,hispanic,1,ch_dist,3,11
,overall,,ch_peri,3,11
-0.0521556018159123,overall,,ch_teach,3,11
-0.0494435526299432,age,"(19.6,28.2]",ch_teach,3,11
-0.0611959867208627,age,"(28.2,36.8]",ch_teach,3,11
-0.0658780923338113,age,"(36.8,45.4]",ch_teach,3,11
-0.0443408438625345,age,"(45.4,54]",ch_teach,3,11
-0.0294999232056376,age,"[11,19.6]",ch_teach,3,11
-0.0521556018159123,ci_scorent,100,ch_teach,3,11
-0.0521556018159123,obgyn_10kwra,100,ch_teach,3,11
-0.0679393722444454,nhblack,0,ch_teach,3,11
-0.0513471445576914,nhblack,1,ch_teach,3,11
-0.0858630665198111,mcaid_unins,0,ch_teach,3,11
-0.0336821668630671,mcaid_unins,1,ch_teach,3,11
-0.0591013704883471,hispanic,0,ch_teach,3,11
-0.00725183925108099,hispanic,1,ch_teach,3,11
-0.0369760633520625,overall,,ch_csection,3,11
-0.0392507740803165,age,"(19.6,28.2]",ch_csection,3,11
-0.0341649191758461,age,"(28.2,36.8]",ch_csection,3,11
-0.0274411511731009,age,"(36.8,45.4]",ch_csection,3,11
-0.0193198302887815,age,"(45.4,54]",ch_csection,3,11
-0.0384462973605776,age,"[11,19.6]",ch_csection,3,11
-0.0369760633520625,ci_scorent,100,ch_csection,3,11
-0.0369760633520625,obgyn_10kwra,100,ch_csection,3,11
-0.0490591895978792,nhblack,0,ch_csection,3,11
-0.0330689166750854,nhblack,1,ch_csection,3,11
-0.0441421528190528,mcaid_unins,0,ch_csection,3,11
-0.0330486754930937,mcaid_unins,1,ch_csection,3,11
-0.0410298057135511,hispanic,0,ch_csection,3,11
-0.0107689877807608,hispanic,1,ch_csection,3,11
