mean,group_var,bin,outcome,mkt,boot_rep
-0.00982976201680439,overall,,ch_dist,3,101
-0.00993823618204886,age,"(19.6,28.2]",ch_dist,3,101
-0.00944512328093315,age,"(28.2,36.8]",ch_dist,3,101
-0.0102028674700919,age,"(36.8,45.4]",ch_dist,3,101
-0.00506786801473121,age,"(45.4,54]",ch_dist,3,101
-0.0102615832256689,age,"[11,19.6]",ch_dist,3,101
-0.00982976201680439,ci_scorent,100,ch_dist,3,101
-0.00982976201680439,obgyn_10kwra,100,ch_dist,3,101
-0.0115269366729858,nhblack,0,ch_dist,3,101
-0.00723533781703117,nhblack,1,ch_dist,3,101
-0.00888496156585358,mcaid_unins,0,ch_dist,3,101
-0.0103483476376881,mcaid_unins,1,ch_dist,3,101
-0.00956679721320619,hispanic,0,ch_dist,3,101
-0.011483772520596,hispanic,1,ch_dist,3,101
,overall,,ch_peri,3,101
-0.0559833316629794,overall,,ch_teach,3,101
-0.0550893203581764,age,"(19.6,28.2]",ch_teach,3,101
-0.0620324281447248,age,"(28.2,36.8]",ch_teach,3,101
-0.0537687853882642,age,"(36.8,45.4]",ch_teach,3,101
-0.0759676325269678,age,"(45.4,54]",ch_teach,3,101
-0.0419980424701424,age,"[11,19.6]",ch_teach,3,101
-0.0559833316629794,ci_scorent,100,ch_teach,3,101
-0.0559833316629794,obgyn_10kwra,100,ch_teach,3,101
-0.0766339212823439,nhblack,0,ch_teach,3,101
-0.0514607200239917,nhblack,1,ch_teach,3,101
-0.0964093283867627,mcaid_unins,0,ch_teach,3,101
-0.0337941587114339,mcaid_unins,1,ch_teach,3,101
-0.0641166409757581,hispanic,0,ch_teach,3,101
-0.00482599482608141,hispanic,1,ch_teach,3,101
-0.0330460862771923,overall,,ch_csection,3,101
-0.0351925282961923,age,"(19.6,28.2]",ch_csection,3,101
-0.0306725442495841,age,"(28.2,36.8]",ch_csection,3,101
-0.0206781283010035,age,"(36.8,45.4]",ch_csection,3,101
-0.0168326785807885,age,"(45.4,54]",ch_csection,3,101
-0.0356014607300039,age,"[11,19.6]",ch_csection,3,101
-0.0330460862771923,ci_scorent,100,ch_csection,3,101
-0.0330460862771923,obgyn_10kwra,100,ch_csection,3,101
-0.0453249008388023,nhblack,0,ch_csection,3,101
-0.0272069855820588,nhblack,1,ch_csection,3,101
-0.0490590034835627,mcaid_unins,0,ch_csection,3,101
-0.0242568561246579,mcaid_unins,1,ch_csection,3,101
-0.0365078278134123,hispanic,0,ch_csection,3,101
-0.0112722337160404,hispanic,1,ch_csection,3,101
