mean,group_var,bin,outcome,mkt,boot_rep
-0.00995346546195882,overall,,ch_dist,3,37
-0.0100397194737141,age,"(19.6,28.2]",ch_dist,3,37
-0.00976065929568568,age,"(28.2,36.8]",ch_dist,3,37
-0.0101511058526989,age,"(36.8,45.4]",ch_dist,3,37
-0.00978391977994715,age,"(45.4,54]",ch_dist,3,37
-0.00993260535418406,age,"[11,19.6]",ch_dist,3,37
-0.00995346546195882,ci_scorent,100,ch_dist,3,37
-0.00995346546195882,obgyn_10kwra,100,ch_dist,3,37
-0.0116132711586514,nhblack,0,ch_dist,3,37
-0.00735873106100909,nhblack,1,ch_dist,3,37
-0.00918448915540293,mcaid_unins,0,ch_dist,3,37
-0.010370754531945,mcaid_unins,1,ch_dist,3,37
-0.00969484441947498,hispanic,0,ch_dist,3,37
-0.0116170407729712,hispanic,1,ch_dist,3,37
,overall,,ch_peri,3,37
-0.0519121065521341,overall,,ch_teach,3,37
-0.0477947412183275,age,"(19.6,28.2]",ch_teach,3,37
-0.062234884277206,age,"(28.2,36.8]",ch_teach,3,37
-0.0676807939815619,age,"(36.8,45.4]",ch_teach,3,37
-0.0886351380200834,age,"(45.4,54]",ch_teach,3,37
-0.0318557543205919,age,"[11,19.6]",ch_teach,3,37
-0.0519121065521341,ci_scorent,100,ch_teach,3,37
-0.0519121065521341,obgyn_10kwra,100,ch_teach,3,37
-0.0685916256645892,nhblack,0,ch_teach,3,37
-0.0480190438688676,nhblack,1,ch_teach,3,37
-0.0885966977083974,mcaid_unins,0,ch_teach,3,37
-0.0320050186536996,mcaid_unins,1,ch_teach,3,37
-0.0587891538079227,hispanic,0,ch_teach,3,37
-0.00767562093008578,hispanic,1,ch_teach,3,37
-0.0356339818398354,overall,,ch_csection,3,37
-0.0374783639105636,age,"(19.6,28.2]",ch_csection,3,37
-0.0342099933662595,age,"(28.2,36.8]",ch_csection,3,37
-0.0274285797891319,age,"(36.8,45.4]",ch_csection,3,37
-0.0324692728061854,age,"(45.4,54]",ch_csection,3,37
-0.0344745797496386,age,"[11,19.6]",ch_csection,3,37
-0.0356339818398354,ci_scorent,100,ch_csection,3,37
-0.0356339818398354,obgyn_10kwra,100,ch_csection,3,37
-0.0491324211635982,nhblack,0,ch_csection,3,37
-0.0292906361261923,nhblack,1,ch_csection,3,37
-0.0537678178484293,mcaid_unins,0,ch_csection,3,37
-0.0257935595813133,mcaid_unins,1,ch_csection,3,37
-0.0394024042670185,hispanic,0,ch_csection,3,37
-0.0113936707997195,hispanic,1,ch_csection,3,37
