mean,group_var,bin,outcome,mkt,boot_rep
-0.00985054008468675,overall,,ch_dist,3,112
-0.00999392343579497,age,"(19.6,28.2]",ch_dist,3,112
-0.0095003413368097,age,"(28.2,36.8]",ch_dist,3,112
-0.0098977412209496,age,"(36.8,45.4]",ch_dist,3,112
-0.00788880320001715,age,"(45.4,54]",ch_dist,3,112
-0.0101129294557059,age,"[11,19.6]",ch_dist,3,112
-0.00985054008468675,ci_scorent,100,ch_dist,3,112
-0.00985054008468675,obgyn_10kwra,100,ch_dist,3,112
-0.0115703724637873,nhblack,0,ch_dist,3,112
-0.00708967356544498,nhblack,1,ch_dist,3,112
-0.00926924549546872,mcaid_unins,0,ch_dist,3,112
-0.0101616229971548,mcaid_unins,1,ch_dist,3,112
-0.0096021285236218,hispanic,0,ch_dist,3,112
-0.0114413435757039,hispanic,1,ch_dist,3,112
,overall,,ch_peri,3,112
-0.0482261091223901,overall,,ch_teach,3,112
-0.0473233780872714,age,"(19.6,28.2]",ch_teach,3,112
-0.052831723947156,age,"(28.2,36.8]",ch_teach,3,112
-0.0501242593559929,age,"(36.8,45.4]",ch_teach,3,112
-0.0442787767039475,age,"(45.4,54]",ch_teach,3,112
-0.0372126955753924,age,"[11,19.6]",ch_teach,3,112
-0.0482261091223901,ci_scorent,100,ch_teach,3,112
-0.0482261091223901,obgyn_10kwra,100,ch_teach,3,112
-0.0619751149876278,nhblack,0,ch_teach,3,112
-0.0452121150858025,nhblack,1,ch_teach,3,112
-0.0753039838309043,mcaid_unins,0,ch_teach,3,112
-0.0337352394600735,mcaid_unins,1,ch_teach,3,112
-0.05475870733519,hispanic,0,ch_teach,3,112
-0.00639198514771087,hispanic,1,ch_teach,3,112
-0.0300688091482128,overall,,ch_csection,3,112
-0.0332859307044604,age,"(19.6,28.2]",ch_csection,3,112
-0.0256007570980749,age,"(28.2,36.8]",ch_csection,3,112
-0.013944894745825,age,"(36.8,45.4]",ch_csection,3,112
-0.0274606749393655,age,"(45.4,54]",ch_csection,3,112
-0.0346591369661891,age,"[11,19.6]",ch_csection,3,112
-0.0300688091482128,ci_scorent,100,ch_csection,3,112
-0.0300688091482128,obgyn_10kwra,100,ch_csection,3,112
-0.0434721362277892,nhblack,0,ch_csection,3,112
-0.0229228685144676,nhblack,1,ch_csection,3,112
-0.0455082092498101,mcaid_unins,0,ch_csection,3,112
-0.021806331500133,mcaid_unins,1,ch_csection,3,112
-0.0336970026054667,hispanic,0,ch_csection,3,112
-0.00683421091477504,hispanic,1,ch_csection,3,112
