mean,group_var,bin,outcome,mkt,boot_rep
-0.00989702550761506,overall,,ch_dist,3,145
-0.00996770603556893,age,"(19.6,28.2]",ch_dist,3,145
-0.00983959857175333,age,"(28.2,36.8]",ch_dist,3,145
-0.00969057919407934,age,"(36.8,45.4]",ch_dist,3,145
-0.00679463633244765,age,"(45.4,54]",ch_dist,3,145
-0.00979334646706482,age,"[11,19.6]",ch_dist,3,145
-0.00989702550761506,ci_scorent,100,ch_dist,3,145
-0.00989702550761506,obgyn_10kwra,100,ch_dist,3,145
-0.0116167348791991,nhblack,0,ch_dist,3,145
-0.00712567502519638,nhblack,1,ch_dist,3,145
-0.0093056005273659,mcaid_unins,0,ch_dist,3,145
-0.0102159901780748,mcaid_unins,1,ch_dist,3,145
-0.00962745038386515,hispanic,0,ch_dist,3,145
-0.0115968573108245,hispanic,1,ch_dist,3,145
,overall,,ch_peri,3,145
-0.042249531123245,overall,,ch_teach,3,145
-0.0405386944280826,age,"(19.6,28.2]",ch_teach,3,145
-0.050157141335412,age,"(28.2,36.8]",ch_teach,3,145
-0.0430259723213262,age,"(36.8,45.4]",ch_teach,3,145
-0.0476244391528093,age,"(45.4,54]",ch_teach,3,145
-0.0256797373627483,age,"[11,19.6]",ch_teach,3,145
-0.042249531123245,ci_scorent,100,ch_teach,3,145
-0.042249531123245,obgyn_10kwra,100,ch_teach,3,145
-0.0590311987409857,nhblack,0,ch_teach,3,145
-0.0410957533492554,nhblack,1,ch_teach,3,145
-0.0769111076284897,mcaid_unins,0,ch_teach,3,145
-0.0235560049841329,mcaid_unins,1,ch_teach,3,145
-0.050149337431089,hispanic,0,ch_teach,3,145
0.00756345538112164,hispanic,1,ch_teach,3,145
-0.032844058352844,overall,,ch_csection,3,145
-0.0356244565100504,age,"(19.6,28.2]",ch_csection,3,145
-0.0299706430868911,age,"(28.2,36.8]",ch_csection,3,145
-0.0176922152518499,age,"(36.8,45.4]",ch_csection,3,145
-0.0263741240524514,age,"(45.4,54]",ch_csection,3,145
-0.0344780059435217,age,"[11,19.6]",ch_csection,3,145
-0.032844058352844,ci_scorent,100,ch_csection,3,145
-0.032844058352844,obgyn_10kwra,100,ch_csection,3,145
-0.0434236346724062,nhblack,0,ch_csection,3,145
-0.0240054107182509,nhblack,1,ch_csection,3,145
-0.0523894387286988,mcaid_unins,0,ch_csection,3,145
-0.0223029313818983,mcaid_unins,1,ch_csection,3,145
-0.0347101555197301,hispanic,0,ch_csection,3,145
-0.0210772036519082,hispanic,1,ch_csection,3,145
