mean,group_var,bin,outcome,mkt,boot_rep
-0.00984306038887376,overall,,ch_dist,3,147
-0.00995400572400076,age,"(19.6,28.2]",ch_dist,3,147
-0.0097241104378645,age,"(28.2,36.8]",ch_dist,3,147
-0.00972422163037796,age,"(36.8,45.4]",ch_dist,3,147
-0.00737066342318618,age,"(45.4,54]",ch_dist,3,147
-0.00962958767763477,age,"[11,19.6]",ch_dist,3,147
-0.00984306038887376,ci_scorent,100,ch_dist,3,147
-0.00984306038887376,obgyn_10kwra,100,ch_dist,3,147
-0.0115641444374173,nhblack,0,ch_dist,3,147
-0.00723119134037362,nhblack,1,ch_dist,3,147
-0.00924791222805767,mcaid_unins,0,ch_dist,3,147
-0.0101681193935739,mcaid_unins,1,ch_dist,3,147
-0.00962285000818821,hispanic,0,ch_dist,3,147
-0.011258361535223,hispanic,1,ch_dist,3,147
,overall,,ch_peri,3,147
-0.055748481130554,overall,,ch_teach,3,147
-0.0526846564928137,age,"(19.6,28.2]",ch_teach,3,147
-0.0669302440512638,age,"(28.2,36.8]",ch_teach,3,147
-0.0584506219225651,age,"(36.8,45.4]",ch_teach,3,147
-0.088132388357812,age,"(45.4,54]",ch_teach,3,147
-0.03435091897407,age,"[11,19.6]",ch_teach,3,147
-0.055748481130554,ci_scorent,100,ch_teach,3,147
-0.055748481130554,obgyn_10kwra,100,ch_teach,3,147
-0.0791590153447262,nhblack,0,ch_teach,3,147
-0.047519001396878,nhblack,1,ch_teach,3,147
-0.0951846106569318,mcaid_unins,0,ch_teach,3,147
-0.0342091908209073,mcaid_unins,1,ch_teach,3,147
-0.0639439925551977,hispanic,0,ch_teach,3,147
-0.00307559314904206,hispanic,1,ch_teach,3,147
-0.0339939553746661,overall,,ch_csection,3,147
-0.0365171323972552,age,"(19.6,28.2]",ch_csection,3,147
-0.0324013956929245,age,"(28.2,36.8]",ch_csection,3,147
-0.0176969175710819,age,"(36.8,45.4]",ch_csection,3,147
-0.0167594715500167,age,"(45.4,54]",ch_csection,3,147
-0.0340549037271322,age,"[11,19.6]",ch_csection,3,147
-0.0339939553746661,ci_scorent,100,ch_csection,3,147
-0.0339939553746661,obgyn_10kwra,100,ch_csection,3,147
-0.0490256356805013,nhblack,0,ch_csection,3,147
-0.0206677574314333,nhblack,1,ch_csection,3,147
-0.0558258861874912,mcaid_unins,0,ch_csection,3,147
-0.0220697553721525,mcaid_unins,1,ch_csection,3,147
-0.0360458882237338,hispanic,0,ch_csection,3,147
-0.0208060988146068,hispanic,1,ch_csection,3,147
