mean,group_var,bin,outcome,mkt,boot_rep
-0.00982730062284284,overall,,ch_dist,3,7
-0.00997034346889525,age,"(19.6,28.2]",ch_dist,3,7
-0.00963032375661797,age,"(28.2,36.8]",ch_dist,3,7
-0.00970109277330768,age,"(36.8,45.4]",ch_dist,3,7
-0.0072977065597103,age,"(45.4,54]",ch_dist,3,7
-0.00968687849822084,age,"[11,19.6]",ch_dist,3,7
-0.00982730062284284,ci_scorent,100,ch_dist,3,7
-0.00982730062284284,obgyn_10kwra,100,ch_dist,3,7
-0.0115724890193982,nhblack,0,ch_dist,3,7
-0.00732076414677734,nhblack,1,ch_dist,3,7
-0.00918152296361061,mcaid_unins,0,ch_dist,3,7
-0.0101826252049059,mcaid_unins,1,ch_dist,3,7
-0.00964570094804573,hispanic,0,ch_dist,3,7
-0.0110001543088841,hispanic,1,ch_dist,3,7
,overall,,ch_peri,3,7
-0.0553947593237701,overall,,ch_teach,3,7
-0.0512963014288994,age,"(19.6,28.2]",ch_teach,3,7
-0.0673012499064562,age,"(28.2,36.8]",ch_teach,3,7
-0.0723116914086802,age,"(36.8,45.4]",ch_teach,3,7
-0.10829322936611,age,"(45.4,54]",ch_teach,3,7
-0.029413891704422,age,"[11,19.6]",ch_teach,3,7
-0.0553947593237701,ci_scorent,100,ch_teach,3,7
-0.0553947593237701,obgyn_10kwra,100,ch_teach,3,7
-0.076751517259174,nhblack,0,ch_teach,3,7
-0.0469213372511901,nhblack,1,ch_teach,3,7
-0.0967852238573408,mcaid_unins,0,ch_teach,3,7
-0.0326205903795027,mcaid_unins,1,ch_teach,3,7
-0.0631550912180792,hispanic,0,ch_teach,3,7
-0.00527498968589568,hispanic,1,ch_teach,3,7
-0.0328237087304603,overall,,ch_csection,3,7
-0.032819552838174,age,"(19.6,28.2]",ch_csection,3,7
-0.0345788669841873,age,"(28.2,36.8]",ch_csection,3,7
-0.0330709739895919,age,"(36.8,45.4]",ch_csection,3,7
-0.0398606247470478,age,"(45.4,54]",ch_csection,3,7
-0.0266131038058588,age,"[11,19.6]",ch_csection,3,7
-0.0328237087304603,ci_scorent,100,ch_csection,3,7
-0.0328237087304603,obgyn_10kwra,100,ch_csection,3,7
-0.0446130151896379,nhblack,0,ch_csection,3,7
-0.0268443263300618,nhblack,1,ch_csection,3,7
-0.0488275981454232,mcaid_unins,0,ch_csection,3,7
-0.0240179297809121,mcaid_unins,1,ch_csection,3,7
-0.0362486523368837,hispanic,0,ch_csection,3,7
-0.0107038578124173,hispanic,1,ch_csection,3,7
