mean,group_var,bin,outcome,mkt,boot_rep
-0.00994306841037366,overall,,ch_dist,3,15
-0.0100200607592381,age,"(19.6,28.2]",ch_dist,3,15
-0.0097466172609667,age,"(28.2,36.8]",ch_dist,3,15
-0.010042471342411,age,"(36.8,45.4]",ch_dist,3,15
-0.00484225775353089,age,"(45.4,54]",ch_dist,3,15
-0.0100998096775593,age,"[11,19.6]",ch_dist,3,15
-0.00994306841037366,ci_scorent,100,ch_dist,3,15
-0.00994306841037366,obgyn_10kwra,100,ch_dist,3,15
-0.0117176642726313,nhblack,0,ch_dist,3,15
-0.00724133663978005,nhblack,1,ch_dist,3,15
-0.00927459895367394,mcaid_unins,0,ch_dist,3,15
-0.0103135218038299,mcaid_unins,1,ch_dist,3,15
-0.00975723500093046,hispanic,0,ch_dist,3,15
-0.0111463570072814,hispanic,1,ch_dist,3,15
,overall,,ch_peri,3,15
-0.0524159647263213,overall,,ch_teach,3,15
-0.0482117503088667,age,"(19.6,28.2]",ch_teach,3,15
-0.0639095901523569,age,"(28.2,36.8]",ch_teach,3,15
-0.0688272006614329,age,"(36.8,45.4]",ch_teach,3,15
-0.0400412285105519,age,"(45.4,54]",ch_teach,3,15
-0.0281808507140339,age,"[11,19.6]",ch_teach,3,15
-0.0524159647263213,ci_scorent,100,ch_teach,3,15
-0.0524159647263213,obgyn_10kwra,100,ch_teach,3,15
-0.0719414146838888,nhblack,0,ch_teach,3,15
-0.0436047418035842,nhblack,1,ch_teach,3,15
-0.0910325679472536,mcaid_unins,0,ch_teach,3,15
-0.0310153583656717,mcaid_unins,1,ch_teach,3,15
-0.0588245707354672,hispanic,0,ch_teach,3,15
-0.0109196452217472,hispanic,1,ch_teach,3,15
-0.0315343688820658,overall,,ch_csection,3,15
-0.0319529470163086,age,"(19.6,28.2]",ch_csection,3,15
-0.0318016584038299,age,"(28.2,36.8]",ch_csection,3,15
-0.0304314461844018,age,"(36.8,45.4]",ch_csection,3,15
-0.0298967057442761,age,"(45.4,54]",ch_csection,3,15
-0.02859661421506,age,"[11,19.6]",ch_csection,3,15
-0.0315343688820658,ci_scorent,100,ch_csection,3,15
-0.0315343688820658,obgyn_10kwra,100,ch_csection,3,15
-0.0432874667061284,nhblack,0,ch_csection,3,15
-0.0199257383490985,nhblack,1,ch_csection,3,15
-0.0459827533319168,mcaid_unins,0,ch_csection,3,15
-0.0235273417909055,mcaid_unins,1,ch_csection,3,15
-0.0325265830852542,hispanic,0,ch_csection,3,15
-0.0251096897032048,hispanic,1,ch_csection,3,15
