mean,group_var,bin,outcome,mkt,boot_rep
-0.00982465085870591,overall,,ch_dist,3,2
-0.00987195554049377,age,"(19.6,28.2]",ch_dist,3,2
-0.00961986688766046,age,"(28.2,36.8]",ch_dist,3,2
-0.0100078228776513,age,"(36.8,45.4]",ch_dist,3,2
-0.0115702233064061,age,"(45.4,54]",ch_dist,3,2
-0.0100929330610686,age,"[11,19.6]",ch_dist,3,2
-0.00982465085870591,ci_scorent,100,ch_dist,3,2
-0.00982465085870591,obgyn_10kwra,100,ch_dist,3,2
-0.011503183455096,nhblack,0,ch_dist,3,2
-0.00718177333616774,nhblack,1,ch_dist,3,2
-0.00915986221459876,mcaid_unins,0,ch_dist,3,2
-0.0101912433934403,mcaid_unins,1,ch_dist,3,2
-0.00953536328885573,hispanic,0,ch_dist,3,2
-0.0116970678784197,hispanic,1,ch_dist,3,2
,overall,,ch_peri,3,2
-0.0523310734186115,overall,,ch_teach,3,2
-0.0497090442264872,age,"(19.6,28.2]",ch_teach,3,2
-0.0603443079545956,age,"(28.2,36.8]",ch_teach,3,2
-0.0591220440531418,age,"(36.8,45.4]",ch_teach,3,2
-0.118940866263208,age,"(45.4,54]",ch_teach,3,2
-0.0364876739273686,age,"[11,19.6]",ch_teach,3,2
-0.0523310734186115,ci_scorent,100,ch_teach,3,2
-0.0523310734186115,obgyn_10kwra,100,ch_teach,3,2
-0.068624703083411,nhblack,0,ch_teach,3,2
-0.0485194716686384,nhblack,1,ch_teach,3,2
-0.0840729007859803,mcaid_unins,0,ch_teach,3,2
-0.0348272892387036,mcaid_unins,1,ch_teach,3,2
-0.0584695204023655,hispanic,0,ch_teach,3,2
-0.012599906908608,hispanic,1,ch_teach,3,2
-0.0332650515077573,overall,,ch_csection,3,2
-0.0362945609320303,age,"(19.6,28.2]",ch_csection,3,2
-0.0295335084259583,age,"(28.2,36.8]",ch_csection,3,2
-0.0165664668280595,age,"(36.8,45.4]",ch_csection,3,2
-0.0206730845992996,age,"(45.4,54]",ch_csection,3,2
-0.0381399737348034,age,"[11,19.6]",ch_csection,3,2
-0.0332650515077573,ci_scorent,100,ch_csection,3,2
-0.0332650515077573,obgyn_10kwra,100,ch_csection,3,2
-0.0436659948954609,nhblack,0,ch_csection,3,2
-0.0303407350949911,nhblack,1,ch_csection,3,2
-0.0473870958821225,mcaid_unins,0,ch_csection,3,2
-0.0254775598158931,mcaid_unins,1,ch_csection,3,2
-0.036693133813661,hispanic,0,ch_csection,3,2
-0.011076750579798,hispanic,1,ch_csection,3,2
