mean,group_var,bin,outcome,mkt,boot_rep
-0.00998004888875784,overall,,ch_dist,3,116
-0.0101153801725433,age,"(19.6,28.2]",ch_dist,3,116
-0.00981365005775622,age,"(28.2,36.8]",ch_dist,3,116
-0.00953175137706904,age,"(36.8,45.4]",ch_dist,3,116
-0.00538139910233313,age,"(45.4,54]",ch_dist,3,116
-0.0100063485884025,age,"[11,19.6]",ch_dist,3,116
-0.00998004888875784,ci_scorent,100,ch_dist,3,116
-0.00998004888875784,obgyn_10kwra,100,ch_dist,3,116
-0.0117159080531579,nhblack,0,ch_dist,3,116
-0.00714816062343899,nhblack,1,ch_dist,3,116
-0.00938234743504894,mcaid_unins,0,ch_dist,3,116
-0.0103060553320285,mcaid_unins,1,ch_dist,3,116
-0.00969298366606114,hispanic,0,ch_dist,3,116
-0.0118006798573949,hispanic,1,ch_dist,3,116
,overall,,ch_peri,3,116
-0.047752805693963,overall,,ch_teach,3,116
-0.0477605979179581,age,"(19.6,28.2]",ch_teach,3,116
-0.0526708992032313,age,"(28.2,36.8]",ch_teach,3,116
-0.0391663843754563,age,"(36.8,45.4]",ch_teach,3,116
-0.0502433947504383,age,"(45.4,54]",ch_teach,3,116
-0.0366890667080253,age,"[11,19.6]",ch_teach,3,116
-0.047752805693963,ci_scorent,100,ch_teach,3,116
-0.047752805693963,obgyn_10kwra,100,ch_teach,3,116
-0.0640094782617699,nhblack,0,ch_teach,3,116
-0.0450231755057157,nhblack,1,ch_teach,3,116
-0.0800271769174934,mcaid_unins,0,ch_teach,3,116
-0.0301492798767007,mcaid_unins,1,ch_teach,3,116
-0.055645048206708,hispanic,0,ch_teach,3,116
0.00230153734249274,hispanic,1,ch_teach,3,116
-0.0329967575564865,overall,,ch_csection,3,116
-0.0359491965114668,age,"(19.6,28.2]",ch_csection,3,116
-0.0294159986254891,age,"(28.2,36.8]",ch_csection,3,116
-0.0160006796105939,age,"(36.8,45.4]",ch_csection,3,116
-0.00800839440934433,age,"(45.4,54]",ch_csection,3,116
-0.0380209374529072,age,"[11,19.6]",ch_csection,3,116
-0.0329967575564865,ci_scorent,100,ch_csection,3,116
-0.0329967575564865,obgyn_10kwra,100,ch_csection,3,116
-0.0455188648098921,nhblack,0,ch_csection,3,116
-0.0220957621175323,nhblack,1,ch_csection,3,116
-0.0496199948210989,mcaid_unins,0,ch_csection,3,116
-0.0239298857551008,mcaid_unins,1,ch_csection,3,116
-0.0345916665336062,hispanic,0,ch_csection,3,116
-0.0228814929883039,hispanic,1,ch_csection,3,116
