mean,group_var,bin,outcome,mkt,boot_rep
-0.00998276644845481,overall,,ch_dist,3,77
-0.0101646229191252,age,"(19.6,28.2]",ch_dist,3,77
-0.0096835849185112,age,"(28.2,36.8]",ch_dist,3,77
-0.00969792467450748,age,"(36.8,45.4]",ch_dist,3,77
-0.0109914394905991,age,"(45.4,54]",ch_dist,3,77
-0.0100305207235654,age,"[11,19.6]",ch_dist,3,77
-0.00998276644845481,ci_scorent,100,ch_dist,3,77
-0.00998276644845481,obgyn_10kwra,100,ch_dist,3,77
-0.0116456270438711,nhblack,0,ch_dist,3,77
-0.00731143830641898,nhblack,1,ch_dist,3,77
-0.00920109244240953,mcaid_unins,0,ch_dist,3,77
-0.0104113506481649,mcaid_unins,1,ch_dist,3,77
-0.00975105096906045,hispanic,0,ch_dist,3,77
-0.0114111280475582,hispanic,1,ch_dist,3,77
,overall,,ch_peri,3,77
-0.0502063187253951,overall,,ch_teach,3,77
-0.0472909851269814,age,"(19.6,28.2]",ch_teach,3,77
-0.0597524960001036,age,"(28.2,36.8]",ch_teach,3,77
-0.0636020782636541,age,"(36.8,45.4]",ch_teach,3,77
-0.11018519239059,age,"(45.4,54]",ch_teach,3,77
-0.0272516493469102,age,"[11,19.6]",ch_teach,3,77
-0.0502063187253951,ci_scorent,100,ch_teach,3,77
-0.0502063187253951,obgyn_10kwra,100,ch_teach,3,77
-0.0672798097513753,nhblack,0,ch_teach,3,77
-0.0486653456169373,nhblack,1,ch_teach,3,77
-0.0825694076878519,mcaid_unins,0,ch_teach,3,77
-0.0324619540978744,mcaid_unins,1,ch_teach,3,77
-0.0586373392668315,hispanic,0,ch_teach,3,77
0.00176494367846251,hispanic,1,ch_teach,3,77
-0.037005528121374,overall,,ch_csection,3,77
-0.0373013113918815,age,"(19.6,28.2]",ch_csection,3,77
-0.0381968072686155,age,"(28.2,36.8]",ch_csection,3,77
-0.0363939782185319,age,"(36.8,45.4]",ch_csection,3,77
-0.0475229618157554,age,"(45.4,54]",ch_csection,3,77
-0.0314527667469971,age,"[11,19.6]",ch_csection,3,77
-0.037005528121374,ci_scorent,100,ch_csection,3,77
-0.037005528121374,obgyn_10kwra,100,ch_csection,3,77
-0.0487747285441164,nhblack,0,ch_csection,3,77
-0.0294821529145515,nhblack,1,ch_csection,3,77
-0.0496218387210398,mcaid_unins,0,ch_csection,3,77
-0.0300881286174445,mcaid_unins,1,ch_csection,3,77
-0.0404888724767176,hispanic,0,ch_csection,3,77
-0.0155331805396284,hispanic,1,ch_csection,3,77
