mean,group_var,bin,outcome,mkt,boot_rep
-0.00971899487871168,overall,,ch_dist,3,21
-0.00988396770582403,age,"(19.6,28.2]",ch_dist,3,21
-0.0094646411516816,age,"(28.2,36.8]",ch_dist,3,21
-0.00987708772101373,age,"(36.8,45.4]",ch_dist,3,21
-0.009366246537292,age,"(45.4,54]",ch_dist,3,21
-0.00943058743064311,age,"[11,19.6]",ch_dist,3,21
-0.00971899487871168,ci_scorent,100,ch_dist,3,21
-0.00971899487871168,obgyn_10kwra,100,ch_dist,3,21
-0.0114948456569071,nhblack,0,ch_dist,3,21
-0.00702032901381261,nhblack,1,ch_dist,3,21
-0.00920425047090699,mcaid_unins,0,ch_dist,3,21
-0.00999524812462428,mcaid_unins,1,ch_dist,3,21
-0.00953339976587728,hispanic,0,ch_dist,3,21
-0.0109075279411302,hispanic,1,ch_dist,3,21
,overall,,ch_peri,3,21
-0.0392523284581825,overall,,ch_teach,3,21
-0.0403984507545599,age,"(19.6,28.2]",ch_teach,3,21
-0.0420588956801421,age,"(28.2,36.8]",ch_teach,3,21
-0.0294003693147209,age,"(36.8,45.4]",ch_teach,3,21
-0.0238632536101733,age,"(45.4,54]",ch_teach,3,21
-0.0289602094365337,age,"[11,19.6]",ch_teach,3,21
-0.0392523284581825,ci_scorent,100,ch_teach,3,21
-0.0392523284581825,obgyn_10kwra,100,ch_teach,3,21
-0.0528146572827834,nhblack,0,ch_teach,3,21
-0.043251991505952,nhblack,1,ch_teach,3,21
-0.068416919105962,mcaid_unins,0,ch_teach,3,21
-0.0236002636469832,mcaid_unins,1,ch_teach,3,21
-0.0485448551903854,hispanic,0,ch_teach,3,21
0.0202561094848235,hispanic,1,ch_teach,3,21
-0.0300836624264413,overall,,ch_csection,3,21
-0.0325202285944362,age,"(19.6,28.2]",ch_csection,3,21
-0.0271240976191339,age,"(28.2,36.8]",ch_csection,3,21
-0.0187792387224842,age,"(36.8,45.4]",ch_csection,3,21
-0.0166684245471661,age,"(45.4,54]",ch_csection,3,21
-0.0320289300280999,age,"[11,19.6]",ch_csection,3,21
-0.0300836624264413,ci_scorent,100,ch_csection,3,21
-0.0300836624264413,obgyn_10kwra,100,ch_csection,3,21
-0.0434116622074191,nhblack,0,ch_csection,3,21
-0.0184586925382879,nhblack,1,ch_csection,3,21
-0.0393508691988191,mcaid_unins,0,ch_csection,3,21
-0.0251101339867035,mcaid_unins,1,ch_csection,3,21
-0.0324517871973119,hispanic,0,ch_csection,3,21
-0.0149184215796991,hispanic,1,ch_csection,3,21
