mean,group_var,bin,outcome,mkt,boot_rep
-0.00985132928394999,overall,,ch_dist,3,45
-0.0100120186827503,age,"(19.6,28.2]",ch_dist,3,45
-0.00950668304567064,age,"(28.2,36.8]",ch_dist,3,45
-0.00968806002980037,age,"(36.8,45.4]",ch_dist,3,45
-0.00347563824830596,age,"(45.4,54]",ch_dist,3,45
-0.0101300515486304,age,"[11,19.6]",ch_dist,3,45
-0.00985132928394999,ci_scorent,100,ch_dist,3,45
-0.00985132928394999,obgyn_10kwra,100,ch_dist,3,45
-0.0115937381963191,nhblack,0,ch_dist,3,45
-0.00711864060638512,nhblack,1,ch_dist,3,45
-0.00913247669266326,mcaid_unins,0,ch_dist,3,45
-0.0102503519779375,mcaid_unins,1,ch_dist,3,45
-0.00960875952813629,hispanic,0,ch_dist,3,45
-0.0114535929226165,hispanic,1,ch_dist,3,45
,overall,,ch_peri,3,45
-0.0517460285426485,overall,,ch_teach,3,45
-0.0524024076637748,age,"(19.6,28.2]",ch_teach,3,45
-0.0563260791641821,age,"(28.2,36.8]",ch_teach,3,45
-0.0459472640806643,age,"(36.8,45.4]",ch_teach,3,45
-0.0292490319490104,age,"(45.4,54]",ch_teach,3,45
-0.0361593515574269,age,"[11,19.6]",ch_teach,3,45
-0.0517460285426485,ci_scorent,100,ch_teach,3,45
-0.0517460285426485,obgyn_10kwra,100,ch_teach,3,45
-0.0710185093919537,nhblack,0,ch_teach,3,45
-0.047408115083404,nhblack,1,ch_teach,3,45
-0.0915979694662364,mcaid_unins,0,ch_teach,3,45
-0.0296249024304141,mcaid_unins,1,ch_teach,3,45
-0.0586744680257686,hispanic,0,ch_teach,3,45
-0.00598110364809299,hispanic,1,ch_teach,3,45
-0.0343714801710307,overall,,ch_csection,3,45
-0.0375405601320374,age,"(19.6,28.2]",ch_csection,3,45
-0.0302921037688983,age,"(28.2,36.8]",ch_csection,3,45
-0.0205492678634528,age,"(36.8,45.4]",ch_csection,3,45
-0.0105127585020105,age,"(45.4,54]",ch_csection,3,45
-0.0369717399383171,age,"[11,19.6]",ch_csection,3,45
-0.0343714801710307,ci_scorent,100,ch_csection,3,45
-0.0343714801710307,obgyn_10kwra,100,ch_csection,3,45
-0.0453759101880673,nhblack,0,ch_csection,3,45
-0.0253063425503491,nhblack,1,ch_csection,3,45
-0.0509498072290914,mcaid_unins,0,ch_csection,3,45
-0.0251691363182081,mcaid_unins,1,ch_csection,3,45
-0.0364699157876499,hispanic,0,ch_csection,3,45
-0.0205105308729083,hispanic,1,ch_csection,3,45
