mean,group_var,bin,outcome,mkt,boot_rep
-0.00983015818242084,overall,,ch_dist,3,13
-0.00992950601840356,age,"(19.6,28.2]",ch_dist,3,13
-0.00960210160760511,age,"(28.2,36.8]",ch_dist,3,13
-0.0102226007435411,age,"(36.8,45.4]",ch_dist,3,13
-0.00671242730822925,age,"(45.4,54]",ch_dist,3,13
-0.00974211538363744,age,"[11,19.6]",ch_dist,3,13
-0.00983015818242084,ci_scorent,100,ch_dist,3,13
-0.00983015818242084,obgyn_10kwra,100,ch_dist,3,13
-0.0116084820160096,nhblack,0,ch_dist,3,13
-0.00714551513800624,nhblack,1,ch_dist,3,13
-0.00925074287030364,mcaid_unins,0,ch_dist,3,13
-0.0101462959333495,mcaid_unins,1,ch_dist,3,13
-0.00960569848066453,hispanic,0,ch_dist,3,13
-0.0112520907610032,hispanic,1,ch_dist,3,13
,overall,,ch_peri,3,13
-0.0475422956378913,overall,,ch_teach,3,13
-0.0458691947942165,age,"(19.6,28.2]",ch_teach,3,13
-0.0549649837553869,age,"(28.2,36.8]",ch_teach,3,13
-0.0520457533619458,age,"(36.8,45.4]",ch_teach,3,13
-0.0539458193214491,age,"(45.4,54]",ch_teach,3,13
-0.029188206340165,age,"[11,19.6]",ch_teach,3,13
-0.0475422956378913,ci_scorent,100,ch_teach,3,13
-0.0475422956378913,obgyn_10kwra,100,ch_teach,3,13
-0.0593005624495128,nhblack,0,ch_teach,3,13
-0.0507017992217155,nhblack,1,ch_teach,3,13
-0.0799031393315598,mcaid_unins,0,ch_teach,3,13
-0.0298857302528879,mcaid_unins,1,ch_teach,3,13
-0.0547642757798652,hispanic,0,ch_teach,3,13
-0.00179168309855749,hispanic,1,ch_teach,3,13
-0.0331532874379477,overall,,ch_csection,3,13
-0.0350542084530371,age,"(19.6,28.2]",ch_csection,3,13
-0.0315929734160302,age,"(28.2,36.8]",ch_csection,3,13
-0.0232751397329091,age,"(36.8,45.4]",ch_csection,3,13
-0.0222276226342866,age,"(45.4,54]",ch_csection,3,13
-0.0329564002898958,age,"[11,19.6]",ch_csection,3,13
-0.0331532874379477,ci_scorent,100,ch_csection,3,13
-0.0331532874379477,obgyn_10kwra,100,ch_csection,3,13
-0.0435530762775475,nhblack,0,ch_csection,3,13
-0.0286255618537615,nhblack,1,ch_csection,3,13
-0.0447332762697464,mcaid_unins,0,ch_csection,3,13
-0.0268350705242686,mcaid_unins,1,ch_csection,3,13
-0.036462282760832,hispanic,0,ch_csection,3,13
-0.0121910914839763,hispanic,1,ch_csection,3,13
