mean,group_var,bin,outcome,mkt,boot_rep
-0.00995863856857919,overall,,ch_dist,3,105
-0.0101804197343917,age,"(19.6,28.2]",ch_dist,3,105
-0.00953611009839754,age,"(28.2,36.8]",ch_dist,3,105
-0.00976655992680175,age,"(36.8,45.4]",ch_dist,3,105
-0.00679003761599136,age,"(45.4,54]",ch_dist,3,105
-0.0101634492729218,age,"[11,19.6]",ch_dist,3,105
-0.00995863856857919,ci_scorent,100,ch_dist,3,105
-0.00995863856857919,obgyn_10kwra,100,ch_dist,3,105
-0.0116090209832504,nhblack,0,ch_dist,3,105
-0.00740202662717578,nhblack,1,ch_dist,3,105
-0.00925446117864724,mcaid_unins,0,ch_dist,3,105
-0.0103392298101163,mcaid_unins,1,ch_dist,3,105
-0.00970907752814633,hispanic,0,ch_dist,3,105
-0.0115491327947396,hispanic,1,ch_dist,3,105
,overall,,ch_peri,3,105
-0.0498440033373633,overall,,ch_teach,3,105
-0.0486203071899134,age,"(19.6,28.2]",ch_teach,3,105
-0.0555176618125649,age,"(28.2,36.8]",ch_teach,3,105
-0.055982091331912,age,"(36.8,45.4]",ch_teach,3,105
-0.0517786335601275,age,"(45.4,54]",ch_teach,3,105
-0.0340405329530756,age,"[11,19.6]",ch_teach,3,105
-0.0498440033373633,ci_scorent,100,ch_teach,3,105
-0.0498440033373633,obgyn_10kwra,100,ch_teach,3,105
-0.0652010239811336,nhblack,0,ch_teach,3,105
-0.0477570561072038,nhblack,1,ch_teach,3,105
-0.0806523003910074,mcaid_unins,0,ch_teach,3,105
-0.033192846692838,mcaid_unins,1,ch_teach,3,105
-0.0576741848150381,hispanic,0,ch_teach,3,105
5.90520771728895e-05,hispanic,1,ch_teach,3,105
-0.0370208648652378,overall,,ch_csection,3,105
-0.0405583505770443,age,"(19.6,28.2]",ch_csection,3,105
-0.0315264430587261,age,"(28.2,36.8]",ch_csection,3,105
-0.0229042317691989,age,"(36.8,45.4]",ch_csection,3,105
-0.0130799292526926,age,"(45.4,54]",ch_csection,3,105
-0.0426904232887445,age,"[11,19.6]",ch_csection,3,105
-0.0370208648652378,ci_scorent,100,ch_csection,3,105
-0.0370208648652378,obgyn_10kwra,100,ch_csection,3,105
-0.0465633184333273,nhblack,0,ch_csection,3,105
-0.0303409689312809,nhblack,1,ch_csection,3,105
-0.0459531272767621,mcaid_unins,0,ch_csection,3,105
-0.0321931880759197,mcaid_unins,1,ch_csection,3,105
-0.0386656092057175,hispanic,0,ch_csection,3,105
-0.0265386342554217,hispanic,1,ch_csection,3,105
