mean,group_var,bin,outcome,mkt,boot_rep
-0.00990984042589933,overall,,ch_dist,3,4
-0.0101009206670203,age,"(19.6,28.2]",ch_dist,3,4
-0.00945620311304019,age,"(28.2,36.8]",ch_dist,3,4
-0.0100721972373707,age,"(36.8,45.4]",ch_dist,3,4
-0.00807144688694801,age,"(45.4,54]",ch_dist,3,4
-0.0101520325753072,age,"[11,19.6]",ch_dist,3,4
-0.00990984042589933,ci_scorent,100,ch_dist,3,4
-0.00990984042589933,obgyn_10kwra,100,ch_dist,3,4
-0.0117311830074753,nhblack,0,ch_dist,3,4
-0.00730051080555082,nhblack,1,ch_dist,3,4
-0.00919977780927021,mcaid_unins,0,ch_dist,3,4
-0.0102943056512542,mcaid_unins,1,ch_dist,3,4
-0.0097497151190946,hispanic,0,ch_dist,3,4
-0.0109720313141072,hispanic,1,ch_dist,3,4
,overall,,ch_peri,3,4
-0.049980259681437,overall,,ch_teach,3,4
-0.0489228278165094,age,"(19.6,28.2]",ch_teach,3,4
-0.0559038008528308,age,"(28.2,36.8]",ch_teach,3,4
-0.0508050919935748,age,"(36.8,45.4]",ch_teach,3,4
-0.070720031917396,age,"(45.4,54]",ch_teach,3,4
-0.0355605540328438,age,"[11,19.6]",ch_teach,3,4
-0.049980259681437,ci_scorent,100,ch_teach,3,4
-0.049980259681437,obgyn_10kwra,100,ch_teach,3,4
-0.0634077552191012,nhblack,0,ch_teach,3,4
-0.0456587774583435,nhblack,1,ch_teach,3,4
-0.0856797249197704,mcaid_unins,0,ch_teach,3,4
-0.0306506926454195,mcaid_unins,1,ch_teach,3,4
-0.0554434610744622,hispanic,0,ch_teach,3,4
-0.0137401246527332,hispanic,1,ch_teach,3,4
-0.0327906466966995,overall,,ch_csection,3,4
-0.036291574837097,age,"(19.6,28.2]",ch_csection,3,4
-0.0280270045595021,age,"(28.2,36.8]",ch_csection,3,4
-0.0157369959820449,age,"(36.8,45.4]",ch_csection,3,4
-0.0209665342043044,age,"(45.4,54]",ch_csection,3,4
-0.0376008104288545,age,"[11,19.6]",ch_csection,3,4
-0.0327906466966995,ci_scorent,100,ch_csection,3,4
-0.0327906466966995,obgyn_10kwra,100,ch_csection,3,4
-0.0430357557891235,nhblack,0,ch_csection,3,4
-0.0274062620207479,nhblack,1,ch_csection,3,4
-0.0493710858538555,mcaid_unins,0,ch_csection,3,4
-0.0238131253799174,mcaid_unins,1,ch_csection,3,4
-0.0354611778791255,hispanic,0,ch_csection,3,4
-0.0150756836764743,hispanic,1,ch_csection,3,4
