mean,group_var,bin,outcome,mkt,boot_rep
-0.00977551400487116,overall,,ch_dist,3,12
-0.00986408358715776,age,"(19.6,28.2]",ch_dist,3,12
-0.00946345105289414,age,"(28.2,36.8]",ch_dist,3,12
-0.0101391131519624,age,"(36.8,45.4]",ch_dist,3,12
-0.00866555434806883,age,"(45.4,54]",ch_dist,3,12
-0.0100491098194526,age,"[11,19.6]",ch_dist,3,12
-0.00977551400487116,ci_scorent,100,ch_dist,3,12
-0.00977551400487116,obgyn_10kwra,100,ch_dist,3,12
-0.0114806792012325,nhblack,0,ch_dist,3,12
-0.00711496594180822,nhblack,1,ch_dist,3,12
-0.00912938216536896,mcaid_unins,0,ch_dist,3,12
-0.0101303369240466,mcaid_unins,1,ch_dist,3,12
-0.00949231926724416,hispanic,0,ch_dist,3,12
-0.0115845711375611,hispanic,1,ch_dist,3,12
,overall,,ch_peri,3,12
-0.0458903841418551,overall,,ch_teach,3,12
-0.0448485365585699,age,"(19.6,28.2]",ch_teach,3,12
-0.0515938599016323,age,"(28.2,36.8]",ch_teach,3,12
-0.0498525516039816,age,"(36.8,45.4]",ch_teach,3,12
-0.0463943446095081,age,"(45.4,54]",ch_teach,3,12
-0.0300164574364113,age,"[11,19.6]",ch_teach,3,12
-0.0458903841418551,ci_scorent,100,ch_teach,3,12
-0.0458903841418551,obgyn_10kwra,100,ch_teach,3,12
-0.0614677315977071,nhblack,0,ch_teach,3,12
-0.0446804434038889,nhblack,1,ch_teach,3,12
-0.082354638591745,mcaid_unins,0,ch_teach,3,12
-0.025866060283375,mcaid_unins,1,ch_teach,3,12
-0.0531940061633325,hispanic,0,ch_teach,3,12
0.000765389278015516,hispanic,1,ch_teach,3,12
-0.0321002086372165,overall,,ch_csection,3,12
-0.034286830818583,age,"(19.6,28.2]",ch_csection,3,12
-0.0288898660059915,age,"(28.2,36.8]",ch_csection,3,12
-0.0229476267881885,age,"(36.8,45.4]",ch_csection,3,12
-0.0119295594676636,age,"(45.4,54]",ch_csection,3,12
-0.0355901181181435,age,"[11,19.6]",ch_csection,3,12
-0.0321002086372165,ci_scorent,100,ch_csection,3,12
-0.0321002086372165,obgyn_10kwra,100,ch_csection,3,12
-0.0413476986183443,nhblack,0,ch_csection,3,12
-0.0253191620281392,nhblack,1,ch_csection,3,12
-0.0445345911147377,mcaid_unins,0,ch_csection,3,12
-0.0252718748219109,mcaid_unins,1,ch_csection,3,12
-0.0340518152350365,hispanic,0,ch_csection,3,12
-0.0196332826428462,hispanic,1,ch_csection,3,12
