mean,group_var,bin,outcome,mkt,boot_rep
-0.00956977392780561,overall,,ch_dist,3,19
-0.00958330130726319,age,"(19.6,28.2]",ch_dist,3,19
-0.00954319938612585,age,"(28.2,36.8]",ch_dist,3,19
-0.0101316954584056,age,"(36.8,45.4]",ch_dist,3,19
-0.00658176040822592,age,"(45.4,54]",ch_dist,3,19
-0.00920522091904278,age,"[11,19.6]",ch_dist,3,19
-0.00956977392780561,ci_scorent,100,ch_dist,3,19
-0.00956977392780561,obgyn_10kwra,100,ch_dist,3,19
-0.0112933910205145,nhblack,0,ch_dist,3,19
-0.0069356581384005,nhblack,1,ch_dist,3,19
-0.0088944115313053,mcaid_unins,0,ch_dist,3,19
-0.00993981699903101,mcaid_unins,1,ch_dist,3,19
-0.00933887007657689,hispanic,0,ch_dist,3,19
-0.0110359627462985,hispanic,1,ch_dist,3,19
,overall,,ch_peri,3,19
-0.050489294636429,overall,,ch_teach,3,19
-0.048779278904421,age,"(19.6,28.2]",ch_teach,3,19
-0.0575714848682185,age,"(28.2,36.8]",ch_teach,3,19
-0.0549268408169643,age,"(36.8,45.4]",ch_teach,3,19
-0.0567299796764718,age,"(45.4,54]",ch_teach,3,19
-0.033467404756189,age,"[11,19.6]",ch_teach,3,19
-0.050489294636429,ci_scorent,100,ch_teach,3,19
-0.050489294636429,obgyn_10kwra,100,ch_teach,3,19
-0.0725231541085484,nhblack,0,ch_teach,3,19
-0.0428818680748411,nhblack,1,ch_teach,3,19
-0.0878936218718016,mcaid_unins,0,ch_teach,3,19
-0.0299947983496626,mcaid_unins,1,ch_teach,3,19
-0.0585412785867087,hispanic,0,ch_teach,3,19
0.000639037661893066,hispanic,1,ch_teach,3,19
-0.0318569333199334,overall,,ch_csection,3,19
-0.0323218330457975,age,"(19.6,28.2]",ch_csection,3,19
-0.033054050683794,age,"(28.2,36.8]",ch_csection,3,19
-0.027535195386767,age,"(36.8,45.4]",ch_csection,3,19
-0.0313238943044044,age,"(45.4,54]",ch_csection,3,19
-0.027460561538493,age,"[11,19.6]",ch_csection,3,19
-0.0318569333199334,ci_scorent,100,ch_csection,3,19
-0.0318569333199334,obgyn_10kwra,100,ch_csection,3,19
-0.0481309413215831,nhblack,0,ch_csection,3,19
-0.022912337211958,nhblack,1,ch_csection,3,19
-0.0470737963689894,mcaid_unins,0,ch_csection,3,19
-0.0235193433589466,mcaid_unins,1,ch_csection,3,19
-0.036172470149087,hispanic,0,ch_csection,3,19
-0.00445422084446379,hispanic,1,ch_csection,3,19
