mean,group_var,bin,outcome,mkt,boot_rep
-0.0097853834362026,overall,,ch_dist,3,140
-0.00986942143960054,age,"(19.6,28.2]",ch_dist,3,140
-0.00954001382006598,age,"(28.2,36.8]",ch_dist,3,140
-0.0098660678288206,age,"(36.8,45.4]",ch_dist,3,140
-0.00719988862479506,age,"(45.4,54]",ch_dist,3,140
-0.0100582950380273,age,"[11,19.6]",ch_dist,3,140
-0.0097853834362026,ci_scorent,100,ch_dist,3,140
-0.0097853834362026,obgyn_10kwra,100,ch_dist,3,140
-0.0115123140811942,nhblack,0,ch_dist,3,140
-0.00715966223667213,nhblack,1,ch_dist,3,140
-0.00910876144062158,mcaid_unins,0,ch_dist,3,140
-0.0101608717542205,mcaid_unins,1,ch_dist,3,140
-0.00953746693523472,hispanic,0,ch_dist,3,140
-0.0113961011951009,hispanic,1,ch_dist,3,140
,overall,,ch_peri,3,140
-0.0555190887280218,overall,,ch_teach,3,140
-0.0540788074759465,age,"(19.6,28.2]",ch_teach,3,140
-0.061144800347797,age,"(28.2,36.8]",ch_teach,3,140
-0.0605779937361415,age,"(36.8,45.4]",ch_teach,3,140
-0.0395068600822471,age,"(45.4,54]",ch_teach,3,140
-0.0419861996307599,age,"[11,19.6]",ch_teach,3,140
-0.0555190887280218,ci_scorent,100,ch_teach,3,140
-0.0555190887280218,obgyn_10kwra,100,ch_teach,3,140
-0.0678102748735995,nhblack,0,ch_teach,3,140
-0.0501212625000605,nhblack,1,ch_teach,3,140
-0.0864003611843972,mcaid_unins,0,ch_teach,3,140
-0.0383816661661974,mcaid_unins,1,ch_teach,3,140
-0.060201372736396,hispanic,0,ch_teach,3,140
-0.0250982092179839,hispanic,1,ch_teach,3,140
-0.0332751340463176,overall,,ch_csection,3,140
-0.0369293414595619,age,"(19.6,28.2]",ch_csection,3,140
-0.0278638485113375,age,"(28.2,36.8]",ch_csection,3,140
-0.01614299280858,age,"(36.8,45.4]",ch_csection,3,140
0.000144785840313799,age,"(45.4,54]",ch_csection,3,140
-0.0403094566594357,age,"[11,19.6]",ch_csection,3,140
-0.0332751340463176,ci_scorent,100,ch_csection,3,140
-0.0332751340463176,obgyn_10kwra,100,ch_csection,3,140
-0.0442661370952423,nhblack,0,ch_csection,3,140
-0.0244587329142173,nhblack,1,ch_csection,3,140
-0.0437705138338132,mcaid_unins,0,ch_csection,3,140
-0.0274507704738894,mcaid_unins,1,ch_csection,3,140
-0.0348427383245555,hispanic,0,ch_csection,3,140
-0.02309038216403,hispanic,1,ch_csection,3,140
