mean,group_var,bin,outcome,mkt,boot_rep
-0.00976201627379461,overall,,ch_dist,3,61
-0.00995271628807828,age,"(19.6,28.2]",ch_dist,3,61
-0.0094471151280321,age,"(28.2,36.8]",ch_dist,3,61
-0.0096374143456752,age,"(36.8,45.4]",ch_dist,3,61
-0.00397112678248435,age,"(45.4,54]",ch_dist,3,61
-0.00973737321349904,age,"[11,19.6]",ch_dist,3,61
-0.00976201627379461,ci_scorent,100,ch_dist,3,61
-0.00976201627379461,obgyn_10kwra,100,ch_dist,3,61
-0.0115680156864045,nhblack,0,ch_dist,3,61
-0.00705079559797609,nhblack,1,ch_dist,3,61
-0.00923017826746842,mcaid_unins,0,ch_dist,3,61
-0.0100518087124454,mcaid_unins,1,ch_dist,3,61
-0.00953719295093496,hispanic,0,ch_dist,3,61
-0.0112398018304211,hispanic,1,ch_dist,3,61
,overall,,ch_peri,3,61
-0.0515220440083872,overall,,ch_teach,3,61
-0.0499643693562119,age,"(19.6,28.2]",ch_teach,3,61
-0.0587791143179847,age,"(28.2,36.8]",ch_teach,3,61
-0.0566590720113497,age,"(36.8,45.4]",ch_teach,3,61
-0.0398732006550138,age,"(45.4,54]",ch_teach,3,61
-0.0332431242718259,age,"[11,19.6]",ch_teach,3,61
-0.0515220440083872,ci_scorent,100,ch_teach,3,61
-0.0515220440083872,obgyn_10kwra,100,ch_teach,3,61
-0.0694381471250746,nhblack,0,ch_teach,3,61
-0.0468269609197477,nhblack,1,ch_teach,3,61
-0.0845938862701722,mcaid_unins,0,ch_teach,3,61
-0.0335015759227766,mcaid_unins,1,ch_teach,3,61
-0.0589037767478058,hispanic,0,ch_teach,3,61
-0.00300119712098832,hispanic,1,ch_teach,3,61
-0.0319273285877509,overall,,ch_csection,3,61
-0.0353898270657018,age,"(19.6,28.2]",ch_csection,3,61
-0.0272975180737593,age,"(28.2,36.8]",ch_csection,3,61
-0.0170186185344849,age,"(36.8,45.4]",ch_csection,3,61
-0.0108824880953303,age,"(45.4,54]",ch_csection,3,61
-0.0353777151879266,age,"[11,19.6]",ch_csection,3,61
-0.0319273285877509,ci_scorent,100,ch_csection,3,61
-0.0319273285877509,obgyn_10kwra,100,ch_csection,3,61
-0.0436906666379092,nhblack,0,ch_csection,3,61
-0.0223928700174858,nhblack,1,ch_csection,3,61
-0.0459655690659673,mcaid_unins,0,ch_csection,3,61
-0.0242780521273301,mcaid_unins,1,ch_csection,3,61
-0.0341305832388725,hispanic,0,ch_csection,3,61
-0.0174451215836758,hispanic,1,ch_csection,3,61
