mean,group_var,bin,outcome,mkt,boot_rep
-0.00987182580032959,overall,,ch_dist,3,18
-0.0100174423444966,age,"(19.6,28.2]",ch_dist,3,18
-0.00959355832831676,age,"(28.2,36.8]",ch_dist,3,18
-0.0101662737004816,age,"(36.8,45.4]",ch_dist,3,18
-0.0104071915015418,age,"(45.4,54]",ch_dist,3,18
-0.00969776992141649,age,"[11,19.6]",ch_dist,3,18
-0.00987182580032959,ci_scorent,100,ch_dist,3,18
-0.00987182580032959,obgyn_10kwra,100,ch_dist,3,18
-0.0114109786023576,nhblack,0,ch_dist,3,18
-0.0074230181128811,nhblack,1,ch_dist,3,18
-0.00930354975352052,mcaid_unins,0,ch_dist,3,18
-0.0101805168060162,mcaid_unins,1,ch_dist,3,18
-0.00961285308572121,hispanic,0,ch_dist,3,18
-0.0114572418872799,hispanic,1,ch_dist,3,18
,overall,,ch_peri,3,18
-0.0459530546387672,overall,,ch_teach,3,18
-0.0433229778731428,age,"(19.6,28.2]",ch_teach,3,18
-0.0547424551984008,age,"(28.2,36.8]",ch_teach,3,18
-0.0543420256555139,age,"(36.8,45.4]",ch_teach,3,18
-0.061335204108184,age,"(45.4,54]",ch_teach,3,18
-0.0275872386858138,age,"[11,19.6]",ch_teach,3,18
-0.0459530546387672,ci_scorent,100,ch_teach,3,18
-0.0459530546387672,obgyn_10kwra,100,ch_teach,3,18
-0.0620547771877769,nhblack,0,ch_teach,3,18
-0.0399355013976998,nhblack,1,ch_teach,3,18
-0.0812191300723304,mcaid_unins,0,ch_teach,3,18
-0.0267963079250289,mcaid_unins,1,ch_teach,3,18
-0.0521090038531246,hispanic,0,ch_teach,3,18
-0.00826668706274736,hispanic,1,ch_teach,3,18
-0.0308670051311559,overall,,ch_csection,3,18
-0.0338885944815629,age,"(19.6,28.2]",ch_csection,3,18
-0.0270330906620548,age,"(28.2,36.8]",ch_csection,3,18
-0.0167872123490876,age,"(36.8,45.4]",ch_csection,3,18
-0.0154919764016675,age,"(45.4,54]",ch_csection,3,18
-0.0340161846541881,age,"[11,19.6]",ch_csection,3,18
-0.0308670051311559,ci_scorent,100,ch_csection,3,18
-0.0308670051311559,obgyn_10kwra,100,ch_csection,3,18
-0.0404684729011489,nhblack,0,ch_csection,3,18
-0.0247762494449379,nhblack,1,ch_csection,3,18
-0.0467884496761193,mcaid_unins,0,ch_csection,3,18
-0.0222183795975526,mcaid_unins,1,ch_csection,3,18
-0.0329245571168919,hispanic,0,ch_csection,3,18
-0.0182707900323748,hispanic,1,ch_csection,3,18
