mean,group_var,bin,outcome,mkt,boot_rep
-0.00984604960669448,overall,,ch_dist,3,81
-0.00983007034693833,age,"(19.6,28.2]",ch_dist,3,81
-0.00985378395953631,age,"(28.2,36.8]",ch_dist,3,81
-0.00981883093481461,age,"(36.8,45.4]",ch_dist,3,81
-0.00721050200032332,age,"(45.4,54]",ch_dist,3,81
-0.00994619606689527,age,"[11,19.6]",ch_dist,3,81
-0.00984604960669448,ci_scorent,100,ch_dist,3,81
-0.00984604960669448,obgyn_10kwra,100,ch_dist,3,81
-0.0116316875249341,nhblack,0,ch_dist,3,81
-0.00728565324982423,nhblack,1,ch_dist,3,81
-0.0091113123156669,mcaid_unins,0,ch_dist,3,81
-0.010246687030223,mcaid_unins,1,ch_dist,3,81
-0.00965773046476655,hispanic,0,ch_dist,3,81
-0.0110818851193539,hispanic,1,ch_dist,3,81
,overall,,ch_peri,3,81
-0.0543250605653612,overall,,ch_teach,3,81
-0.0519938977006868,age,"(19.6,28.2]",ch_teach,3,81
-0.0620976235531663,age,"(28.2,36.8]",ch_teach,3,81
-0.0601910123328805,age,"(36.8,45.4]",ch_teach,3,81
-0.0851017061357086,age,"(45.4,54]",ch_teach,3,81
-0.0377938572642098,age,"[11,19.6]",ch_teach,3,81
-0.0543250605653612,ci_scorent,100,ch_teach,3,81
-0.0543250605653612,obgyn_10kwra,100,ch_teach,3,81
-0.068488598986529,nhblack,0,ch_teach,3,81
-0.0504479626839655,nhblack,1,ch_teach,3,81
-0.0860361968963577,mcaid_unins,0,ch_teach,3,81
-0.0370336176075076,mcaid_unins,1,ch_teach,3,81
-0.0590516343236504,hispanic,0,ch_teach,3,81
-0.0233071425571449,hispanic,1,ch_teach,3,81
-0.0326633398426836,overall,,ch_csection,3,81
-0.0357512884206675,age,"(19.6,28.2]",ch_csection,3,81
-0.0289060896197823,age,"(28.2,36.8]",ch_csection,3,81
-0.0144499666286992,age,"(36.8,45.4]",ch_csection,3,81
-0.0177684745624237,age,"(45.4,54]",ch_csection,3,81
-0.0382599607606383,age,"[11,19.6]",ch_csection,3,81
-0.0326633398426836,ci_scorent,100,ch_csection,3,81
-0.0326633398426836,obgyn_10kwra,100,ch_csection,3,81
-0.0497449991222528,nhblack,0,ch_csection,3,81
-0.0169998580437941,nhblack,1,ch_csection,3,81
-0.047775342682011,mcaid_unins,0,ch_csection,3,81
-0.0244230695367681,mcaid_unins,1,ch_csection,3,81
-0.0347307437354165,hispanic,0,ch_csection,3,81
-0.0190960990221644,hispanic,1,ch_csection,3,81
