mean,group_var,bin,outcome,mkt,boot_rep
-0.00977528220114549,overall,,ch_dist,3,126
-0.00982940475510478,age,"(19.6,28.2]",ch_dist,3,126
-0.00951191324521793,age,"(28.2,36.8]",ch_dist,3,126
-0.0098929366987995,age,"(36.8,45.4]",ch_dist,3,126
-0.015634305093083,age,"(45.4,54]",ch_dist,3,126
-0.0102328429469137,age,"[11,19.6]",ch_dist,3,126
-0.00977528220114549,ci_scorent,100,ch_dist,3,126
-0.00977528220114549,obgyn_10kwra,100,ch_dist,3,126
-0.0113633624468638,nhblack,0,ch_dist,3,126
-0.00726949173461443,nhblack,1,ch_dist,3,126
-0.00907401757339711,mcaid_unins,0,ch_dist,3,126
-0.01015845185667,mcaid_unins,1,ch_dist,3,126
-0.00955750591091382,hispanic,0,ch_dist,3,126
-0.0112042548965228,hispanic,1,ch_dist,3,126
,overall,,ch_peri,3,126
-0.0506628705203464,overall,,ch_teach,3,126
-0.0508479522875154,age,"(19.6,28.2]",ch_teach,3,126
-0.054371038155635,age,"(28.2,36.8]",ch_teach,3,126
-0.0448181383722983,age,"(36.8,45.4]",ch_teach,3,126
-0.0868619487924027,age,"(45.4,54]",ch_teach,3,126
-0.0406480992967903,age,"[11,19.6]",ch_teach,3,126
-0.0506628705203464,ci_scorent,100,ch_teach,3,126
-0.0506628705203464,obgyn_10kwra,100,ch_teach,3,126
-0.0710312391591169,nhblack,0,ch_teach,3,126
-0.0432742812152954,nhblack,1,ch_teach,3,126
-0.087333333373253,mcaid_unins,0,ch_teach,3,126
-0.0306261995358298,mcaid_unins,1,ch_teach,3,126
-0.0581545871682263,hispanic,0,ch_teach,3,126
-0.00150481699700194,hispanic,1,ch_teach,3,126
-0.0324264679559881,overall,,ch_csection,3,126
-0.0363190249490613,age,"(19.6,28.2]",ch_csection,3,126
-0.0268193646994399,age,"(28.2,36.8]",ch_csection,3,126
-0.0111627118823966,age,"(36.8,45.4]",ch_csection,3,126
0.0013814203537439,age,"(45.4,54]",ch_csection,3,126
-0.0403447702776875,age,"[11,19.6]",ch_csection,3,126
-0.0324264679559881,ci_scorent,100,ch_csection,3,126
-0.0324264679559881,obgyn_10kwra,100,ch_csection,3,126
-0.0444835249333257,nhblack,0,ch_csection,3,126
-0.0286046871377233,nhblack,1,ch_csection,3,126
-0.0464562229179022,mcaid_unins,0,ch_csection,3,126
-0.0247606365948501,mcaid_unins,1,ch_csection,3,126
-0.0369038581227595,hispanic,0,ch_csection,3,126
-0.00304738225266951,hispanic,1,ch_csection,3,126
