mean,group_var,bin,outcome,mkt,boot_rep
-0.0098642819045417,overall,,ch_dist,3,134
-0.00997603731386432,age,"(19.6,28.2]",ch_dist,3,134
-0.0095423857580673,age,"(28.2,36.8]",ch_dist,3,134
-0.00990964587249972,age,"(36.8,45.4]",ch_dist,3,134
-0.00790993243668982,age,"(45.4,54]",ch_dist,3,134
-0.010212394192588,age,"[11,19.6]",ch_dist,3,134
-0.0098642819045417,ci_scorent,100,ch_dist,3,134
-0.0098642819045417,obgyn_10kwra,100,ch_dist,3,134
-0.0116115883764456,nhblack,0,ch_dist,3,134
-0.00728512538272379,nhblack,1,ch_dist,3,134
-0.00912703151767909,mcaid_unins,0,ch_dist,3,134
-0.0102648864715843,mcaid_unins,1,ch_dist,3,134
-0.00966921643075458,hispanic,0,ch_dist,3,134
-0.0111320984277992,hispanic,1,ch_dist,3,134
,overall,,ch_peri,3,134
-0.0529867001136367,overall,,ch_teach,3,134
-0.0499902633178243,age,"(19.6,28.2]",ch_teach,3,134
-0.0628093312286926,age,"(28.2,36.8]",ch_teach,3,134
-0.0605140051069811,age,"(36.8,45.4]",ch_teach,3,134
-0.0792324964840758,age,"(45.4,54]",ch_teach,3,134
-0.0341532629797506,age,"[11,19.6]",ch_teach,3,134
-0.0529867001136367,ci_scorent,100,ch_teach,3,134
-0.0529867001136367,obgyn_10kwra,100,ch_teach,3,134
-0.0715589204955386,nhblack,0,ch_teach,3,134
-0.0469836032833667,nhblack,1,ch_teach,3,134
-0.0893866936544883,mcaid_unins,0,ch_teach,3,134
-0.033207797433312,mcaid_unins,1,ch_teach,3,134
-0.0597939150792382,hispanic,0,ch_teach,3,134
-0.00874360858543734,hispanic,1,ch_teach,3,134
-0.0366614754440205,overall,,ch_csection,3,134
-0.0374425557910333,age,"(19.6,28.2]",ch_csection,3,134
-0.0365488485470109,age,"(28.2,36.8]",ch_csection,3,134
-0.0318803769768029,age,"(36.8,45.4]",ch_csection,3,134
-0.0327661716846553,age,"(45.4,54]",ch_csection,3,134
-0.0353225296987533,age,"[11,19.6]",ch_csection,3,134
-0.0366614754440205,ci_scorent,100,ch_csection,3,134
-0.0366614754440205,obgyn_10kwra,100,ch_csection,3,134
-0.0496430996039324,nhblack,0,ch_csection,3,134
-0.0281943979548966,nhblack,1,ch_csection,3,134
-0.0481957523173357,mcaid_unins,0,ch_csection,3,134
-0.0303940199427115,mcaid_unins,1,ch_csection,3,134
-0.0399558952808039,hispanic,0,ch_csection,3,134
-0.015249588334878,hispanic,1,ch_csection,3,134
