mean,group_var,bin,outcome,mkt,boot_rep
-0.00985714004626903,overall,,ch_dist,3,150
-0.00989471299903572,age,"(19.6,28.2]",ch_dist,3,150
-0.00966212862375642,age,"(28.2,36.8]",ch_dist,3,150
-0.0101737503425552,age,"(36.8,45.4]",ch_dist,3,150
-0.00822008073008274,age,"(45.4,54]",ch_dist,3,150
-0.0100757344031547,age,"[11,19.6]",ch_dist,3,150
-0.00985714004626903,ci_scorent,100,ch_dist,3,150
-0.00985714004626903,obgyn_10kwra,100,ch_dist,3,150
-0.011493771545915,nhblack,0,ch_dist,3,150
-0.00737616218135094,nhblack,1,ch_dist,3,150
-0.00902242356119033,mcaid_unins,0,ch_dist,3,150
-0.0103242084516915,mcaid_unins,1,ch_dist,3,150
-0.00965403129223539,hispanic,0,ch_dist,3,150
-0.0112066437061938,hispanic,1,ch_dist,3,150
,overall,,ch_peri,3,150
-0.0466144215807556,overall,,ch_teach,3,150
-0.0434803245030312,age,"(19.6,28.2]",ch_teach,3,150
-0.0566442619244977,age,"(28.2,36.8]",ch_teach,3,150
-0.0592969452689671,age,"(36.8,45.4]",ch_teach,3,150
-0.0826857158973396,age,"(45.4,54]",ch_teach,3,150
-0.0248977943440642,age,"[11,19.6]",ch_teach,3,150
-0.0466144215807556,ci_scorent,100,ch_teach,3,150
-0.0466144215807556,obgyn_10kwra,100,ch_teach,3,150
-0.0584714434864217,nhblack,0,ch_teach,3,150
-0.0467947971039896,nhblack,1,ch_teach,3,150
-0.084020337855244,mcaid_unins,0,ch_teach,3,150
-0.025683815824187,mcaid_unins,1,ch_teach,3,150
-0.0533949445235433,hispanic,0,ch_teach,3,150
-0.00156298807149212,hispanic,1,ch_teach,3,150
-0.0308515806287749,overall,,ch_csection,3,150
-0.0324250848731088,age,"(19.6,28.2]",ch_csection,3,150
-0.0292164227349492,age,"(28.2,36.8]",ch_csection,3,150
-0.0225655061936638,age,"(36.8,45.4]",ch_csection,3,150
-0.0202376392929527,age,"(45.4,54]",ch_csection,3,150
-0.0317237308684663,age,"[11,19.6]",ch_csection,3,150
-0.0308515806287749,ci_scorent,100,ch_csection,3,150
-0.0308515806287749,obgyn_10kwra,100,ch_csection,3,150
-0.0417293961192231,nhblack,0,ch_csection,3,150
-0.0255536230467113,nhblack,1,ch_csection,3,150
-0.0407089322590091,mcaid_unins,0,ch_csection,3,150
-0.0253358665031724,mcaid_unins,1,ch_csection,3,150
-0.0340499041252467,hispanic,0,ch_csection,3,150
-0.00960114617730315,hispanic,1,ch_csection,3,150
