mean,group_var,bin,outcome,mkt,boot_rep
-0.00976610271286094,overall,,ch_dist,3,102
-0.00995394590956886,age,"(19.6,28.2]",ch_dist,3,102
-0.00951296485624342,age,"(28.2,36.8]",ch_dist,3,102
-0.009818691461495,age,"(36.8,45.4]",ch_dist,3,102
-0.00797280624656781,age,"(45.4,54]",ch_dist,3,102
-0.00943792392478889,age,"[11,19.6]",ch_dist,3,102
-0.00976610271286094,ci_scorent,100,ch_dist,3,102
-0.00976610271286094,obgyn_10kwra,100,ch_dist,3,102
-0.011491003324004,nhblack,0,ch_dist,3,102
-0.00696223006201982,nhblack,1,ch_dist,3,102
-0.00894154121390355,mcaid_unins,0,ch_dist,3,102
-0.0102194781542073,mcaid_unins,1,ch_dist,3,102
-0.00949290603490028,hispanic,0,ch_dist,3,102
-0.0114393356243367,hispanic,1,ch_dist,3,102
,overall,,ch_peri,3,102
-0.0534816340848276,overall,,ch_teach,3,102
-0.0503616026157331,age,"(19.6,28.2]",ch_teach,3,102
-0.0639402195351818,age,"(28.2,36.8]",ch_teach,3,102
-0.0610105922559889,age,"(36.8,45.4]",ch_teach,3,102
-0.0798728697033948,age,"(45.4,54]",ch_teach,3,102
-0.0324462631345722,age,"[11,19.6]",ch_teach,3,102
-0.0534816340848276,ci_scorent,100,ch_teach,3,102
-0.0534816340848276,obgyn_10kwra,100,ch_teach,3,102
-0.0793984900761284,nhblack,0,ch_teach,3,102
-0.036811164471711,nhblack,1,ch_teach,3,102
-0.0978289841161247,mcaid_unins,0,ch_teach,3,102
-0.0290977653031761,mcaid_unins,1,ch_teach,3,102
-0.060529904188895,hispanic,0,ch_teach,3,102
-0.0103134755437687,hispanic,1,ch_teach,3,102
-0.0320649946303471,overall,,ch_csection,3,102
-0.0321170159591345,age,"(19.6,28.2]",ch_csection,3,102
-0.0339429701369059,age,"(28.2,36.8]",ch_csection,3,102
-0.0312465287998244,age,"(36.8,45.4]",ch_csection,3,102
-0.0395005964248299,age,"(45.4,54]",ch_csection,3,102
-0.0258921629111715,age,"[11,19.6]",ch_csection,3,102
-0.0320649946303471,ci_scorent,100,ch_csection,3,102
-0.0320649946303471,obgyn_10kwra,100,ch_csection,3,102
-0.044442958852782,nhblack,0,ch_csection,3,102
-0.0241698609342018,nhblack,1,ch_csection,3,102
-0.047180680928605,mcaid_unins,0,ch_csection,3,102
-0.0237538123166076,mcaid_unins,1,ch_csection,3,102
-0.0353195642061129,hispanic,0,ch_csection,3,102
-0.0121319084467614,hispanic,1,ch_csection,3,102
