mean,group_var,bin,outcome,mkt,boot_rep
-0.00979219217086369,overall,,ch_dist,3,82
-0.00987100954301091,age,"(19.6,28.2]",ch_dist,3,82
-0.00955445404592744,age,"(28.2,36.8]",ch_dist,3,82
-0.0100400582416729,age,"(36.8,45.4]",ch_dist,3,82
-0.00717492699832682,age,"(45.4,54]",ch_dist,3,82
-0.00994929778646611,age,"[11,19.6]",ch_dist,3,82
-0.00979219217086369,ci_scorent,100,ch_dist,3,82
-0.00979219217086369,obgyn_10kwra,100,ch_dist,3,82
-0.0116226166453975,nhblack,0,ch_dist,3,82
-0.00706727621123761,nhblack,1,ch_dist,3,82
-0.00908763408645346,mcaid_unins,0,ch_dist,3,82
-0.0101723373782115,mcaid_unins,1,ch_dist,3,82
-0.00960224299600027,hispanic,0,ch_dist,3,82
-0.0110277480951526,hispanic,1,ch_dist,3,82
,overall,,ch_peri,3,82
-0.0499554837278976,overall,,ch_teach,3,82
-0.0476689573566085,age,"(19.6,28.2]",ch_teach,3,82
-0.0597079864885941,age,"(28.2,36.8]",ch_teach,3,82
-0.0558784897742735,age,"(36.8,45.4]",ch_teach,3,82
-0.0346850125229517,age,"(45.4,54]",ch_teach,3,82
-0.0273206270300481,age,"[11,19.6]",ch_teach,3,82
-0.0499554837278976,ci_scorent,100,ch_teach,3,82
-0.0499554837278976,obgyn_10kwra,100,ch_teach,3,82
-0.0711338026942292,nhblack,0,ch_teach,3,82
-0.0449902046205879,nhblack,1,ch_teach,3,82
-0.0866360426780552,mcaid_unins,0,ch_teach,3,82
-0.0301644416601428,mcaid_unins,1,ch_teach,3,82
-0.0579810998499167,hispanic,0,ch_teach,3,82
0.00224846794896112,hispanic,1,ch_teach,3,82
-0.0345433706800365,overall,,ch_csection,3,82
-0.0373360367388213,age,"(19.6,28.2]",ch_csection,3,82
-0.0307051384635533,age,"(28.2,36.8]",ch_csection,3,82
-0.0216226631987165,age,"(36.8,45.4]",ch_csection,3,82
-0.00286881791844325,age,"(45.4,54]",ch_csection,3,82
-0.0379822795812168,age,"[11,19.6]",ch_csection,3,82
-0.0345433706800365,ci_scorent,100,ch_csection,3,82
-0.0345433706800365,obgyn_10kwra,100,ch_csection,3,82
-0.0472241494235824,nhblack,0,ch_csection,3,82
-0.0262404415767038,nhblack,1,ch_csection,3,82
-0.0433610352251856,mcaid_unins,0,ch_csection,3,82
-0.0297857885998527,mcaid_unins,1,ch_csection,3,82
-0.037223357516273,hispanic,0,ch_csection,3,82
-0.0171109516400003,hispanic,1,ch_csection,3,82
