mean,group_var,bin,outcome,mkt,boot_rep
-0.00981033333916885,overall,,ch_dist,3,16
-0.00995299764872347,age,"(19.6,28.2]",ch_dist,3,16
-0.00944975138861868,age,"(28.2,36.8]",ch_dist,3,16
-0.00969878843847106,age,"(36.8,45.4]",ch_dist,3,16
-0.00341976782527745,age,"(45.4,54]",ch_dist,3,16
-0.0102671489034737,age,"[11,19.6]",ch_dist,3,16
-0.00981033333916885,ci_scorent,100,ch_dist,3,16
-0.00981033333916885,obgyn_10kwra,100,ch_dist,3,16
-0.011494687400483,nhblack,0,ch_dist,3,16
-0.00702170664953871,nhblack,1,ch_dist,3,16
-0.00907815338761956,mcaid_unins,0,ch_dist,3,16
-0.0102132128747778,mcaid_unins,1,ch_dist,3,16
-0.00954112737898134,hispanic,0,ch_dist,3,16
-0.0115408862767406,hispanic,1,ch_dist,3,16
,overall,,ch_peri,3,16
-0.046880897877938,overall,,ch_teach,3,16
-0.0460413173617339,age,"(19.6,28.2]",ch_teach,3,16
-0.0513540316138989,age,"(28.2,36.8]",ch_teach,3,16
-0.047992183630346,age,"(36.8,45.4]",ch_teach,3,16
-0.0427621042783759,age,"(45.4,54]",ch_teach,3,16
-0.0357547419316901,age,"[11,19.6]",ch_teach,3,16
-0.046880897877938,ci_scorent,100,ch_teach,3,16
-0.046880897877938,obgyn_10kwra,100,ch_teach,3,16
-0.0570057359029579,nhblack,0,ch_teach,3,16
-0.0455563447024005,nhblack,1,ch_teach,3,16
-0.0791089548714535,mcaid_unins,0,ch_teach,3,16
-0.0291475187985837,mcaid_unins,1,ch_teach,3,16
-0.0511106751235116,hispanic,0,ch_teach,3,16
-0.019690365274191,hispanic,1,ch_teach,3,16
-0.0311983958484633,overall,,ch_csection,3,16
-0.0329027345839496,age,"(19.6,28.2]",ch_csection,3,16
-0.0289892354085522,age,"(28.2,36.8]",ch_csection,3,16
-0.0247970263814358,age,"(36.8,45.4]",ch_csection,3,16
-0.0172644788871421,age,"(45.4,54]",ch_csection,3,16
-0.032236194768361,age,"[11,19.6]",ch_csection,3,16
-0.0311983958484633,ci_scorent,100,ch_csection,3,16
-0.0311983958484633,obgyn_10kwra,100,ch_csection,3,16
-0.0382795997642661,nhblack,0,ch_csection,3,16
-0.03106683813031,nhblack,1,ch_csection,3,16
-0.040779246914421,mcaid_unins,0,ch_csection,3,16
-0.0259265650368929,mcaid_unins,1,ch_csection,3,16
-0.0338669388213108,hispanic,0,ch_csection,3,16
-0.0140440398398482,hispanic,1,ch_csection,3,16
