mean,group_var,bin,outcome,mkt,boot_rep
-0.0097945366446828,overall,,ch_dist,3,20
-0.00990058830001635,age,"(19.6,28.2]",ch_dist,3,20
-0.009652301556749,age,"(28.2,36.8]",ch_dist,3,20
-0.00985362337115463,age,"(36.8,45.4]",ch_dist,3,20
-0.00503053526105137,age,"(45.4,54]",ch_dist,3,20
-0.00960418227637239,age,"[11,19.6]",ch_dist,3,20
-0.0097945366446828,ci_scorent,100,ch_dist,3,20
-0.0097945366446828,obgyn_10kwra,100,ch_dist,3,20
-0.0114861097951374,nhblack,0,ch_dist,3,20
-0.0070716576916242,nhblack,1,ch_dist,3,20
-0.00901450562955204,mcaid_unins,0,ch_dist,3,20
-0.0102193380479448,mcaid_unins,1,ch_dist,3,20
-0.00952733824236125,hispanic,0,ch_dist,3,20
-0.0114688962752767,hispanic,1,ch_dist,3,20
,overall,,ch_peri,3,20
-0.0546911193286205,overall,,ch_teach,3,20
-0.051404620213601,age,"(19.6,28.2]",ch_teach,3,20
-0.0651395368282747,age,"(28.2,36.8]",ch_teach,3,20
-0.0665385897687544,age,"(36.8,45.4]",ch_teach,3,20
-0.0428944861234803,age,"(45.4,54]",ch_teach,3,20
-0.0312345176050977,age,"[11,19.6]",ch_teach,3,20
-0.0546911193286205,ci_scorent,100,ch_teach,3,20
-0.0546911193286205,obgyn_10kwra,100,ch_teach,3,20
-0.0732295113358734,nhblack,0,ch_teach,3,20
-0.0477303715013045,nhblack,1,ch_teach,3,20
-0.0976806592854351,mcaid_unins,0,ch_teach,3,20
-0.0312792080776519,mcaid_unins,1,ch_teach,3,20
-0.062017200762797,hispanic,0,ch_teach,3,20
-0.0087833036483945,hispanic,1,ch_teach,3,20
-0.033324882618322,overall,,ch_csection,3,20
-0.0347181337254788,age,"(19.6,28.2]",ch_csection,3,20
-0.0320746186401947,age,"(28.2,36.8]",ch_csection,3,20
-0.0272286741426701,age,"(36.8,45.4]",ch_csection,3,20
-0.0219593763369608,age,"(45.4,54]",ch_csection,3,20
-0.0328983998321088,age,"[11,19.6]",ch_csection,3,20
-0.033324882618322,ci_scorent,100,ch_csection,3,20
-0.033324882618322,obgyn_10kwra,100,ch_csection,3,20
-0.0442272025037365,nhblack,0,ch_csection,3,20
-0.0254258268714861,nhblack,1,ch_csection,3,20
-0.0449250593165814,mcaid_unins,0,ch_csection,3,20
-0.0270074782537249,mcaid_unins,1,ch_csection,3,20
-0.0357856226388372,hispanic,0,ch_csection,3,20
-0.0179050158977899,hispanic,1,ch_csection,3,20
