mean,group_var,bin,outcome,mkt,boot_rep
-0.00989469357685085,overall,,ch_dist,3,92
-0.00998844083839831,age,"(19.6,28.2]",ch_dist,3,92
-0.00967422374694617,age,"(28.2,36.8]",ch_dist,3,92
-0.0102572718776837,age,"(36.8,45.4]",ch_dist,3,92
-0.0078849244221561,age,"(45.4,54]",ch_dist,3,92
-0.00981987556641657,age,"[11,19.6]",ch_dist,3,92
-0.00989469357685085,ci_scorent,100,ch_dist,3,92
-0.00989469357685085,obgyn_10kwra,100,ch_dist,3,92
-0.0116439402911431,nhblack,0,ch_dist,3,92
-0.00719036356975831,nhblack,1,ch_dist,3,92
-0.00929575585352087,mcaid_unins,0,ch_dist,3,92
-0.0102262293968366,mcaid_unins,1,ch_dist,3,92
-0.00968321744878817,hispanic,0,ch_dist,3,92
-0.0112794418017534,hispanic,1,ch_dist,3,92
,overall,,ch_peri,3,92
-0.0495755362970515,overall,,ch_teach,3,92
-0.0491996573858374,age,"(19.6,28.2]",ch_teach,3,92
-0.0534833717439965,age,"(28.2,36.8]",ch_teach,3,92
-0.051090887543622,age,"(36.8,45.4]",ch_teach,3,92
-0.0253067548199333,age,"(45.4,54]",ch_teach,3,92
-0.0378910988909343,age,"[11,19.6]",ch_teach,3,92
-0.0495755362970515,ci_scorent,100,ch_teach,3,92
-0.0495755362970515,obgyn_10kwra,100,ch_teach,3,92
-0.0644229885512226,nhblack,0,ch_teach,3,92
-0.0433608430040131,nhblack,1,ch_teach,3,92
-0.0754150639962511,mcaid_unins,0,ch_teach,3,92
-0.0352723313558594,mcaid_unins,1,ch_teach,3,92
-0.0549958377679909,hispanic,0,ch_teach,3,92
-0.0140833372054577,hispanic,1,ch_teach,3,92
-0.0328071271517306,overall,,ch_csection,3,92
-0.0332125915118074,age,"(19.6,28.2]",ch_csection,3,92
-0.0333076724474497,age,"(28.2,36.8]",ch_csection,3,92
-0.0309822519607683,age,"(36.8,45.4]",ch_csection,3,92
-0.0186770627570621,age,"(45.4,54]",ch_csection,3,92
-0.0298494258856371,age,"[11,19.6]",ch_csection,3,92
-0.0328071271517306,ci_scorent,100,ch_csection,3,92
-0.0328071271517306,obgyn_10kwra,100,ch_csection,3,92
-0.0464014988848007,nhblack,0,ch_csection,3,92
-0.0211955767741776,nhblack,1,ch_csection,3,92
-0.0434781673159126,mcaid_unins,0,ch_csection,3,92
-0.0269002825615055,mcaid_unins,1,ch_csection,3,92
-0.0351876075774518,hispanic,0,ch_csection,3,92
-0.0172197127511998,hispanic,1,ch_csection,3,92
