mean,group_var,bin,outcome,mkt,boot_rep
-0.00981369906758003,overall,,ch_dist,3,108
-0.00983828829662594,age,"(19.6,28.2]",ch_dist,3,108
-0.00962590013484372,age,"(28.2,36.8]",ch_dist,3,108
-0.00995801575041357,age,"(36.8,45.4]",ch_dist,3,108
-0.00777603824639688,age,"(45.4,54]",ch_dist,3,108
-0.0101978442785029,age,"[11,19.6]",ch_dist,3,108
-0.00981369906758003,ci_scorent,100,ch_dist,3,108
-0.00981369906758003,obgyn_10kwra,100,ch_dist,3,108
-0.0114271724743941,nhblack,0,ch_dist,3,108
-0.00724258179557516,nhblack,1,ch_dist,3,108
-0.00919512264565185,mcaid_unins,0,ch_dist,3,108
-0.0101441067527802,mcaid_unins,1,ch_dist,3,108
-0.00958840419538736,hispanic,0,ch_dist,3,108
-0.0112781577537798,hispanic,1,ch_dist,3,108
,overall,,ch_peri,3,108
-0.0497923958390218,overall,,ch_teach,3,108
-0.0458933462516636,age,"(19.6,28.2]",ch_teach,3,108
-0.0607371817847116,age,"(28.2,36.8]",ch_teach,3,108
-0.0641903643883354,age,"(36.8,45.4]",ch_teach,3,108
-0.069992899592662,age,"(45.4,54]",ch_teach,3,108
-0.0284776335748454,age,"[11,19.6]",ch_teach,3,108
-0.0497923958390218,ci_scorent,100,ch_teach,3,108
-0.0497923958390218,obgyn_10kwra,100,ch_teach,3,108
-0.0663530838245799,nhblack,0,ch_teach,3,108
-0.0398681291413998,nhblack,1,ch_teach,3,108
-0.0801469565096396,mcaid_unins,0,ch_teach,3,108
-0.0335787482266777,mcaid_unins,1,ch_teach,3,108
-0.0550515954655077,hispanic,0,ch_teach,3,108
-0.015606617438884,hispanic,1,ch_teach,3,108
-0.0331030714976932,overall,,ch_csection,3,108
-0.0352596733524635,age,"(19.6,28.2]",ch_csection,3,108
-0.0305218392653462,age,"(28.2,36.8]",ch_csection,3,108
-0.0213652672690715,age,"(36.8,45.4]",ch_csection,3,108
-0.0123229779681279,age,"(45.4,54]",ch_csection,3,108
-0.0359073901204216,age,"[11,19.6]",ch_csection,3,108
-0.0331030714976932,ci_scorent,100,ch_csection,3,108
-0.0331030714976932,obgyn_10kwra,100,ch_csection,3,108
-0.0477645373090441,nhblack,0,ch_csection,3,108
-0.021046819344752,nhblack,1,ch_csection,3,108
-0.0465824969948038,mcaid_unins,0,ch_csection,3,108
-0.0259031433749137,mcaid_unins,1,ch_csection,3,108
-0.0354482454550163,hispanic,0,ch_csection,3,108
-0.0178590034058361,hispanic,1,ch_csection,3,108
