mean,group_var,bin,outcome,mkt,boot_rep
-0.00995764836700324,overall,,ch_dist,3,62
-0.0102061829273861,age,"(19.6,28.2]",ch_dist,3,62
-0.00951687437102841,age,"(28.2,36.8]",ch_dist,3,62
-0.010071168153139,age,"(36.8,45.4]",ch_dist,3,62
-0.00526744793160933,age,"(45.4,54]",ch_dist,3,62
-0.00984605003603854,age,"[11,19.6]",ch_dist,3,62
-0.00995764836700324,ci_scorent,100,ch_dist,3,62
-0.00995764836700324,obgyn_10kwra,100,ch_dist,3,62
-0.0117645953130074,nhblack,0,ch_dist,3,62
-0.00714111431605517,nhblack,1,ch_dist,3,62
-0.00926662363676694,mcaid_unins,0,ch_dist,3,62
-0.0103279211771222,mcaid_unins,1,ch_dist,3,62
-0.00969311721761853,hispanic,0,ch_dist,3,62
-0.0116093968613255,hispanic,1,ch_dist,3,62
,overall,,ch_peri,3,62
-0.0450518639365567,overall,,ch_teach,3,62
-0.0395451048133782,age,"(19.6,28.2]",ch_teach,3,62
-0.0593068595174606,age,"(28.2,36.8]",ch_teach,3,62
-0.0703753343785136,age,"(36.8,45.4]",ch_teach,3,62
-0.0745070777441356,age,"(45.4,54]",ch_teach,3,62
-0.0157625571923284,age,"[11,19.6]",ch_teach,3,62
-0.0450518639365567,ci_scorent,100,ch_teach,3,62
-0.0450518639365567,obgyn_10kwra,100,ch_teach,3,62
-0.0583984617519102,nhblack,0,ch_teach,3,62
-0.0421068024665587,nhblack,1,ch_teach,3,62
-0.0899916345217041,mcaid_unins,0,ch_teach,3,62
-0.0209717197498574,mcaid_unins,1,ch_teach,3,62
-0.0508607706339675,hispanic,0,ch_teach,3,62
-0.00878069922335002,hispanic,1,ch_teach,3,62
-0.0336937913666475,overall,,ch_csection,3,62
-0.0356805088339148,age,"(19.6,28.2]",ch_csection,3,62
-0.0318666171356629,age,"(28.2,36.8]",ch_csection,3,62
-0.0267327746955923,age,"(36.8,45.4]",ch_csection,3,62
-0.0236895938831852,age,"(45.4,54]",ch_csection,3,62
-0.0320935237787234,age,"[11,19.6]",ch_csection,3,62
-0.0336937913666475,ci_scorent,100,ch_csection,3,62
-0.0336937913666475,obgyn_10kwra,100,ch_csection,3,62
-0.0483212837783649,nhblack,0,ch_csection,3,62
-0.0221606560930133,nhblack,1,ch_csection,3,62
-0.0451071958083335,mcaid_unins,0,ch_csection,3,62
-0.0275781298704194,mcaid_unins,1,ch_csection,3,62
-0.0359240564900261,hispanic,0,ch_csection,3,62
-0.0197678810606272,hispanic,1,ch_csection,3,62
