mean,group_var,bin,outcome,mkt,boot_rep
-0.00990956303637606,overall,,ch_dist,3,50
-0.0100836454219402,age,"(19.6,28.2]",ch_dist,3,50
-0.00951561001305326,age,"(28.2,36.8]",ch_dist,3,50
-0.00992866999887911,age,"(36.8,45.4]",ch_dist,3,50
-0.00930290850573088,age,"(45.4,54]",ch_dist,3,50
-0.0101695887841409,age,"[11,19.6]",ch_dist,3,50
-0.00990956303637606,ci_scorent,100,ch_dist,3,50
-0.00990956303637606,obgyn_10kwra,100,ch_dist,3,50
-0.0116172511533128,nhblack,0,ch_dist,3,50
-0.00729590820645172,nhblack,1,ch_dist,3,50
-0.00914816055130327,mcaid_unins,0,ch_dist,3,50
-0.0103257362497297,mcaid_unins,1,ch_dist,3,50
-0.00970042097326297,hispanic,0,ch_dist,3,50
-0.0112291353771307,hispanic,1,ch_dist,3,50
,overall,,ch_peri,3,50
-0.0556559064294976,overall,,ch_teach,3,50
-0.0571468463784128,age,"(19.6,28.2]",ch_teach,3,50
-0.055567460121417,age,"(28.2,36.8]",ch_teach,3,50
-0.0523566064680985,age,"(36.8,45.4]",ch_teach,3,50
-0.0472812333076115,age,"(45.4,54]",ch_teach,3,50
-0.0486092690050373,age,"[11,19.6]",ch_teach,3,50
-0.0556559064294976,ci_scorent,100,ch_teach,3,50
-0.0556559064294976,obgyn_10kwra,100,ch_teach,3,50
-0.0693351167739172,nhblack,0,ch_teach,3,50
-0.0475472994515131,nhblack,1,ch_teach,3,50
-0.0826262694383932,mcaid_unins,0,ch_teach,3,50
-0.0409142384434089,mcaid_unins,1,ch_teach,3,50
-0.0587682152285784,hispanic,0,ch_teach,3,50
-0.0360189355302789,hispanic,1,ch_teach,3,50
-0.0362971531331171,overall,,ch_csection,3,50
-0.0396231425067035,age,"(19.6,28.2]",ch_csection,3,50
-0.0313323822102317,age,"(28.2,36.8]",ch_csection,3,50
-0.0209476480943117,age,"(36.8,45.4]",ch_csection,3,50
-0.0201648770778431,age,"(45.4,54]",ch_csection,3,50
-0.0422017327194153,age,"[11,19.6]",ch_csection,3,50
-0.0362971531331171,ci_scorent,100,ch_csection,3,50
-0.0362971531331171,obgyn_10kwra,100,ch_csection,3,50
-0.0490501979158508,nhblack,0,ch_csection,3,50
-0.0284867872647834,nhblack,1,ch_csection,3,50
-0.0458692241248427,mcaid_unins,0,ch_csection,3,50
-0.0310651771136343,mcaid_unins,1,ch_csection,3,50
-0.0391319591441983,hispanic,0,ch_csection,3,50
-0.0184110734610191,hispanic,1,ch_csection,3,50
