mean,group_var,bin,outcome,mkt,boot_rep
-0.00987601341705969,overall,,ch_dist,3,114
-0.00993361383660226,age,"(19.6,28.2]",ch_dist,3,114
-0.0097344465483661,age,"(28.2,36.8]",ch_dist,3,114
-0.010166022644133,age,"(36.8,45.4]",ch_dist,3,114
-0.0110684301449718,age,"(45.4,54]",ch_dist,3,114
-0.00978445381601729,age,"[11,19.6]",ch_dist,3,114
-0.00987601341705969,ci_scorent,100,ch_dist,3,114
-0.00987601341705969,obgyn_10kwra,100,ch_dist,3,114
-0.0116383198764933,nhblack,0,ch_dist,3,114
-0.00728180506564922,nhblack,1,ch_dist,3,114
-0.00928107282282555,mcaid_unins,0,ch_dist,3,114
-0.0102007136875282,mcaid_unins,1,ch_dist,3,114
-0.00970109756635317,hispanic,0,ch_dist,3,114
-0.0110160747530152,hispanic,1,ch_dist,3,114
,overall,,ch_peri,3,114
-0.0476550159404055,overall,,ch_teach,3,114
-0.0476922140185756,age,"(19.6,28.2]",ch_teach,3,114
-0.0514693324666251,age,"(28.2,36.8]",ch_teach,3,114
-0.0439589714883627,age,"(36.8,45.4]",ch_teach,3,114
-0.0605993318302892,age,"(45.4,54]",ch_teach,3,114
-0.0367777604912081,age,"[11,19.6]",ch_teach,3,114
-0.0476550159404055,ci_scorent,100,ch_teach,3,114
-0.0476550159404055,obgyn_10kwra,100,ch_teach,3,114
-0.0685527250853198,nhblack,0,ch_teach,3,114
-0.03761166671153,nhblack,1,ch_teach,3,114
-0.0768778188709831,mcaid_unins,0,ch_teach,3,114
-0.0317061092640633,mcaid_unins,1,ch_teach,3,114
-0.0536871267041043,hispanic,0,ch_teach,3,114
-0.00833910358531318,hispanic,1,ch_teach,3,114
-0.0334990586451977,overall,,ch_csection,3,114
-0.0334781613812542,age,"(19.6,28.2]",ch_csection,3,114
-0.0348146111177099,age,"(28.2,36.8]",ch_csection,3,114
-0.0330176466160787,age,"(36.8,45.4]",ch_csection,3,114
-0.0403126307145794,age,"(45.4,54]",ch_csection,3,114
-0.0294101078193451,age,"[11,19.6]",ch_csection,3,114
-0.0334990586451977,ci_scorent,100,ch_csection,3,114
-0.0334990586451977,obgyn_10kwra,100,ch_csection,3,114
-0.0466344833302902,nhblack,0,ch_csection,3,114
-0.0215554048036002,nhblack,1,ch_csection,3,114
-0.0470898811200597,mcaid_unins,0,ch_csection,3,114
-0.0260816059175711,mcaid_unins,1,ch_csection,3,114
-0.0357008721736124,hispanic,0,ch_csection,3,114
-0.0191481438333608,hispanic,1,ch_csection,3,114
