mean,group_var,bin,outcome,mkt,boot_rep
-0.0098918468580194,overall,,ch_dist,3,25
-0.0101489046804545,age,"(19.6,28.2]",ch_dist,3,25
-0.00952597652337198,age,"(28.2,36.8]",ch_dist,3,25
-0.00938240300402034,age,"(36.8,45.4]",ch_dist,3,25
-0.00630051345866587,age,"(45.4,54]",ch_dist,3,25
-0.00990607843737513,age,"[11,19.6]",ch_dist,3,25
-0.0098918468580194,ci_scorent,100,ch_dist,3,25
-0.0098918468580194,obgyn_10kwra,100,ch_dist,3,25
-0.0115046923187511,nhblack,0,ch_dist,3,25
-0.00737524463558231,nhblack,1,ch_dist,3,25
-0.00938738246229696,mcaid_unins,0,ch_dist,3,25
-0.0101672382934099,mcaid_unins,1,ch_dist,3,25
-0.00967350484684372,hispanic,0,ch_dist,3,25
-0.0112413282818383,hispanic,1,ch_dist,3,25
,overall,,ch_peri,3,25
-0.0469242371527406,overall,,ch_teach,3,25
-0.0469803892330747,age,"(19.6,28.2]",ch_teach,3,25
-0.0520212845448979,age,"(28.2,36.8]",ch_teach,3,25
-0.0482535235364454,age,"(36.8,45.4]",ch_teach,3,25
-0.0324633266211694,age,"(45.4,54]",ch_teach,3,25
-0.0280665333440671,age,"[11,19.6]",ch_teach,3,25
-0.0469242371527406,ci_scorent,100,ch_teach,3,25
-0.0469242371527406,obgyn_10kwra,100,ch_teach,3,25
-0.0590466900984555,nhblack,0,ch_teach,3,25
-0.0462377958731424,nhblack,1,ch_teach,3,25
-0.0880011646168044,mcaid_unins,0,ch_teach,3,25
-0.0244999905425083,mcaid_unins,1,ch_teach,3,25
-0.0520173817155449,hispanic,0,ch_teach,3,25
-0.0154456227563649,hispanic,1,ch_teach,3,25
-0.0339359805472475,overall,,ch_csection,3,25
-0.0394780370972032,age,"(19.6,28.2]",ch_csection,3,25
-0.0255823587173622,age,"(28.2,36.8]",ch_csection,3,25
-0.0114712299067969,age,"(36.8,45.4]",ch_csection,3,25
-0.00348713997216423,age,"(45.4,54]",ch_csection,3,25
-0.0435208729818391,age,"[11,19.6]",ch_csection,3,25
-0.0339359805472475,ci_scorent,100,ch_csection,3,25
-0.0339359805472475,obgyn_10kwra,100,ch_csection,3,25
-0.0429758230860078,nhblack,0,ch_csection,3,25
-0.0302670825872162,nhblack,1,ch_csection,3,25
-0.0467285031761744,mcaid_unins,0,ch_csection,3,25
-0.0269524328500883,mcaid_unins,1,ch_csection,3,25
-0.0368364667821123,hispanic,0,ch_csection,3,25
-0.0160092779721621,hispanic,1,ch_csection,3,25
