mean,group_var,bin,outcome,mkt,boot_rep
-0.00991628428596238,overall,,ch_dist,3,141
-0.00993834459679001,age,"(19.6,28.2]",ch_dist,3,141
-0.00978185972638357,age,"(28.2,36.8]",ch_dist,3,141
-0.0101301959344479,age,"(36.8,45.4]",ch_dist,3,141
-0.0076658596216332,age,"(45.4,54]",ch_dist,3,141
-0.0100991820863186,age,"[11,19.6]",ch_dist,3,141
-0.00991628428596238,ci_scorent,100,ch_dist,3,141
-0.00991628428596238,obgyn_10kwra,100,ch_dist,3,141
-0.0116696599510703,nhblack,0,ch_dist,3,141
-0.00708445828162744,nhblack,1,ch_dist,3,141
-0.00922681461201996,mcaid_unins,0,ch_dist,3,141
-0.0102869527224394,mcaid_unins,1,ch_dist,3,141
-0.00966985676798115,hispanic,0,ch_dist,3,141
-0.011494855548401,hispanic,1,ch_dist,3,141
,overall,,ch_peri,3,141
-0.0521739228682353,overall,,ch_teach,3,141
-0.0493943107857233,age,"(19.6,28.2]",ch_teach,3,141
-0.0603581295384102,age,"(28.2,36.8]",ch_teach,3,141
-0.0618302788442911,age,"(36.8,45.4]",ch_teach,3,141
-0.0534156225387031,age,"(45.4,54]",ch_teach,3,141
-0.0365311061607995,age,"[11,19.6]",ch_teach,3,141
-0.0521739228682353,ci_scorent,100,ch_teach,3,141
-0.0521739228682353,obgyn_10kwra,100,ch_teach,3,141
-0.0715309357267183,nhblack,0,ch_teach,3,141
-0.040903492268228,nhblack,1,ch_teach,3,141
-0.0910080588391185,mcaid_unins,0,ch_teach,3,141
-0.0312961540463593,mcaid_unins,1,ch_teach,3,141
-0.058106766963284,hispanic,0,ch_teach,3,141
-0.0141691688955661,hispanic,1,ch_teach,3,141
-0.0338871292764232,overall,,ch_csection,3,141
-0.0362378548910456,age,"(19.6,28.2]",ch_csection,3,141
-0.0308435741684927,age,"(28.2,36.8]",ch_csection,3,141
-0.0210240456718519,age,"(36.8,45.4]",ch_csection,3,141
-0.0155603522625532,age,"(45.4,54]",ch_csection,3,141
-0.0374043741989225,age,"[11,19.6]",ch_csection,3,141
-0.0338871292764232,ci_scorent,100,ch_csection,3,141
-0.0338871292764232,obgyn_10kwra,100,ch_csection,3,141
-0.0478214583685062,nhblack,0,ch_csection,3,141
-0.0232429083630529,nhblack,1,ch_csection,3,141
-0.0479315317159841,mcaid_unins,0,ch_csection,3,141
-0.026336664201202,mcaid_unins,1,ch_csection,3,141
-0.0363240865713139,hispanic,0,ch_csection,3,141
-0.0182764102097418,hispanic,1,ch_csection,3,141
