mean,group_var,bin,outcome,mkt,boot_rep
-0.00986733081195257,overall,,ch_dist,3,84
-0.00991106298265666,age,"(19.6,28.2]",ch_dist,3,84
-0.00965477442284652,age,"(28.2,36.8]",ch_dist,3,84
-0.0102595625798057,age,"(36.8,45.4]",ch_dist,3,84
-0.0120833853855959,age,"(45.4,54]",ch_dist,3,84
-0.010050350732662,age,"[11,19.6]",ch_dist,3,84
-0.00986733081195257,ci_scorent,100,ch_dist,3,84
-0.00986733081195257,obgyn_10kwra,100,ch_dist,3,84
-0.0115802966952324,nhblack,0,ch_dist,3,84
-0.00723766705320998,nhblack,1,ch_dist,3,84
-0.00916418283960056,mcaid_unins,0,ch_dist,3,84
-0.0102586157562327,mcaid_unins,1,ch_dist,3,84
-0.00962830925804216,hispanic,0,ch_dist,3,84
-0.0113905125368719,hispanic,1,ch_dist,3,84
,overall,,ch_peri,3,84
-0.05238171795874,overall,,ch_teach,3,84
-0.0515156377791283,age,"(19.6,28.2]",ch_teach,3,84
-0.0577317025524774,age,"(28.2,36.8]",ch_teach,3,84
-0.0488917239681774,age,"(36.8,45.4]",ch_teach,3,84
-0.106187573403059,age,"(45.4,54]",ch_teach,3,84
-0.0418217563334212,age,"[11,19.6]",ch_teach,3,84
-0.05238171795874,ci_scorent,100,ch_teach,3,84
-0.05238171795874,obgyn_10kwra,100,ch_teach,3,84
-0.0702448688178989,nhblack,0,ch_teach,3,84
-0.0496399727713646,nhblack,1,ch_teach,3,84
-0.0886560206694175,mcaid_unins,0,ch_teach,3,84
-0.0321959404651773,mcaid_unins,1,ch_teach,3,84
-0.0601804943084821,hispanic,0,ch_teach,3,84
-0.0026834651513264,hispanic,1,ch_teach,3,84
-0.0333026639299726,overall,,ch_csection,3,84
-0.0355102138110053,age,"(19.6,28.2]",ch_csection,3,84
-0.0304955810862488,age,"(28.2,36.8]",ch_csection,3,84
-0.0201147336881476,age,"(36.8,45.4]",ch_csection,3,84
-0.020309715329594,age,"(45.4,54]",ch_csection,3,84
-0.0373609069521522,age,"[11,19.6]",ch_csection,3,84
-0.0333026639299726,ci_scorent,100,ch_csection,3,84
-0.0333026639299726,obgyn_10kwra,100,ch_csection,3,84
-0.0474735173216654,nhblack,0,ch_csection,3,84
-0.0278746468919741,nhblack,1,ch_csection,3,84
-0.045137617938765,mcaid_unins,0,ch_csection,3,84
-0.0267167965137614,mcaid_unins,1,ch_csection,3,84
-0.0380740833649157,hispanic,0,ch_csection,3,84
-0.00289645676442741,hispanic,1,ch_csection,3,84
