mean,group_var,bin,outcome,mkt,boot_rep
-0.0098201475742872,overall,,ch_dist,3,58
-0.00992151955124508,age,"(19.6,28.2]",ch_dist,3,58
-0.0095479345352939,age,"(28.2,36.8]",ch_dist,3,58
-0.0105560775139893,age,"(36.8,45.4]",ch_dist,3,58
-0.0123348688821988,age,"(45.4,54]",ch_dist,3,58
-0.00962404863572569,age,"[11,19.6]",ch_dist,3,58
-0.0098201475742872,ci_scorent,100,ch_dist,3,58
-0.0098201475742872,obgyn_10kwra,100,ch_dist,3,58
-0.0116205239798481,nhblack,0,ch_dist,3,58
-0.00711805080272591,nhblack,1,ch_dist,3,58
-0.00920527368124327,mcaid_unins,0,ch_dist,3,58
-0.0101580179601652,mcaid_unins,1,ch_dist,3,58
-0.00958305746210417,hispanic,0,ch_dist,3,58
-0.0113466782152289,hispanic,1,ch_dist,3,58
,overall,,ch_peri,3,58
-0.0483651312732405,overall,,ch_teach,3,58
-0.0494105072855958,age,"(19.6,28.2]",ch_teach,3,58
-0.048644578282252,age,"(28.2,36.8]",ch_teach,3,58
-0.0450445028988809,age,"(36.8,45.4]",ch_teach,3,58
-0.0194481709267223,age,"(45.4,54]",ch_teach,3,58
-0.0427297002273635,age,"[11,19.6]",ch_teach,3,58
-0.0483651312732405,ci_scorent,100,ch_teach,3,58
-0.0483651312732405,obgyn_10kwra,100,ch_teach,3,58
-0.0509663063065961,nhblack,0,ch_teach,3,58
-0.0539097007739478,nhblack,1,ch_teach,3,58
-0.0721898042588729,mcaid_unins,0,ch_teach,3,58
-0.0352735826709359,mcaid_unins,1,ch_teach,3,58
-0.0513493157896598,hispanic,0,ch_teach,3,58
-0.029151132593189,hispanic,1,ch_teach,3,58
-0.0325618774117145,overall,,ch_csection,3,58
-0.0347792468840213,age,"(19.6,28.2]",ch_csection,3,58
-0.0300549748422239,age,"(28.2,36.8]",ch_csection,3,58
-0.0216619311274078,age,"(36.8,45.4]",ch_csection,3,58
-0.0215673836719465,age,"(45.4,54]",ch_csection,3,58
-0.0343367263881527,age,"[11,19.6]",ch_csection,3,58
-0.0325618774117145,ci_scorent,100,ch_csection,3,58
-0.0325618774117145,obgyn_10kwra,100,ch_csection,3,58
-0.0451233144960471,nhblack,0,ch_csection,3,58
-0.0248926529763346,nhblack,1,ch_csection,3,58
-0.0471184487245672,mcaid_unins,0,ch_csection,3,58
-0.0245631081971257,mcaid_unins,1,ch_csection,3,58
-0.0356618477252778,hispanic,0,ch_csection,3,58
-0.0126023792019748,hispanic,1,ch_csection,3,58
