mean,group_var,bin,outcome,mkt,boot_rep
-0.00991016981884895,overall,,ch_dist,3,52
-0.0100257890072004,age,"(19.6,28.2]",ch_dist,3,52
-0.00963790759366785,age,"(28.2,36.8]",ch_dist,3,52
-0.010011301130441,age,"(36.8,45.4]",ch_dist,3,52
-0.0105517544167506,age,"(45.4,54]",ch_dist,3,52
-0.010049848183269,age,"[11,19.6]",ch_dist,3,52
-0.00991016981884895,ci_scorent,100,ch_dist,3,52
-0.00991016981884895,obgyn_10kwra,100,ch_dist,3,52
-0.0115863283546113,nhblack,0,ch_dist,3,52
-0.00731097280866343,nhblack,1,ch_dist,3,52
-0.00899200527718845,mcaid_unins,0,ch_dist,3,52
-0.0104146153909899,mcaid_unins,1,ch_dist,3,52
-0.00967253747623288,hispanic,0,ch_dist,3,52
-0.011490225966061,hispanic,1,ch_dist,3,52
,overall,,ch_peri,3,52
-0.0504837335639059,overall,,ch_teach,3,52
-0.0443924630648491,age,"(19.6,28.2]",ch_teach,3,52
-0.0657273764172201,age,"(28.2,36.8]",ch_teach,3,52
-0.0754746852546092,age,"(36.8,45.4]",ch_teach,3,52
-0.136096431366581,age,"(45.4,54]",ch_teach,3,52
-0.0208472469097543,age,"[11,19.6]",ch_teach,3,52
-0.0504837335639059,ci_scorent,100,ch_teach,3,52
-0.0504837335639059,obgyn_10kwra,100,ch_teach,3,52
-0.0720173942538458,nhblack,0,ch_teach,3,52
-0.0450300381921283,nhblack,1,ch_teach,3,52
-0.0879852622910054,mcaid_unins,0,ch_teach,3,52
-0.0298801497218552,mcaid_unins,1,ch_teach,3,52
-0.0593586350654226,hispanic,0,ch_teach,3,52
0.00852693189937551,hispanic,1,ch_teach,3,52
-0.0309905869466951,overall,,ch_csection,3,52
-0.0334130061529014,age,"(19.6,28.2]",ch_csection,3,52
-0.0279141811097672,age,"(28.2,36.8]",ch_csection,3,52
-0.0192364749349829,age,"(36.8,45.4]",ch_csection,3,52
-0.0252476891488693,age,"(45.4,54]",ch_csection,3,52
-0.0334064172270857,age,"[11,19.6]",ch_csection,3,52
-0.0309905869466951,ci_scorent,100,ch_csection,3,52
-0.0309905869466951,obgyn_10kwra,100,ch_csection,3,52
-0.0434801422509072,nhblack,0,ch_csection,3,52
-0.023139285246716,nhblack,1,ch_csection,3,52
-0.042713947774522,mcaid_unins,0,ch_csection,3,52
-0.024549696243693,mcaid_unins,1,ch_csection,3,52
-0.0340605136741459,hispanic,0,ch_csection,3,52
-0.0105781441630293,hispanic,1,ch_csection,3,52
