mean,group_var,bin,outcome,mkt,boot_rep
-0.00986730231341905,overall,,ch_dist,3,125
-0.00997171669399903,age,"(19.6,28.2]",ch_dist,3,125
-0.00964648483852497,age,"(28.2,36.8]",ch_dist,3,125
-0.0101280392837274,age,"(36.8,45.4]",ch_dist,3,125
-0.00795536073160712,age,"(45.4,54]",ch_dist,3,125
-0.00979881453611587,age,"[11,19.6]",ch_dist,3,125
-0.00986730231341905,ci_scorent,100,ch_dist,3,125
-0.00986730231341905,obgyn_10kwra,100,ch_dist,3,125
-0.0115862878780136,nhblack,0,ch_dist,3,125
-0.00716826240163956,nhblack,1,ch_dist,3,125
-0.00921273835877152,mcaid_unins,0,ch_dist,3,125
-0.0102272317528656,mcaid_unins,1,ch_dist,3,125
-0.00960713958648634,hispanic,0,ch_dist,3,125
-0.0115223983286987,hispanic,1,ch_dist,3,125
,overall,,ch_peri,3,125
-0.0447806168939969,overall,,ch_teach,3,125
-0.0432041080855437,age,"(19.6,28.2]",ch_teach,3,125
-0.0514130116433656,age,"(28.2,36.8]",ch_teach,3,125
-0.0508491614509961,age,"(36.8,45.4]",ch_teach,3,125
-0.0539742839477681,age,"(45.4,54]",ch_teach,3,125
-0.0284439528037931,age,"[11,19.6]",ch_teach,3,125
-0.0447806168939969,ci_scorent,100,ch_teach,3,125
-0.0447806168939969,obgyn_10kwra,100,ch_teach,3,125
-0.0547750697785314,nhblack,0,ch_teach,3,125
-0.051367732333202,nhblack,1,ch_teach,3,125
-0.0781779232710134,mcaid_unins,0,ch_teach,3,125
-0.0264162176967059,mcaid_unins,1,ch_teach,3,125
-0.0522540065904653,hispanic,0,ch_teach,3,125
0.0027633862500679,hispanic,1,ch_teach,3,125
-0.0308164141119531,overall,,ch_csection,3,125
-0.0310162292150038,age,"(19.6,28.2]",ch_csection,3,125
-0.0317590478248835,age,"(28.2,36.8]",ch_csection,3,125
-0.0306155111381382,age,"(36.8,45.4]",ch_csection,3,125
-0.0325110823025305,age,"(45.4,54]",ch_csection,3,125
-0.0265539616314279,age,"[11,19.6]",ch_csection,3,125
-0.0308164141119531,ci_scorent,100,ch_csection,3,125
-0.0308164141119531,obgyn_10kwra,100,ch_csection,3,125
-0.0395282146147865,nhblack,0,ch_csection,3,125
-0.0273979768334826,nhblack,1,ch_csection,3,125
-0.0445131751701192,mcaid_unins,0,ch_csection,3,125
-0.0232848849238634,mcaid_unins,1,ch_csection,3,125
-0.0337478815800339,hispanic,0,ch_csection,3,125
-0.012167085737571,hispanic,1,ch_csection,3,125
