mean,group_var,bin,outcome,mkt,boot_rep
-0.00973432589350733,overall,,ch_dist,3,43
-0.00983561721051823,age,"(19.6,28.2]",ch_dist,3,43
-0.00951848473414762,age,"(28.2,36.8]",ch_dist,3,43
-0.0100961898489046,age,"(36.8,45.4]",ch_dist,3,43
-0.00597360613231327,age,"(45.4,54]",ch_dist,3,43
-0.0096295278779215,age,"[11,19.6]",ch_dist,3,43
-0.00973432589350733,ci_scorent,100,ch_dist,3,43
-0.00973432589350733,obgyn_10kwra,100,ch_dist,3,43
-0.0114819841871527,nhblack,0,ch_dist,3,43
-0.00711548078617289,nhblack,1,ch_dist,3,43
-0.0090373511233998,mcaid_unins,0,ch_dist,3,43
-0.0101214801704032,mcaid_unins,1,ch_dist,3,43
-0.00952546735084349,hispanic,0,ch_dist,3,43
-0.0110759412368004,hispanic,1,ch_dist,3,43
,overall,,ch_peri,3,43
-0.0499438708529827,overall,,ch_teach,3,43
-0.0495730654144934,age,"(19.6,28.2]",ch_teach,3,43
-0.055124044555674,age,"(28.2,36.8]",ch_teach,3,43
-0.0533656564659888,age,"(36.8,45.4]",ch_teach,3,43
-0.045216413834463,age,"(45.4,54]",ch_teach,3,43
-0.0322231170640181,age,"[11,19.6]",ch_teach,3,43
-0.0499438708529827,ci_scorent,100,ch_teach,3,43
-0.0499438708529827,obgyn_10kwra,100,ch_teach,3,43
-0.0635212925135475,nhblack,0,ch_teach,3,43
-0.0497803513496697,nhblack,1,ch_teach,3,43
-0.0888105142945012,mcaid_unins,0,ch_teach,3,43
-0.0283542984863268,mcaid_unins,1,ch_teach,3,43
-0.0568494654995916,hispanic,0,ch_teach,3,43
-0.00558537052884627,hispanic,1,ch_teach,3,43
-0.0277283265735967,overall,,ch_csection,3,43
-0.0312626115084271,age,"(19.6,28.2]",ch_csection,3,43
-0.0234269501307697,age,"(28.2,36.8]",ch_csection,3,43
-0.0120992439053548,age,"(36.8,45.4]",ch_csection,3,43
-0.00558442524881771,age,"(45.4,54]",ch_csection,3,43
-0.0307912289664305,age,"[11,19.6]",ch_csection,3,43
-0.0277283265735967,ci_scorent,100,ch_csection,3,43
-0.0277283265735967,obgyn_10kwra,100,ch_csection,3,43
-0.0407544217539392,nhblack,0,ch_csection,3,43
-0.0209425650769986,nhblack,1,ch_csection,3,43
-0.0439856074769155,mcaid_unins,0,ch_csection,3,43
-0.0186977617635591,mcaid_unins,1,ch_csection,3,43
-0.0310365302740428,hispanic,0,ch_csection,3,43
-0.00647788219794659,hispanic,1,ch_csection,3,43
