mean,group_var,bin,outcome,mkt,boot_rep
-0.00989947927176896,overall,,ch_dist,3,28
-0.0100143319677817,age,"(19.6,28.2]",ch_dist,3,28
-0.00964184210241349,age,"(28.2,36.8]",ch_dist,3,28
-0.00997045374416658,age,"(36.8,45.4]",ch_dist,3,28
-0.00812705800189228,age,"(45.4,54]",ch_dist,3,28
-0.0100189244259702,age,"[11,19.6]",ch_dist,3,28
-0.00989947927176896,ci_scorent,100,ch_dist,3,28
-0.00989947927176896,obgyn_10kwra,100,ch_dist,3,28
-0.0116393867873337,nhblack,0,ch_dist,3,28
-0.00729773264264551,nhblack,1,ch_dist,3,28
-0.00920656684707555,mcaid_unins,0,ch_dist,3,28
-0.0102820174288741,mcaid_unins,1,ch_dist,3,28
-0.00968797714932184,hispanic,0,ch_dist,3,28
-0.0112645580427875,hispanic,1,ch_dist,3,28
,overall,,ch_peri,3,28
-0.0463746202737507,overall,,ch_teach,3,28
-0.043701032252219,age,"(19.6,28.2]",ch_teach,3,28
-0.0551082698467647,age,"(28.2,36.8]",ch_teach,3,28
-0.0544453931972523,age,"(36.8,45.4]",ch_teach,3,28
-0.0576127057257352,age,"(45.4,54]",ch_teach,3,28
-0.0284718856114512,age,"[11,19.6]",ch_teach,3,28
-0.0463746202737507,ci_scorent,100,ch_teach,3,28
-0.0463746202737507,obgyn_10kwra,100,ch_teach,3,28
-0.0637200002106051,nhblack,0,ch_teach,3,28
-0.0382881273651932,nhblack,1,ch_teach,3,28
-0.0865256794080989,mcaid_unins,0,ch_teach,3,28
-0.0242083094677811,mcaid_unins,1,ch_teach,3,28
-0.051849999030217,hispanic,0,ch_teach,3,28
-0.0110353848218375,hispanic,1,ch_teach,3,28
-0.0312669567471615,overall,,ch_csection,3,28
-0.0317778378802345,age,"(19.6,28.2]",ch_csection,3,28
-0.0319534463842487,age,"(28.2,36.8]",ch_csection,3,28
-0.0278022535089527,age,"(36.8,45.4]",ch_csection,3,28
-0.0286728119242487,age,"(45.4,54]",ch_csection,3,28
-0.0280472531198661,age,"[11,19.6]",ch_csection,3,28
-0.0312669567471615,ci_scorent,100,ch_csection,3,28
-0.0312669567471615,obgyn_10kwra,100,ch_csection,3,28
-0.0463483347582857,nhblack,0,ch_csection,3,28
-0.0203250945781006,nhblack,1,ch_csection,3,28
-0.0465640220831693,mcaid_unins,0,ch_csection,3,28
-0.0228218618488528,mcaid_unins,1,ch_csection,3,28
-0.0343886251417621,hispanic,0,ch_csection,3,28
-0.011119058436144,hispanic,1,ch_csection,3,28
