mean,group_var,bin,outcome,mkt,boot_rep
-0.00973739918365946,overall,,ch_dist,3,55
-0.00988271449040845,age,"(19.6,28.2]",ch_dist,3,55
-0.00938824392070336,age,"(28.2,36.8]",ch_dist,3,55
-0.00989808217812969,age,"(36.8,45.4]",ch_dist,3,55
-0.00502000442058313,age,"(45.4,54]",ch_dist,3,55
-0.00991515082034155,age,"[11,19.6]",ch_dist,3,55
-0.00973739918365946,ci_scorent,100,ch_dist,3,55
-0.00973739918365946,obgyn_10kwra,100,ch_dist,3,55
-0.0112853479622114,nhblack,0,ch_dist,3,55
-0.00721375977240228,nhblack,1,ch_dist,3,55
-0.00864567217906022,mcaid_unins,0,ch_dist,3,55
-0.0103318724284996,mcaid_unins,1,ch_dist,3,55
-0.00948474094782294,hispanic,0,ch_dist,3,55
-0.0113472036749171,hispanic,1,ch_dist,3,55
,overall,,ch_peri,3,55
-0.0458423349684716,overall,,ch_teach,3,55
-0.0420703222241191,age,"(19.6,28.2]",ch_teach,3,55
-0.0560073335568161,age,"(28.2,36.8]",ch_teach,3,55
-0.0632953046560809,age,"(36.8,45.4]",ch_teach,3,55
-0.0452890935289654,age,"(45.4,54]",ch_teach,3,55
-0.0240927010219881,age,"[11,19.6]",ch_teach,3,55
-0.0458423349684716,ci_scorent,100,ch_teach,3,55
-0.0458423349684716,obgyn_10kwra,100,ch_teach,3,55
-0.0574181356385518,nhblack,0,ch_teach,3,55
-0.0442935253709072,nhblack,1,ch_teach,3,55
-0.0805483862773827,mcaid_unins,0,ch_teach,3,55
-0.0269440033798237,mcaid_unins,1,ch_teach,3,55
-0.0506413737260216,hispanic,0,ch_teach,3,55
-0.0152654011905356,hispanic,1,ch_teach,3,55
-0.0295969112598523,overall,,ch_csection,3,55
-0.0317116751434734,age,"(19.6,28.2]",ch_csection,3,55
-0.026590860965163,age,"(28.2,36.8]",ch_csection,3,55
-0.0201755070354738,age,"(36.8,45.4]",ch_csection,3,55
-0.0107065472810659,age,"(45.4,54]",ch_csection,3,55
-0.0326218532968044,age,"[11,19.6]",ch_csection,3,55
-0.0295969112598523,ci_scorent,100,ch_csection,3,55
-0.0295969112598523,obgyn_10kwra,100,ch_csection,3,55
-0.0397621926548017,nhblack,0,ch_csection,3,55
-0.0241684313439379,nhblack,1,ch_csection,3,55
-0.0381972416495356,mcaid_unins,0,ch_csection,3,55
-0.0249138116462,mcaid_unins,1,ch_csection,3,55
-0.0319915873753573,hispanic,0,ch_csection,3,55
-0.0143393030798382,hispanic,1,ch_csection,3,55
