mean,group_var,bin,outcome,mkt,boot_rep
-0.0100592504031783,overall,,ch_dist,3,56
-0.0101896764873841,age,"(19.6,28.2]",ch_dist,3,56
-0.00972200624491561,age,"(28.2,36.8]",ch_dist,3,56
-0.0104967943782226,age,"(36.8,45.4]",ch_dist,3,56
-0.0078820499923504,age,"(45.4,54]",ch_dist,3,56
-0.0100915242746428,age,"[11,19.6]",ch_dist,3,56
-0.0100592504031783,ci_scorent,100,ch_dist,3,56
-0.0100592504031783,obgyn_10kwra,100,ch_dist,3,56
-0.0116872691710902,nhblack,0,ch_dist,3,56
-0.0074119348229945,nhblack,1,ch_dist,3,56
-0.00924696752000546,mcaid_unins,0,ch_dist,3,56
-0.0105038769586584,mcaid_unins,1,ch_dist,3,56
-0.00981931517613442,hispanic,0,ch_dist,3,56
-0.0115776738834023,hispanic,1,ch_dist,3,56
,overall,,ch_peri,3,56
-0.0480018338190249,overall,,ch_teach,3,56
-0.0455257134810538,age,"(19.6,28.2]",ch_teach,3,56
-0.0566393433035399,age,"(28.2,36.8]",ch_teach,3,56
-0.0525428802856633,age,"(36.8,45.4]",ch_teach,3,56
-0.0692661090075598,age,"(45.4,54]",ch_teach,3,56
-0.0314203759081,age,"[11,19.6]",ch_teach,3,56
-0.0480018338190249,ci_scorent,100,ch_teach,3,56
-0.0480018338190249,obgyn_10kwra,100,ch_teach,3,56
-0.065475581456417,nhblack,0,ch_teach,3,56
-0.0478418980095728,nhblack,1,ch_teach,3,56
-0.084015907849919,mcaid_unins,0,ch_teach,3,56
-0.0282884876229131,mcaid_unins,1,ch_teach,3,56
-0.0575463287775679,hispanic,0,ch_teach,3,56
0.0124002398176318,hispanic,1,ch_teach,3,56
-0.0367079778364412,overall,,ch_csection,3,56
-0.0365060668086712,age,"(19.6,28.2]",ch_csection,3,56
-0.0382411267179919,age,"(28.2,36.8]",ch_csection,3,56
-0.0381152805595191,age,"(36.8,45.4]",ch_csection,3,56
-0.0406476813136926,age,"(45.4,54]",ch_csection,3,56
-0.0318761891364882,age,"[11,19.6]",ch_csection,3,56
-0.0367079778364412,ci_scorent,100,ch_csection,3,56
-0.0367079778364412,obgyn_10kwra,100,ch_csection,3,56
-0.0499120723675776,nhblack,0,ch_csection,3,56
-0.0291668211433122,nhblack,1,ch_csection,3,56
-0.0485092503811599,mcaid_unins,0,ch_csection,3,56
-0.0302482096072444,mcaid_unins,1,ch_csection,3,56
-0.0402181721029902,hispanic,0,ch_csection,3,56
-0.0144938100373071,hispanic,1,ch_csection,3,56
