mean,group_var,bin,outcome,mkt,boot_rep
-0.00988629249467261,overall,,ch_dist,3,93
-0.00990191615593697,age,"(19.6,28.2]",ch_dist,3,93
-0.00979872269792567,age,"(28.2,36.8]",ch_dist,3,93
-0.00997180133096493,age,"(36.8,45.4]",ch_dist,3,93
-0.00332659752644771,age,"(45.4,54]",ch_dist,3,93
-0.0100286544322206,age,"[11,19.6]",ch_dist,3,93
-0.00988629249467261,ci_scorent,100,ch_dist,3,93
-0.00988629249467261,obgyn_10kwra,100,ch_dist,3,93
-0.0116261762900463,nhblack,0,ch_dist,3,93
-0.00722107925297217,nhblack,1,ch_dist,3,93
-0.00932999363615447,mcaid_unins,0,ch_dist,3,93
-0.010187791791612,mcaid_unins,1,ch_dist,3,93
-0.00966027502151577,hispanic,0,ch_dist,3,93
-0.0113263869522152,hispanic,1,ch_dist,3,93
,overall,,ch_peri,3,93
-0.0450497125773244,overall,,ch_teach,3,93
-0.0431823093128907,age,"(19.6,28.2]",ch_teach,3,93
-0.0524212711426142,age,"(28.2,36.8]",ch_teach,3,93
-0.0459089912698367,age,"(36.8,45.4]",ch_teach,3,93
-0.0118844811089472,age,"(45.4,54]",ch_teach,3,93
-0.0318565449818878,age,"[11,19.6]",ch_teach,3,93
-0.0450497125773244,ci_scorent,100,ch_teach,3,93
-0.0450497125773244,obgyn_10kwra,100,ch_teach,3,93
-0.0653948022739345,nhblack,0,ch_teach,3,93
-0.0440576251905942,nhblack,1,ch_teach,3,93
-0.0811977574347809,mcaid_unins,0,ch_teach,3,93
-0.0254584264487014,mcaid_unins,1,ch_teach,3,93
-0.0561342843879071,hispanic,0,ch_teach,3,93
0.025576819989811,hispanic,1,ch_teach,3,93
-0.0329606564386808,overall,,ch_csection,3,93
-0.0327990495677129,age,"(19.6,28.2]",ch_csection,3,93
-0.0347086365751412,age,"(28.2,36.8]",ch_csection,3,93
-0.0299927764509939,age,"(36.8,45.4]",ch_csection,3,93
-0.00296340536321971,age,"(45.4,54]",ch_csection,3,93
-0.0300489045159642,age,"[11,19.6]",ch_csection,3,93
-0.0329606564386808,ci_scorent,100,ch_csection,3,93
-0.0329606564386808,obgyn_10kwra,100,ch_csection,3,93
-0.0469971592783332,nhblack,0,ch_csection,3,93
-0.0225989266344731,nhblack,1,ch_csection,3,93
-0.0488629181830941,mcaid_unins,0,ch_csection,3,93
-0.0243420503382518,mcaid_unins,1,ch_csection,3,93
-0.0359489835623268,hispanic,0,ch_csection,3,93
-0.0139202111669984,hispanic,1,ch_csection,3,93
