mean,group_var,bin,outcome,mkt,boot_rep
-0.00994148895775508,overall,,ch_dist,3,64
-0.0100212554163915,age,"(19.6,28.2]",ch_dist,3,64
-0.00976529664935265,age,"(28.2,36.8]",ch_dist,3,64
-0.010140871065376,age,"(36.8,45.4]",ch_dist,3,64
-0.00285972796860175,age,"(45.4,54]",ch_dist,3,64
-0.00991423466950995,age,"[11,19.6]",ch_dist,3,64
-0.00994148895775508,ci_scorent,100,ch_dist,3,64
-0.00994148895775508,obgyn_10kwra,100,ch_dist,3,64
-0.0116662478932857,nhblack,0,ch_dist,3,64
-0.00719308856823196,nhblack,1,ch_dist,3,64
-0.00935730060894079,mcaid_unins,0,ch_dist,3,64
-0.0102550603170102,mcaid_unins,1,ch_dist,3,64
-0.0096967335424767,hispanic,0,ch_dist,3,64
-0.0114649288918334,hispanic,1,ch_dist,3,64
,overall,,ch_peri,3,64
-0.0409620491444346,overall,,ch_teach,3,64
-0.0409203888816254,age,"(19.6,28.2]",ch_teach,3,64
-0.0455529821227616,age,"(28.2,36.8]",ch_teach,3,64
-0.0370584419789127,age,"(36.8,45.4]",ch_teach,3,64
-0.0131842378636005,age,"(45.4,54]",ch_teach,3,64
-0.0283297128781363,age,"[11,19.6]",ch_teach,3,64
-0.0409620491444346,ci_scorent,100,ch_teach,3,64
-0.0409620491444346,obgyn_10kwra,100,ch_teach,3,64
-0.0510144684279646,nhblack,0,ch_teach,3,64
-0.0413864225462057,nhblack,1,ch_teach,3,64
-0.0776115243825144,mcaid_unins,0,ch_teach,3,64
-0.0212899249233381,mcaid_unins,1,ch_teach,3,64
-0.0466609807824039,hispanic,0,ch_teach,3,64
-0.00548998398505696,hispanic,1,ch_teach,3,64
-0.0357418934753359,overall,,ch_csection,3,64
-0.0387608402445054,age,"(19.6,28.2]",ch_csection,3,64
-0.0314803701337547,age,"(28.2,36.8]",ch_csection,3,64
-0.0214460633156516,age,"(36.8,45.4]",ch_csection,3,64
-0.00434906161671581,age,"(45.4,54]",ch_csection,3,64
-0.0404061107507528,age,"[11,19.6]",ch_csection,3,64
-0.0357418934753359,ci_scorent,100,ch_csection,3,64
-0.0357418934753359,obgyn_10kwra,100,ch_csection,3,64
-0.0489010184900378,nhblack,0,ch_csection,3,64
-0.0291802973785009,nhblack,1,ch_csection,3,64
-0.0422592158044803,mcaid_unins,0,ch_csection,3,64
-0.032243628531159,mcaid_unins,1,ch_csection,3,64
-0.0393392555471116,hispanic,0,ch_csection,3,64
-0.0133507033509062,hispanic,1,ch_csection,3,64
