mean,group_var,bin,outcome,mkt,boot_rep
-0.00989669120702268,overall,,ch_dist,3,17
-0.0100096892889416,age,"(19.6,28.2]",ch_dist,3,17
-0.00978088583949193,age,"(28.2,36.8]",ch_dist,3,17
-0.00965870699471911,age,"(36.8,45.4]",ch_dist,3,17
-0.00848969433777971,age,"(45.4,54]",ch_dist,3,17
-0.00971335570504489,age,"[11,19.6]",ch_dist,3,17
-0.00989669120702268,ci_scorent,100,ch_dist,3,17
-0.00989669120702268,obgyn_10kwra,100,ch_dist,3,17
-0.0115966835262451,nhblack,0,ch_dist,3,17
-0.00729292554682945,nhblack,1,ch_dist,3,17
-0.00934743463037426,mcaid_unins,0,ch_dist,3,17
-0.0101995554774785,mcaid_unins,1,ch_dist,3,17
-0.00965856208162673,hispanic,0,ch_dist,3,17
-0.0114721664845855,hispanic,1,ch_dist,3,17
,overall,,ch_peri,3,17
-0.0487569056369186,overall,,ch_teach,3,17
-0.0478833394378088,age,"(19.6,28.2]",ch_teach,3,17
-0.0532549116699405,age,"(28.2,36.8]",ch_teach,3,17
-0.052121978056268,age,"(36.8,45.4]",ch_teach,3,17
-0.0484041057126927,age,"(45.4,54]",ch_teach,3,17
-0.0365854654253579,age,"[11,19.6]",ch_teach,3,17
-0.0487569056369186,ci_scorent,100,ch_teach,3,17
-0.0487569056369186,obgyn_10kwra,100,ch_teach,3,17
-0.0646179491725301,nhblack,0,ch_teach,3,17
-0.041084502190196,nhblack,1,ch_teach,3,17
-0.0722754421563311,mcaid_unins,0,ch_teach,3,17
-0.035788605013912,mcaid_unins,1,ch_teach,3,17
-0.0528843901737327,hispanic,0,ch_teach,3,17
-0.0214492428910823,hispanic,1,ch_teach,3,17
-0.0338210522915301,overall,,ch_csection,3,17
-0.0348029488169897,age,"(19.6,28.2]",ch_csection,3,17
-0.0336122633662927,age,"(28.2,36.8]",ch_csection,3,17
-0.0274799516878263,age,"(36.8,45.4]",ch_csection,3,17
-0.0248400340352939,age,"(45.4,54]",ch_csection,3,17
-0.0321388699565927,age,"[11,19.6]",ch_csection,3,17
-0.0338210522915301,ci_scorent,100,ch_csection,3,17
-0.0338210522915301,obgyn_10kwra,100,ch_csection,3,17
-0.0486877484166467,nhblack,0,ch_csection,3,17
-0.0244825312387757,nhblack,1,ch_csection,3,17
-0.045966847627703,mcaid_unins,0,ch_csection,3,17
-0.0271237679985644,mcaid_unins,1,ch_csection,3,17
-0.037247326256154,hispanic,0,ch_csection,3,17
-0.0111526369246713,hispanic,1,ch_csection,3,17
