mean,group_var,bin,outcome,mkt,boot_rep
-0.00982682982507549,overall,,ch_dist,3,8
-0.00994747214824707,age,"(19.6,28.2]",ch_dist,3,8
-0.00958108453930049,age,"(28.2,36.8]",ch_dist,3,8
-0.00980489979666426,age,"(36.8,45.4]",ch_dist,3,8
-0.0108673724471305,age,"(45.4,54]",ch_dist,3,8
-0.00990758612698804,age,"[11,19.6]",ch_dist,3,8
-0.00982682982507549,ci_scorent,100,ch_dist,3,8
-0.00982682982507549,obgyn_10kwra,100,ch_dist,3,8
-0.011596797418278,nhblack,0,ch_dist,3,8
-0.0070832543093036,nhblack,1,ch_dist,3,8
-0.00895096570915782,mcaid_unins,0,ch_dist,3,8
-0.0103183889944052,mcaid_unins,1,ch_dist,3,8
-0.00957270956244323,hispanic,0,ch_dist,3,8
-0.011478658960379,hispanic,1,ch_dist,3,8
,overall,,ch_peri,3,8
-0.0410493240074629,overall,,ch_teach,3,8
-0.0403055667013338,age,"(19.6,28.2]",ch_teach,3,8
-0.0466381158362228,age,"(28.2,36.8]",ch_teach,3,8
-0.0388519169971216,age,"(36.8,45.4]",ch_teach,3,8
-0.0657413178031459,age,"(45.4,54]",ch_teach,3,8
-0.0280645851748651,age,"[11,19.6]",ch_teach,3,8
-0.0410493240074629,ci_scorent,100,ch_teach,3,8
-0.0410493240074629,obgyn_10kwra,100,ch_teach,3,8
-0.0538111449787268,nhblack,0,ch_teach,3,8
-0.0429448158231663,nhblack,1,ch_teach,3,8
-0.071255990021477,mcaid_unins,0,ch_teach,3,8
-0.0240965074869328,mcaid_unins,1,ch_teach,3,8
-0.0485754024648785,hispanic,0,ch_teach,3,8
0.00787159060897393,hispanic,1,ch_teach,3,8
-0.0301771499802993,overall,,ch_csection,3,8
-0.0320722144233402,age,"(19.6,28.2]",ch_csection,3,8
-0.0282289218248465,age,"(28.2,36.8]",ch_csection,3,8
-0.0199512595951937,age,"(36.8,45.4]",ch_csection,3,8
-0.0288458440034009,age,"(45.4,54]",ch_csection,3,8
-0.0316157815773269,age,"[11,19.6]",ch_csection,3,8
-0.0301771499802993,ci_scorent,100,ch_csection,3,8
-0.0301771499802993,obgyn_10kwra,100,ch_csection,3,8
-0.0436584585577294,nhblack,0,ch_csection,3,8
-0.0231664867640796,nhblack,1,ch_csection,3,8
-0.0378333821973196,mcaid_unins,0,ch_csection,3,8
-0.0258802606793251,mcaid_unins,1,ch_csection,3,8
-0.0335611320931428,hispanic,0,ch_csection,3,8
-0.00818063467120745,hispanic,1,ch_csection,3,8
