mean,group_var,bin,outcome,mkt,boot_rep
-0.00981808725315649,overall,,ch_dist,3,75
-0.00997784363362861,age,"(19.6,28.2]",ch_dist,3,75
-0.00955802028765862,age,"(28.2,36.8]",ch_dist,3,75
-0.00996191463490743,age,"(36.8,45.4]",ch_dist,3,75
-0.00681490325763693,age,"(45.4,54]",ch_dist,3,75
-0.00961239412389699,age,"[11,19.6]",ch_dist,3,75
-0.00981808725315649,ci_scorent,100,ch_dist,3,75
-0.00981808725315649,obgyn_10kwra,100,ch_dist,3,75
-0.0116626891064799,nhblack,0,ch_dist,3,75
-0.00698556353033255,nhblack,1,ch_dist,3,75
-0.00915988288772767,mcaid_unins,0,ch_dist,3,75
-0.0101766209276082,mcaid_unins,1,ch_dist,3,75
-0.00958522755379255,hispanic,0,ch_dist,3,75
-0.0113022798551119,hispanic,1,ch_dist,3,75
,overall,,ch_peri,3,75
-0.0485979426496616,overall,,ch_teach,3,75
-0.0463459890139883,age,"(19.6,28.2]",ch_teach,3,75
-0.057830185321189,age,"(28.2,36.8]",ch_teach,3,75
-0.0531266093586145,age,"(36.8,45.4]",ch_teach,3,75
-0.062371050149588,age,"(45.4,54]",ch_teach,3,75
-0.029382222154856,age,"[11,19.6]",ch_teach,3,75
-0.0485979426496616,ci_scorent,100,ch_teach,3,75
-0.0485979426496616,obgyn_10kwra,100,ch_teach,3,75
-0.0612752931345547,nhblack,0,ch_teach,3,75
-0.049696807955589,nhblack,1,ch_teach,3,75
-0.0917579600989967,mcaid_unins,0,ch_teach,3,75
-0.0250880413814892,mcaid_unins,1,ch_teach,3,75
-0.0549287559473303,hispanic,0,ch_teach,3,75
-0.00824683729984508,hispanic,1,ch_teach,3,75
-0.0297238127291109,overall,,ch_csection,3,75
-0.031831531290229,age,"(19.6,28.2]",ch_csection,3,75
-0.0278285042028578,age,"(28.2,36.8]",ch_csection,3,75
-0.0178866773889056,age,"(36.8,45.4]",ch_csection,3,75
-0.0258337607207787,age,"(45.4,54]",ch_csection,3,75
-0.0307709073621193,age,"[11,19.6]",ch_csection,3,75
-0.0297238127291109,ci_scorent,100,ch_csection,3,75
-0.0297238127291109,obgyn_10kwra,100,ch_csection,3,75
-0.0437778331858965,nhblack,0,ch_csection,3,75
-0.01906659813198,nhblack,1,ch_csection,3,75
-0.0436751110015181,mcaid_unins,0,ch_csection,3,75
-0.0221243337592022,mcaid_unins,1,ch_csection,3,75
-0.0324307700177617,hispanic,0,ch_csection,3,75
-0.0124703077533721,hispanic,1,ch_csection,3,75
