mean,group_var,bin,outcome,mkt,boot_rep
-0.00970859434447518,overall,,ch_dist,3,54
-0.00984949518916228,age,"(19.6,28.2]",ch_dist,3,54
-0.00959113326539735,age,"(28.2,36.8]",ch_dist,3,54
-0.00979684822181944,age,"(36.8,45.4]",ch_dist,3,54
-0.00729814264800569,age,"(45.4,54]",ch_dist,3,54
-0.00917035911449891,age,"[11,19.6]",ch_dist,3,54
-0.00970859434447518,ci_scorent,100,ch_dist,3,54
-0.00970859434447518,obgyn_10kwra,100,ch_dist,3,54
-0.0114584656355885,nhblack,0,ch_dist,3,54
-0.00697788205389647,nhblack,1,ch_dist,3,54
-0.00905223164950937,mcaid_unins,0,ch_dist,3,54
-0.0100694926922387,mcaid_unins,1,ch_dist,3,54
-0.00946809617063432,hispanic,0,ch_dist,3,54
-0.0112686550702088,hispanic,1,ch_dist,3,54
,overall,,ch_peri,3,54
-0.0514798306563368,overall,,ch_teach,3,54
-0.0485410997308662,age,"(19.6,28.2]",ch_teach,3,54
-0.0612526996336957,age,"(28.2,36.8]",ch_teach,3,54
-0.0590469491465859,age,"(36.8,45.4]",ch_teach,3,54
-0.0924154708214192,age,"(45.4,54]",ch_teach,3,54
-0.0312981985665094,age,"[11,19.6]",ch_teach,3,54
-0.0514798306563368,ci_scorent,100,ch_teach,3,54
-0.0514798306563368,obgyn_10kwra,100,ch_teach,3,54
-0.071156565095764,nhblack,0,ch_teach,3,54
-0.0382953965562129,nhblack,1,ch_teach,3,54
-0.0918891655896919,mcaid_unins,0,ch_teach,3,54
-0.0292609228428272,mcaid_unins,1,ch_teach,3,54
-0.0579349125713437,hispanic,0,ch_teach,3,54
-0.0096070812039477,hispanic,1,ch_teach,3,54
-0.0340448589644585,overall,,ch_csection,3,54
-0.0357080236739747,age,"(19.6,28.2]",ch_csection,3,54
-0.0339442286579222,age,"(28.2,36.8]",ch_csection,3,54
-0.0244383557280763,age,"(36.8,45.4]",ch_csection,3,54
-0.0328593407469288,age,"(45.4,54]",ch_csection,3,54
-0.0303181188162472,age,"[11,19.6]",ch_csection,3,54
-0.0340448589644585,ci_scorent,100,ch_csection,3,54
-0.0340448589644585,obgyn_10kwra,100,ch_csection,3,54
-0.0515278887010082,nhblack,0,ch_csection,3,54
-0.0224495958532123,nhblack,1,ch_csection,3,54
-0.0484378163377148,mcaid_unins,0,ch_csection,3,54
-0.026130950122168,mcaid_unins,1,ch_csection,3,54
-0.0377628940715825,hispanic,0,ch_csection,3,54
-0.00992675255687668,hispanic,1,ch_csection,3,54
