mean,group_var,bin,outcome,mkt,boot_rep
-0.00989830510910965,overall,,ch_dist,3,47
-0.00989899463971596,age,"(19.6,28.2]",ch_dist,3,47
-0.00978754102920607,age,"(28.2,36.8]",ch_dist,3,47
-0.0102737858056648,age,"(36.8,45.4]",ch_dist,3,47
-0.00731818334996768,age,"(45.4,54]",ch_dist,3,47
-0.0100398820522786,age,"[11,19.6]",ch_dist,3,47
-0.00989830510910965,ci_scorent,100,ch_dist,3,47
-0.00989830510910965,obgyn_10kwra,100,ch_dist,3,47
-0.0115328113727381,nhblack,0,ch_dist,3,47
-0.00723033886245397,nhblack,1,ch_dist,3,47
-0.00916154903634194,mcaid_unins,0,ch_dist,3,47
-0.0102997706541015,mcaid_unins,1,ch_dist,3,47
-0.00963502430413988,hispanic,0,ch_dist,3,47
-0.0116044391648271,hispanic,1,ch_dist,3,47
,overall,,ch_peri,3,47
-0.0541827393312983,overall,,ch_teach,3,47
-0.0520768721174219,age,"(19.6,28.2]",ch_teach,3,47
-0.0621832504588446,age,"(28.2,36.8]",ch_teach,3,47
-0.0568326112663478,age,"(36.8,45.4]",ch_teach,3,47
-0.0866575255699001,age,"(45.4,54]",ch_teach,3,47
-0.0385127152800605,age,"[11,19.6]",ch_teach,3,47
-0.0541827393312983,ci_scorent,100,ch_teach,3,47
-0.0541827393312983,obgyn_10kwra,100,ch_teach,3,47
-0.0727607119265826,nhblack,0,ch_teach,3,47
-0.0472630995844998,nhblack,1,ch_teach,3,47
-0.0965941864361871,mcaid_unins,0,ch_teach,3,47
-0.0310723295834788,mcaid_unins,1,ch_teach,3,47
-0.0607959902665123,hispanic,0,ch_teach,3,47
-0.0113270034531389,hispanic,1,ch_teach,3,47
-0.0336836348667578,overall,,ch_csection,3,47
-0.035098780790939,age,"(19.6,28.2]",ch_csection,3,47
-0.0326673747516863,age,"(28.2,36.8]",ch_csection,3,47
-0.0252196986192308,age,"(36.8,45.4]",ch_csection,3,47
-0.0245694422680273,age,"(45.4,54]",ch_csection,3,47
-0.0337216391910965,age,"[11,19.6]",ch_csection,3,47
-0.0336836348667578,ci_scorent,100,ch_csection,3,47
-0.0336836348667578,obgyn_10kwra,100,ch_csection,3,47
-0.0439611652650451,nhblack,0,ch_csection,3,47
-0.0259869374237267,nhblack,1,ch_csection,3,47
-0.0487005500672933,mcaid_unins,0,ch_csection,3,47
-0.0255007718162624,mcaid_unins,1,ch_csection,3,47
-0.0356478213010167,hispanic,0,ch_csection,3,47
-0.0209551514224295,hispanic,1,ch_csection,3,47
