mean,group_var,bin,outcome,mkt,boot_rep
-0.00985781162706115,overall,,ch_dist,3,132
-0.010025718204,age,"(19.6,28.2]",ch_dist,3,132
-0.00959076891624391,age,"(28.2,36.8]",ch_dist,3,132
-0.0102202743622411,age,"(36.8,45.4]",ch_dist,3,132
-0.00707432443246511,age,"(45.4,54]",ch_dist,3,132
-0.00948928594921577,age,"[11,19.6]",ch_dist,3,132
-0.00985781162706115,ci_scorent,100,ch_dist,3,132
-0.00985781162706115,obgyn_10kwra,100,ch_dist,3,132
-0.0115214881717472,nhblack,0,ch_dist,3,132
-0.00716891472659459,nhblack,1,ch_dist,3,132
-0.00935405917701413,mcaid_unins,0,ch_dist,3,132
-0.0101371457709286,mcaid_unins,1,ch_dist,3,132
-0.0095818304612885,hispanic,0,ch_dist,3,132
-0.011629472109259,hispanic,1,ch_dist,3,132
,overall,,ch_peri,3,132
-0.0557052009448519,overall,,ch_teach,3,132
-0.0525290104117546,age,"(19.6,28.2]",ch_teach,3,132
-0.0660704007943111,age,"(28.2,36.8]",ch_teach,3,132
-0.0660453626868113,age,"(36.8,45.4]",ch_teach,3,132
-0.0842953966382354,age,"(45.4,54]",ch_teach,3,132
-0.0321093870190311,age,"[11,19.6]",ch_teach,3,132
-0.0557052009448519,ci_scorent,100,ch_teach,3,132
-0.0557052009448519,obgyn_10kwra,100,ch_teach,3,132
-0.0803270298302161,nhblack,0,ch_teach,3,132
-0.0456940420611832,nhblack,1,ch_teach,3,132
-0.104666537289746,mcaid_unins,0,ch_teach,3,132
-0.028555808481884,mcaid_unins,1,ch_teach,3,132
-0.0643566520740724,hispanic,0,ch_teach,3,132
-0.000167229589471915,hispanic,1,ch_teach,3,132
-0.0347527422421204,overall,,ch_csection,3,132
-0.0361223640991094,age,"(19.6,28.2]",ch_csection,3,132
-0.0338262478433653,age,"(28.2,36.8]",ch_csection,3,132
-0.0310252848002739,age,"(36.8,45.4]",ch_csection,3,132
-0.0472305719992813,age,"(45.4,54]",ch_csection,3,132
-0.0317885955671928,age,"[11,19.6]",ch_csection,3,132
-0.0347527422421204,ci_scorent,100,ch_csection,3,132
-0.0347527422421204,obgyn_10kwra,100,ch_csection,3,132
-0.0437782896384983,nhblack,0,ch_csection,3,132
-0.0310498296036278,nhblack,1,ch_csection,3,132
-0.0519885232125449,mcaid_unins,0,ch_csection,3,132
-0.0251953850107833,mcaid_unins,1,ch_csection,3,132
-0.0374795295615407,hispanic,0,ch_csection,3,132
-0.0172481370867283,hispanic,1,ch_csection,3,132
