mean,group_var,bin,outcome,mkt,boot_rep
-0.00972583639548248,overall,,ch_dist,3,89
-0.00997808354899542,age,"(19.6,28.2]",ch_dist,3,89
-0.00931519729480186,age,"(28.2,36.8]",ch_dist,3,89
-0.00981010696759925,age,"(36.8,45.4]",ch_dist,3,89
-0.0101740497280558,age,"(45.4,54]",ch_dist,3,89
-0.00946737941831414,age,"[11,19.6]",ch_dist,3,89
-0.00972583639548248,ci_scorent,100,ch_dist,3,89
-0.00972583639548248,obgyn_10kwra,100,ch_dist,3,89
-0.0114292747150173,nhblack,0,ch_dist,3,89
-0.00712820621670806,nhblack,1,ch_dist,3,89
-0.00896348001375008,mcaid_unins,0,ch_dist,3,89
-0.0101402368070656,mcaid_unins,1,ch_dist,3,89
-0.00949748217618766,hispanic,0,ch_dist,3,89
-0.0111871690235553,hispanic,1,ch_dist,3,89
,overall,,ch_peri,3,89
-0.0519138333561574,overall,,ch_teach,3,89
-0.0510607668619091,age,"(19.6,28.2]",ch_teach,3,89
-0.0572686989885575,age,"(28.2,36.8]",ch_teach,3,89
-0.0568206709314644,age,"(36.8,45.4]",ch_teach,3,89
-0.0675926388478274,age,"(45.4,54]",ch_teach,3,89
-0.0363490282594794,age,"[11,19.6]",ch_teach,3,89
-0.0519138333561574,ci_scorent,100,ch_teach,3,89
-0.0519138333561574,obgyn_10kwra,100,ch_teach,3,89
-0.0663602415731848,nhblack,0,ch_teach,3,89
-0.0444006128053413,nhblack,1,ch_teach,3,89
-0.0814563661735993,mcaid_unins,0,ch_teach,3,89
-0.0358551525972518,mcaid_unins,1,ch_teach,3,89
-0.0571221439551742,hispanic,0,ch_teach,3,89
-0.0185837103613461,hispanic,1,ch_teach,3,89
-0.0340568245093837,overall,,ch_csection,3,89
-0.0378380952459183,age,"(19.6,28.2]",ch_csection,3,89
-0.0289420875336831,age,"(28.2,36.8]",ch_csection,3,89
-0.0181432006753183,age,"(36.8,45.4]",ch_csection,3,89
-0.0118025107734613,age,"(45.4,54]",ch_csection,3,89
-0.0377481612556326,age,"[11,19.6]",ch_csection,3,89
-0.0340568245093837,ci_scorent,100,ch_csection,3,89
-0.0340568245093837,obgyn_10kwra,100,ch_csection,3,89
-0.0452587421995049,nhblack,0,ch_csection,3,89
-0.0261077422499943,nhblack,1,ch_csection,3,89
-0.0442245978525627,mcaid_unins,0,ch_csection,3,89
-0.028529843219187,mcaid_unins,1,ch_csection,3,89
-0.036166052695568,hispanic,0,ch_csection,3,89
-0.0205590052965819,hispanic,1,ch_csection,3,89
