mean,group_var,bin,outcome,mkt,boot_rep
-0.00976648179145264,overall,,ch_dist,3,68
-0.00990536629744878,age,"(19.6,28.2]",ch_dist,3,68
-0.00940095286999972,age,"(28.2,36.8]",ch_dist,3,68
-0.00998339232821029,age,"(36.8,45.4]",ch_dist,3,68
-0.00776638562883545,age,"(45.4,54]",ch_dist,3,68
-0.00997491284463346,age,"[11,19.6]",ch_dist,3,68
-0.00976648179145264,ci_scorent,100,ch_dist,3,68
-0.00976648179145264,obgyn_10kwra,100,ch_dist,3,68
-0.011411346683196,nhblack,0,ch_dist,3,68
-0.00697919777254803,nhblack,1,ch_dist,3,68
-0.00907518881328314,mcaid_unins,0,ch_dist,3,68
-0.0101413143212217,mcaid_unins,1,ch_dist,3,68
-0.00946206004765445,hispanic,0,ch_dist,3,68
-0.0116704355332381,hispanic,1,ch_dist,3,68
,overall,,ch_peri,3,68
-0.0444379962055407,overall,,ch_teach,3,68
-0.0443816832596802,age,"(19.6,28.2]",ch_teach,3,68
-0.0502654793815505,age,"(28.2,36.8]",ch_teach,3,68
-0.0395737295359732,age,"(36.8,45.4]",ch_teach,3,68
-0.0427463362802641,age,"(45.4,54]",ch_teach,3,68
-0.0277304595911724,age,"[11,19.6]",ch_teach,3,68
-0.0444379962055407,ci_scorent,100,ch_teach,3,68
-0.0444379962055407,obgyn_10kwra,100,ch_teach,3,68
-0.0655279486166326,nhblack,0,ch_teach,3,68
-0.0406384683759925,nhblack,1,ch_teach,3,68
-0.0846500041919441,mcaid_unins,0,ch_teach,3,68
-0.0226342615277379,mcaid_unins,1,ch_teach,3,68
-0.0541114356508801,hispanic,0,ch_teach,3,68
0.0160628766890655,hispanic,1,ch_teach,3,68
-0.0337475274107847,overall,,ch_csection,3,68
-0.036055205380548,age,"(19.6,28.2]",ch_csection,3,68
-0.0306197647825679,age,"(28.2,36.8]",ch_csection,3,68
-0.0240693813371024,age,"(36.8,45.4]",ch_csection,3,68
-0.0129125822722177,age,"(45.4,54]",ch_csection,3,68
-0.0361602493546887,age,"[11,19.6]",ch_csection,3,68
-0.0337475274107847,ci_scorent,100,ch_csection,3,68
-0.0337475274107847,obgyn_10kwra,100,ch_csection,3,68
-0.0424289356915008,nhblack,0,ch_csection,3,68
-0.0285240696502169,nhblack,1,ch_csection,3,68
-0.0433983254967393,mcaid_unins,0,ch_csection,3,68
-0.0285146765427965,mcaid_unins,1,ch_csection,3,68
-0.0356218961001342,hispanic,0,ch_csection,3,68
-0.0220246089521801,hispanic,1,ch_csection,3,68
