mean,group_var,bin,outcome,mkt,boot_rep
-0.0099630948195925,overall,,ch_dist,3,40
-0.0101022900791023,age,"(19.6,28.2]",ch_dist,3,40
-0.00970676738513259,age,"(28.2,36.8]",ch_dist,3,40
-0.00992972801138845,age,"(36.8,45.4]",ch_dist,3,40
-0.00655559191025514,age,"(45.4,54]",ch_dist,3,40
-0.0100139603501688,age,"[11,19.6]",ch_dist,3,40
-0.0099630948195925,ci_scorent,100,ch_dist,3,40
-0.0099630948195925,obgyn_10kwra,100,ch_dist,3,40
-0.0116043659804807,nhblack,0,ch_dist,3,40
-0.0073171411783748,nhblack,1,ch_dist,3,40
-0.0092789037716107,mcaid_unins,0,ch_dist,3,40
-0.0103380380465492,mcaid_unins,1,ch_dist,3,40
-0.00972666936962931,hispanic,0,ch_dist,3,40
-0.0115115350271809,hispanic,1,ch_dist,3,40
,overall,,ch_peri,3,40
-0.0529825978143369,overall,,ch_teach,3,40
-0.052188137412034,age,"(19.6,28.2]",ch_teach,3,40
-0.0587968253327594,age,"(28.2,36.8]",ch_teach,3,40
-0.0490957351350925,age,"(36.8,45.4]",ch_teach,3,40
-0.0527716257535588,age,"(45.4,54]",ch_teach,3,40
-0.040067586341102,age,"[11,19.6]",ch_teach,3,40
-0.0529825978143369,ci_scorent,100,ch_teach,3,40
-0.0529825978143369,obgyn_10kwra,100,ch_teach,3,40
-0.0747212817486445,nhblack,0,ch_teach,3,40
-0.0437170533677958,nhblack,1,ch_teach,3,40
-0.0919151616864555,mcaid_unins,0,ch_teach,3,40
-0.0316471810839243,mcaid_unins,1,ch_teach,3,40
-0.0614006153345907,hispanic,0,ch_teach,3,40
0.00215020112323217,hispanic,1,ch_teach,3,40
-0.0348762374780101,overall,,ch_csection,3,40
-0.0386979236548716,age,"(19.6,28.2]",ch_csection,3,40
-0.0298074580297038,age,"(28.2,36.8]",ch_csection,3,40
-0.0151152432417739,age,"(36.8,45.4]",ch_csection,3,40
-0.0142676935737509,age,"(45.4,54]",ch_csection,3,40
-0.0413547506273392,age,"[11,19.6]",ch_csection,3,40
-0.0348762374780101,ci_scorent,100,ch_csection,3,40
-0.0348762374780101,obgyn_10kwra,100,ch_csection,3,40
-0.0495623702342029,nhblack,0,ch_csection,3,40
-0.0245998672448244,nhblack,1,ch_csection,3,40
-0.0505849885537963,mcaid_unins,0,ch_csection,3,40
-0.0262676919011739,mcaid_unins,1,ch_csection,3,40
-0.0382838410853117,hispanic,0,ch_csection,3,40
-0.0125585452080337,hispanic,1,ch_csection,3,40
