mean,group_var,bin,outcome,mkt,boot_rep
-0.00983456063230132,overall,,ch_dist,3,65
-0.00993599773159741,age,"(19.6,28.2]",ch_dist,3,65
-0.0095109847708297,age,"(28.2,36.8]",ch_dist,3,65
-0.0101605107242694,age,"(36.8,45.4]",ch_dist,3,65
-0.00577537869835705,age,"(45.4,54]",ch_dist,3,65
-0.0100966243119932,age,"[11,19.6]",ch_dist,3,65
-0.00983456063230132,ci_scorent,100,ch_dist,3,65
-0.00983456063230132,obgyn_10kwra,100,ch_dist,3,65
-0.0114752498633372,nhblack,0,ch_dist,3,65
-0.007226592467174,nhblack,1,ch_dist,3,65
-0.009015125165613,mcaid_unins,0,ch_dist,3,65
-0.0102841076507695,mcaid_unins,1,ch_dist,3,65
-0.00956395305097634,hispanic,0,ch_dist,3,65
-0.0116791532123128,hispanic,1,ch_dist,3,65
,overall,,ch_peri,3,65
-0.0516118258458848,overall,,ch_teach,3,65
-0.0519909367951242,age,"(19.6,28.2]",ch_teach,3,65
-0.0559749956572697,age,"(28.2,36.8]",ch_teach,3,65
-0.046846848716367,age,"(36.8,45.4]",ch_teach,3,65
-0.0506536843960878,age,"(45.4,54]",ch_teach,3,65
-0.037705521700291,age,"[11,19.6]",ch_teach,3,65
-0.0516118258458848,ci_scorent,100,ch_teach,3,65
-0.0516118258458848,obgyn_10kwra,100,ch_teach,3,65
-0.0737980578861987,nhblack,0,ch_teach,3,65
-0.0424479489973287,nhblack,1,ch_teach,3,65
-0.0920412169919342,mcaid_unins,0,ch_teach,3,65
-0.0294320289161233,mcaid_unins,1,ch_teach,3,65
-0.0591303819415415,hispanic,0,ch_teach,3,65
-0.000361699302707147,hispanic,1,ch_teach,3,65
-0.0314900156513952,overall,,ch_csection,3,65
-0.0336220805194477,age,"(19.6,28.2]",ch_csection,3,65
-0.0288789221401843,age,"(28.2,36.8]",ch_csection,3,65
-0.0223643565878104,age,"(36.8,45.4]",ch_csection,3,65
-0.00521311771442514,age,"(45.4,54]",ch_csection,3,65
-0.0325932120749164,age,"[11,19.6]",ch_csection,3,65
-0.0314900156513952,ci_scorent,100,ch_csection,3,65
-0.0314900156513952,obgyn_10kwra,100,ch_csection,3,65
-0.0423445584365432,nhblack,0,ch_csection,3,65
-0.0222474358204202,nhblack,1,ch_csection,3,65
-0.0444624025178678,mcaid_unins,0,ch_csection,3,65
-0.0243732894718375,mcaid_unins,1,ch_csection,3,65
-0.0327975301640967,hispanic,0,ch_csection,3,65
-0.0225773622934315,hispanic,1,ch_csection,3,65
