mean,group_var,bin,outcome,mkt,boot_rep
-0.00983368325072369,overall,,ch_dist,3,90
-0.00983873406416746,age,"(19.6,28.2]",ch_dist,3,90
-0.00971661837194594,age,"(28.2,36.8]",ch_dist,3,90
-0.0102422860334025,age,"(36.8,45.4]",ch_dist,3,90
-0.00296887197785634,age,"(45.4,54]",ch_dist,3,90
-0.0099490514174906,age,"[11,19.6]",ch_dist,3,90
-0.00983368325072369,ci_scorent,100,ch_dist,3,90
-0.00983368325072369,obgyn_10kwra,100,ch_dist,3,90
-0.0115964395759846,nhblack,0,ch_dist,3,90
-0.00703557345517204,nhblack,1,ch_dist,3,90
-0.00927300894045745,mcaid_unins,0,ch_dist,3,90
-0.0101362319158899,mcaid_unins,1,ch_dist,3,90
-0.00954601716758688,hispanic,0,ch_dist,3,90
-0.0116629364006814,hispanic,1,ch_dist,3,90
,overall,,ch_peri,3,90
-0.0505059126010961,overall,,ch_teach,3,90
-0.0497799424496126,age,"(19.6,28.2]",ch_teach,3,90
-0.0550215552527905,age,"(28.2,36.8]",ch_teach,3,90
-0.0518504771711729,age,"(36.8,45.4]",ch_teach,3,90
-0.00993015597890579,age,"(45.4,54]",ch_teach,3,90
-0.0385980623445316,age,"[11,19.6]",ch_teach,3,90
-0.0505059126010961,ci_scorent,100,ch_teach,3,90
-0.0505059126010961,obgyn_10kwra,100,ch_teach,3,90
-0.0639581863019239,nhblack,0,ch_teach,3,90
-0.0494819740781258,nhblack,1,ch_teach,3,90
-0.0855122404480429,mcaid_unins,0,ch_teach,3,90
-0.0316159481983457,mcaid_unins,1,ch_teach,3,90
-0.0563524991791348,hispanic,0,ch_teach,3,90
-0.0133277830219764,hispanic,1,ch_teach,3,90
-0.0340658963706765,overall,,ch_csection,3,90
-0.035584789305474,age,"(19.6,28.2]",ch_csection,3,90
-0.0326154937027701,age,"(28.2,36.8]",ch_csection,3,90
-0.0262919386064079,age,"(36.8,45.4]",ch_csection,3,90
3.43386992540662e-06,age,"(45.4,54]",ch_csection,3,90
-0.0346793094049549,age,"[11,19.6]",ch_csection,3,90
-0.0340658963706765,ci_scorent,100,ch_csection,3,90
-0.0340658963706765,obgyn_10kwra,100,ch_csection,3,90
-0.0475194515493533,nhblack,0,ch_csection,3,90
-0.025761362959695,nhblack,1,ch_csection,3,90
-0.049956513674029,mcaid_unins,0,ch_csection,3,90
-0.0254910696561904,mcaid_unins,1,ch_csection,3,90
-0.0372250256807437,hispanic,0,ch_csection,3,90
-0.0139771630081962,hispanic,1,ch_csection,3,90
