mean,group_var,bin,outcome,mkt,boot_rep
-0.00987964030764378,overall,,ch_dist,3,87
-0.00998854419855154,age,"(19.6,28.2]",ch_dist,3,87
-0.0096250295880734,age,"(28.2,36.8]",ch_dist,3,87
-0.0101399209535736,age,"(36.8,45.4]",ch_dist,3,87
-0.0084224508389249,age,"(45.4,54]",ch_dist,3,87
-0.00991070154245017,age,"[11,19.6]",ch_dist,3,87
-0.00987964030764378,ci_scorent,100,ch_dist,3,87
-0.00987964030764378,obgyn_10kwra,100,ch_dist,3,87
-0.0113798812280918,nhblack,0,ch_dist,3,87
-0.00726307166313079,nhblack,1,ch_dist,3,87
-0.00912259991079552,mcaid_unins,0,ch_dist,3,87
-0.0102939853632595,mcaid_unins,1,ch_dist,3,87
-0.00957875853530115,hispanic,0,ch_dist,3,87
-0.011777316514966,hispanic,1,ch_dist,3,87
,overall,,ch_peri,3,87
-0.0519453290735108,overall,,ch_teach,3,87
-0.050129129176724,age,"(19.6,28.2]",ch_teach,3,87
-0.0600370751899105,age,"(28.2,36.8]",ch_teach,3,87
-0.0532562970604307,age,"(36.8,45.4]",ch_teach,3,87
-0.068856118915694,age,"(45.4,54]",ch_teach,3,87
-0.0342922972599443,age,"[11,19.6]",ch_teach,3,87
-0.0519453290735108,ci_scorent,100,ch_teach,3,87
-0.0519453290735108,obgyn_10kwra,100,ch_teach,3,87
-0.0759524045960586,nhblack,0,ch_teach,3,87
-0.0421091395224823,nhblack,1,ch_teach,3,87
-0.0914311557279228,mcaid_unins,0,ch_teach,3,87
-0.0303338574674142,mcaid_unins,1,ch_teach,3,87
-0.0614140538207246,hispanic,0,ch_teach,3,87
0.00777438583833099,hispanic,1,ch_teach,3,87
-0.0311147927041531,overall,,ch_csection,3,87
-0.0326035644018431,age,"(19.6,28.2]",ch_csection,3,87
-0.0302222337694603,age,"(28.2,36.8]",ch_csection,3,87
-0.0234536427170741,age,"(36.8,45.4]",ch_csection,3,87
-0.0253519126905629,age,"(45.4,54]",ch_csection,3,87
-0.0299973040534257,age,"[11,19.6]",ch_csection,3,87
-0.0311147927041531,ci_scorent,100,ch_csection,3,87
-0.0311147927041531,obgyn_10kwra,100,ch_csection,3,87
-0.0432492336740561,nhblack,0,ch_csection,3,87
-0.0226429037288476,nhblack,1,ch_csection,3,87
-0.0493506979891727,mcaid_unins,0,ch_csection,3,87
-0.0211338759380447,mcaid_unins,1,ch_csection,3,87
-0.0340281545290219,hispanic,0,ch_csection,3,87
-0.0127400757004289,hispanic,1,ch_csection,3,87
