mean,group_var,bin,outcome,mkt,boot_rep
-0.00991367896162604,overall,,ch_dist,3,143
-0.0101320970405125,age,"(19.6,28.2]",ch_dist,3,143
-0.00948386278892186,age,"(28.2,36.8]",ch_dist,3,143
-0.0100499937629158,age,"(36.8,45.4]",ch_dist,3,143
-0.00908805903423443,age,"(45.4,54]",ch_dist,3,143
-0.00987925920143249,age,"[11,19.6]",ch_dist,3,143
-0.00991367896162604,ci_scorent,100,ch_dist,3,143
-0.00991367896162604,obgyn_10kwra,100,ch_dist,3,143
-0.0116141649370823,nhblack,0,ch_dist,3,143
-0.00722537044724154,nhblack,1,ch_dist,3,143
-0.00912831575790311,mcaid_unins,0,ch_dist,3,143
-0.0103295262106705,mcaid_unins,1,ch_dist,3,143
-0.00967413301617279,hispanic,0,ch_dist,3,143
-0.0114886755148829,hispanic,1,ch_dist,3,143
,overall,,ch_peri,3,143
-0.0441139057644222,overall,,ch_teach,3,143
-0.0410533155413163,age,"(19.6,28.2]",ch_teach,3,143
-0.0542828467143779,age,"(28.2,36.8]",ch_teach,3,143
-0.0587833604296702,age,"(36.8,45.4]",ch_teach,3,143
-0.0650392407292135,age,"(45.4,54]",ch_teach,3,143
-0.0202018982557209,age,"[11,19.6]",ch_teach,3,143
-0.0441139057644222,ci_scorent,100,ch_teach,3,143
-0.0441139057644222,obgyn_10kwra,100,ch_teach,3,143
-0.0613202840545162,nhblack,0,ch_teach,3,143
-0.0395098412906982,nhblack,1,ch_teach,3,143
-0.0785428950650332,mcaid_unins,0,ch_teach,3,143
-0.0258838684769997,mcaid_unins,1,ch_teach,3,143
-0.0508916810076202,hispanic,0,ch_teach,3,143
0.000449456084962772,hispanic,1,ch_teach,3,143
-0.0315932550514324,overall,,ch_csection,3,143
-0.0326842522872592,age,"(19.6,28.2]",ch_csection,3,143
-0.0313678055901676,age,"(28.2,36.8]",ch_csection,3,143
-0.0273273817808339,age,"(36.8,45.4]",ch_csection,3,143
-0.0199174990037354,age,"(45.4,54]",ch_csection,3,143
-0.0281609816328661,age,"[11,19.6]",ch_csection,3,143
-0.0315932550514324,ci_scorent,100,ch_csection,3,143
-0.0315932550514324,obgyn_10kwra,100,ch_csection,3,143
-0.045750477145126,nhblack,0,ch_csection,3,143
-0.0205566852676779,nhblack,1,ch_csection,3,143
-0.0450958502239196,mcaid_unins,0,ch_csection,3,143
-0.0244436750471468,mcaid_unins,1,ch_csection,3,143
-0.0339625288820318,hispanic,0,ch_csection,3,143
-0.0160154580244158,hispanic,1,ch_csection,3,143
