mean,group_var,bin,outcome,mkt,boot_rep
-0.00987349400818463,overall,,ch_dist,3,5
-0.0098896796504254,age,"(19.6,28.2]",ch_dist,3,5
-0.00974351278967522,age,"(28.2,36.8]",ch_dist,3,5
-0.00995980603518707,age,"(36.8,45.4]",ch_dist,3,5
-0.00433095853458985,age,"(45.4,54]",ch_dist,3,5
-0.0101804903317297,age,"[11,19.6]",ch_dist,3,5
-0.00987349400818463,ci_scorent,100,ch_dist,3,5
-0.00987349400818463,obgyn_10kwra,100,ch_dist,3,5
-0.0115944932682037,nhblack,0,ch_dist,3,5
-0.00723973957891486,nhblack,1,ch_dist,3,5
-0.00916836052468948,mcaid_unins,0,ch_dist,3,5
-0.0102566657836966,mcaid_unins,1,ch_dist,3,5
-0.0096410543174348,hispanic,0,ch_dist,3,5
-0.0113488108907956,hispanic,1,ch_dist,3,5
,overall,,ch_peri,3,5
-0.0505047595110133,overall,,ch_teach,3,5
-0.0507673626010299,age,"(19.6,28.2]",ch_teach,3,5
-0.0545235513442742,age,"(28.2,36.8]",ch_teach,3,5
-0.0419097404118469,age,"(36.8,45.4]",ch_teach,3,5
-0.0462699416227829,age,"(45.4,54]",ch_teach,3,5
-0.0404829188218731,age,"[11,19.6]",ch_teach,3,5
-0.0505047595110133,ci_scorent,100,ch_teach,3,5
-0.0505047595110133,obgyn_10kwra,100,ch_teach,3,5
-0.0652515615175954,nhblack,0,ch_teach,3,5
-0.053922340742466,nhblack,1,ch_teach,3,5
-0.0843814651764924,mcaid_unins,0,ch_teach,3,5
-0.0320960500082432,mcaid_unins,1,ch_teach,3,5
-0.0600936560119676,hispanic,0,ch_teach,3,5
0.0103568809765926,hispanic,1,ch_teach,3,5
-0.0386114362578618,overall,,ch_csection,3,5
-0.0396595729591595,age,"(19.6,28.2]",ch_csection,3,5
-0.0382665900989043,age,"(28.2,36.8]",ch_csection,3,5
-0.0316565236095633,age,"(36.8,45.4]",ch_csection,3,5
-0.0270427092550853,age,"(45.4,54]",ch_csection,3,5
-0.037641486537644,age,"[11,19.6]",ch_csection,3,5
-0.0386114362578618,ci_scorent,100,ch_csection,3,5
-0.0386114362578618,obgyn_10kwra,100,ch_csection,3,5
-0.0510107684129634,nhblack,0,ch_csection,3,5
-0.0346304624774719,nhblack,1,ch_csection,3,5
-0.0515755195967513,mcaid_unins,0,ch_csection,3,5
-0.0315667121777836,mcaid_unins,1,ch_csection,3,5
-0.0429511529022023,hispanic,0,ch_csection,3,5
-0.0110668408813603,hispanic,1,ch_csection,3,5
