mean,group_var,bin,outcome,mkt,boot_rep
-0.00972197195216791,overall,,ch_dist,3,10
-0.00989151232799606,age,"(19.6,28.2]",ch_dist,3,10
-0.00941129741056618,age,"(28.2,36.8]",ch_dist,3,10
-0.00989853242152537,age,"(36.8,45.4]",ch_dist,3,10
-0.00794555144529131,age,"(45.4,54]",ch_dist,3,10
-0.00958283236025374,age,"[11,19.6]",ch_dist,3,10
-0.00972197195216791,ci_scorent,100,ch_dist,3,10
-0.00972197195216791,obgyn_10kwra,100,ch_dist,3,10
-0.0115067555991878,nhblack,0,ch_dist,3,10
-0.00703554224720929,nhblack,1,ch_dist,3,10
-0.00903771627664615,mcaid_unins,0,ch_dist,3,10
-0.0100861019154294,mcaid_unins,1,ch_dist,3,10
-0.0094711027021666,hispanic,0,ch_dist,3,10
-0.0113332211514196,hispanic,1,ch_dist,3,10
,overall,,ch_peri,3,10
-0.053773584595522,overall,,ch_teach,3,10
-0.0523085161827184,age,"(19.6,28.2]",ch_teach,3,10
-0.0600310166213047,age,"(28.2,36.8]",ch_teach,3,10
-0.059964762157959,age,"(36.8,45.4]",ch_teach,3,10
-0.0776210629578664,age,"(45.4,54]",ch_teach,3,10
-0.0376540110367278,age,"[11,19.6]",ch_teach,3,10
-0.053773584595522,ci_scorent,100,ch_teach,3,10
-0.053773584595522,obgyn_10kwra,100,ch_teach,3,10
-0.0676175216903527,nhblack,0,ch_teach,3,10
-0.0483406204778392,nhblack,1,ch_teach,3,10
-0.096589343492803,mcaid_unins,0,ch_teach,3,10
-0.030988971662071,mcaid_unins,1,ch_teach,3,10
-0.0593980642811089,hispanic,0,ch_teach,3,10
-0.017649434706439,hispanic,1,ch_teach,3,10
-0.0331542867807815,overall,,ch_csection,3,10
-0.035272547081725,age,"(19.6,28.2]",ch_csection,3,10
-0.0310283407418016,age,"(28.2,36.8]",ch_csection,3,10
-0.0237284554764954,age,"(36.8,45.4]",ch_csection,3,10
-0.02717168287548,age,"(45.4,54]",ch_csection,3,10
-0.0332086889392373,age,"[11,19.6]",ch_csection,3,10
-0.0331542867807815,ci_scorent,100,ch_csection,3,10
-0.0331542867807815,obgyn_10kwra,100,ch_csection,3,10
-0.0461480095073914,nhblack,0,ch_csection,3,10
-0.0233760821100255,nhblack,1,ch_csection,3,10
-0.0481749909256554,mcaid_unins,0,ch_csection,3,10
-0.0251609465074046,mcaid_unins,1,ch_csection,3,10
-0.0356864229069243,hispanic,0,ch_csection,3,10
-0.0168912242267922,hispanic,1,ch_csection,3,10
