mean,group_var,bin,outcome,mkt,boot_rep
-0.00991046031838739,overall,,ch_dist,3,33
-0.0099972150556763,age,"(19.6,28.2]",ch_dist,3,33
-0.00966306321155162,age,"(28.2,36.8]",ch_dist,3,33
-0.00993536986303232,age,"(36.8,45.4]",ch_dist,3,33
-0.00769235236371675,age,"(45.4,54]",ch_dist,3,33
-0.0101969571952585,age,"[11,19.6]",ch_dist,3,33
-0.00991046031838739,ci_scorent,100,ch_dist,3,33
-0.00991046031838739,obgyn_10kwra,100,ch_dist,3,33
-0.0114134237757998,nhblack,0,ch_dist,3,33
-0.0074304523582706,nhblack,1,ch_dist,3,33
-0.00900306518147494,mcaid_unins,0,ch_dist,3,33
-0.0104019949981789,mcaid_unins,1,ch_dist,3,33
-0.00968143638708628,hispanic,0,ch_dist,3,33
-0.0113479914993364,hispanic,1,ch_dist,3,33
,overall,,ch_peri,3,33
-0.0438011345394817,overall,,ch_teach,3,33
-0.0420106876358132,age,"(19.6,28.2]",ch_teach,3,33
-0.0523368233363467,age,"(28.2,36.8]",ch_teach,3,33
-0.0441306309615207,age,"(36.8,45.4]",ch_teach,3,33
-0.0709203797421366,age,"(45.4,54]",ch_teach,3,33
-0.0256918953246734,age,"[11,19.6]",ch_teach,3,33
-0.0438011345394817,ci_scorent,100,ch_teach,3,33
-0.0438011345394817,obgyn_10kwra,100,ch_teach,3,33
-0.0596690137648623,nhblack,0,ch_teach,3,33
-0.0431784206384443,nhblack,1,ch_teach,3,33
-0.07510208261444,mcaid_unins,0,ch_teach,3,33
-0.0268454546340907,mcaid_unins,1,ch_teach,3,33
-0.0514269493272504,hispanic,0,ch_teach,3,33
0.00406437224525036,hispanic,1,ch_teach,3,33
-0.0296901824701935,overall,,ch_csection,3,33
-0.0312350962408955,age,"(19.6,28.2]",ch_csection,3,33
-0.0286031364486629,age,"(28.2,36.8]",ch_csection,3,33
-0.0204395941714141,age,"(36.8,45.4]",ch_csection,3,33
-0.0259052278686311,age,"(45.4,54]",ch_csection,3,33
-0.0298800193253192,age,"[11,19.6]",ch_csection,3,33
-0.0296901824701935,ci_scorent,100,ch_csection,3,33
-0.0296901824701935,obgyn_10kwra,100,ch_csection,3,33
-0.0396177507302078,nhblack,0,ch_csection,3,33
-0.0209965617282876,nhblack,1,ch_csection,3,33
-0.0425527455868494,mcaid_unins,0,ch_csection,3,33
-0.0227225499739948,mcaid_unins,1,ch_csection,3,33
-0.032108696877006,hispanic,0,ch_csection,3,33
-0.0145097170419043,hispanic,1,ch_csection,3,33
