mean,group_var,bin,outcome,mkt,boot_rep
-0.00973663584989413,overall,,ch_dist,3,38
-0.0097752440142472,age,"(19.6,28.2]",ch_dist,3,38
-0.0094799797141779,age,"(28.2,36.8]",ch_dist,3,38
-0.0100786153069715,age,"(36.8,45.4]",ch_dist,3,38
-0.0102130885536461,age,"(45.4,54]",ch_dist,3,38
-0.0101365332685861,age,"[11,19.6]",ch_dist,3,38
-0.00973663584989413,ci_scorent,100,ch_dist,3,38
-0.00973663584989413,obgyn_10kwra,100,ch_dist,3,38
-0.011388913118364,nhblack,0,ch_dist,3,38
-0.00711219265066948,nhblack,1,ch_dist,3,38
-0.00921698681799518,mcaid_unins,0,ch_dist,3,38
-0.0100242557331719,mcaid_unins,1,ch_dist,3,38
-0.00949887581708166,hispanic,0,ch_dist,3,38
-0.0112765118424964,hispanic,1,ch_dist,3,38
,overall,,ch_peri,3,38
-0.0556865967633668,overall,,ch_teach,3,38
-0.0540089270380639,age,"(19.6,28.2]",ch_teach,3,38
-0.0624582198007171,age,"(28.2,36.8]",ch_teach,3,38
-0.0612282166407206,age,"(36.8,45.4]",ch_teach,3,38
-0.0771462652961169,age,"(45.4,54]",ch_teach,3,38
-0.0398591582500102,age,"[11,19.6]",ch_teach,3,38
-0.0556865967633668,ci_scorent,100,ch_teach,3,38
-0.0556865967633668,obgyn_10kwra,100,ch_teach,3,38
-0.0764538618452054,nhblack,0,ch_teach,3,38
-0.0459685755346495,nhblack,1,ch_teach,3,38
-0.0908190855933851,mcaid_unins,0,ch_teach,3,38
-0.0362411601008119,mcaid_unins,1,ch_teach,3,38
-0.0623951254200533,hispanic,0,ch_teach,3,38
-0.0122381580080441,hispanic,1,ch_teach,3,38
-0.032807499974349,overall,,ch_csection,3,38
-0.0358864496891529,age,"(19.6,28.2]",ch_csection,3,38
-0.0284295510408633,age,"(28.2,36.8]",ch_csection,3,38
-0.0180896077167594,age,"(36.8,45.4]",ch_csection,3,38
-0.0160068702637011,age,"(45.4,54]",ch_csection,3,38
-0.0377869998290485,age,"[11,19.6]",ch_csection,3,38
-0.032807499974349,ci_scorent,100,ch_csection,3,38
-0.032807499974349,obgyn_10kwra,100,ch_csection,3,38
-0.0450700127862256,nhblack,0,ch_csection,3,38
-0.0240027426159625,nhblack,1,ch_csection,3,38
-0.0488857432791861,mcaid_unins,0,ch_csection,3,38
-0.0239083734894009,mcaid_unins,1,ch_csection,3,38
-0.0356108150477982,hispanic,0,ch_csection,3,38
-0.0146515570673702,hispanic,1,ch_csection,3,38
