mean,group_var,bin,outcome,mkt,boot_rep
-0.00998293218647374,overall,,ch_dist,3,129
-0.0101737201013478,age,"(19.6,28.2]",ch_dist,3,129
-0.0096191912452975,age,"(28.2,36.8]",ch_dist,3,129
-0.00983184857213032,age,"(36.8,45.4]",ch_dist,3,129
-0.00637906660384509,age,"(45.4,54]",ch_dist,3,129
-0.0101248646258314,age,"[11,19.6]",ch_dist,3,129
-0.00998293218647374,ci_scorent,100,ch_dist,3,129
-0.00998293218647374,obgyn_10kwra,100,ch_dist,3,129
-0.0117704968488905,nhblack,0,ch_dist,3,129
-0.00715169785208725,nhblack,1,ch_dist,3,129
-0.00934159787278781,mcaid_unins,0,ch_dist,3,129
-0.0103338723756662,mcaid_unins,1,ch_dist,3,129
-0.00971767545183081,hispanic,0,ch_dist,3,129
-0.0116559195204843,hispanic,1,ch_dist,3,129
,overall,,ch_peri,3,129
-0.0498432866376133,overall,,ch_teach,3,129
-0.0472903548928645,age,"(19.6,28.2]",ch_teach,3,129
-0.0586150603325434,age,"(28.2,36.8]",ch_teach,3,129
-0.0551009257006958,age,"(36.8,45.4]",ch_teach,3,129
-0.0702213467899712,age,"(45.4,54]",ch_teach,3,129
-0.03286933337867,age,"[11,19.6]",ch_teach,3,129
-0.0498432866376133,ci_scorent,100,ch_teach,3,129
-0.0498432866376133,obgyn_10kwra,100,ch_teach,3,129
-0.0586345977188616,nhblack,0,ch_teach,3,129
-0.0501732612199378,nhblack,1,ch_teach,3,129
-0.0915543557844622,mcaid_unins,0,ch_teach,3,129
-0.0270188560942271,mcaid_unins,1,ch_teach,3,129
-0.0553799471908574,hispanic,0,ch_teach,3,129
-0.0149232949142637,hispanic,1,ch_teach,3,129
-0.0341805030170722,overall,,ch_csection,3,129
-0.0373995387380718,age,"(19.6,28.2]",ch_csection,3,129
-0.0298763890892107,age,"(28.2,36.8]",ch_csection,3,129
-0.0195314176413849,age,"(36.8,45.4]",ch_csection,3,129
-0.0140915892739588,age,"(45.4,54]",ch_csection,3,129
-0.0377420235697905,age,"[11,19.6]",ch_csection,3,129
-0.0341805030170722,ci_scorent,100,ch_csection,3,129
-0.0341805030170722,obgyn_10kwra,100,ch_csection,3,129
-0.0457872325719869,nhblack,0,ch_csection,3,129
-0.0239039106877819,nhblack,1,ch_csection,3,129
-0.0499569227233337,mcaid_unins,0,ch_csection,3,129
-0.0255475956576099,mcaid_unins,1,ch_csection,3,129
-0.0354184279360777,hispanic,0,ch_csection,3,129
-0.0263728493763822,hispanic,1,ch_csection,3,129
