mean,group_var,bin,outcome,mkt,boot_rep
-0.00977060347405776,overall,,ch_dist,3,110
-0.0100496336762344,age,"(19.6,28.2]",ch_dist,3,110
-0.00927720036748472,age,"(28.2,36.8]",ch_dist,3,110
-0.00970649492883305,age,"(36.8,45.4]",ch_dist,3,110
-0.00997228424392244,age,"(45.4,54]",ch_dist,3,110
-0.00969167440933409,age,"[11,19.6]",ch_dist,3,110
-0.00977060347405776,ci_scorent,100,ch_dist,3,110
-0.00977060347405776,obgyn_10kwra,100,ch_dist,3,110
-0.0113197686757314,nhblack,0,ch_dist,3,110
-0.00731676241453152,nhblack,1,ch_dist,3,110
-0.00918963966043948,mcaid_unins,0,ch_dist,3,110
-0.0100914971678985,mcaid_unins,1,ch_dist,3,110
-0.00953213191895337,hispanic,0,ch_dist,3,110
-0.0112775666065867,hispanic,1,ch_dist,3,110
,overall,,ch_peri,3,110
-0.0525235212228419,overall,,ch_teach,3,110
-0.049825283385667,age,"(19.6,28.2]",ch_teach,3,110
-0.0622517222710578,age,"(28.2,36.8]",ch_teach,3,110
-0.0622334721568252,age,"(36.8,45.4]",ch_teach,3,110
-0.0951167978296738,age,"(45.4,54]",ch_teach,3,110
-0.0302545328948496,age,"[11,19.6]",ch_teach,3,110
-0.0525235212228419,ci_scorent,100,ch_teach,3,110
-0.0525235212228419,obgyn_10kwra,100,ch_teach,3,110
-0.0755888219038171,nhblack,0,ch_teach,3,110
-0.041927111105607,nhblack,1,ch_teach,3,110
-0.0907221806098233,mcaid_unins,0,ch_teach,3,110
-0.0314246014224663,mcaid_unins,1,ch_teach,3,110
-0.0589076816949517,hispanic,0,ch_teach,3,110
-0.0121803680974857,hispanic,1,ch_teach,3,110
-0.0359300316550023,overall,,ch_csection,3,110
-0.0396379943202452,age,"(19.6,28.2]",ch_csection,3,110
-0.0307642514775361,age,"(28.2,36.8]",ch_csection,3,110
-0.0198619826872686,age,"(36.8,45.4]",ch_csection,3,110
-0.0163373551827801,age,"(45.4,54]",ch_csection,3,110
-0.040357423813729,age,"[11,19.6]",ch_csection,3,110
-0.0359300316550023,ci_scorent,100,ch_csection,3,110
-0.0359300316550023,obgyn_10kwra,100,ch_csection,3,110
-0.0473550184457301,nhblack,0,ch_csection,3,110
-0.0271687936134724,nhblack,1,ch_csection,3,110
-0.0478239718905762,mcaid_unins,0,ch_csection,3,110
-0.0293604479269838,mcaid_unins,1,ch_csection,3,110
-0.0376801577614302,hispanic,0,ch_csection,3,110
-0.0248705343555916,hispanic,1,ch_csection,3,110
