mean,group_var,bin,outcome,mkt,boot_rep
-0.0098260478101756,overall,,ch_dist,3,36
-0.00998252982968521,age,"(19.6,28.2]",ch_dist,3,36
-0.00962557600596531,age,"(28.2,36.8]",ch_dist,3,36
-0.00954891140519359,age,"(36.8,45.4]",ch_dist,3,36
-0.0081357421866998,age,"(45.4,54]",ch_dist,3,36
-0.00973775081350277,age,"[11,19.6]",ch_dist,3,36
-0.0098260478101756,ci_scorent,100,ch_dist,3,36
-0.0098260478101756,obgyn_10kwra,100,ch_dist,3,36
-0.0116742241635003,nhblack,0,ch_dist,3,36
-0.0069996731007306,nhblack,1,ch_dist,3,36
-0.00919829820212278,mcaid_unins,0,ch_dist,3,36
-0.0101715496567479,mcaid_unins,1,ch_dist,3,36
-0.00959738556213916,hispanic,0,ch_dist,3,36
-0.0112992352320181,hispanic,1,ch_dist,3,36
,overall,,ch_peri,3,36
-0.0469567899145301,overall,,ch_teach,3,36
-0.0453832505474552,age,"(19.6,28.2]",ch_teach,3,36
-0.0543666412736731,age,"(28.2,36.8]",ch_teach,3,36
-0.0505002232683808,age,"(36.8,45.4]",ch_teach,3,36
-0.0361123816266668,age,"(45.4,54]",ch_teach,3,36
-0.0282389047876914,age,"[11,19.6]",ch_teach,3,36
-0.0469567899145301,ci_scorent,100,ch_teach,3,36
-0.0469567899145301,obgyn_10kwra,100,ch_teach,3,36
-0.0602583438882178,nhblack,0,ch_teach,3,36
-0.0444767674709907,nhblack,1,ch_teach,3,36
-0.0812044892320685,mcaid_unins,0,ch_teach,3,36
-0.0281074856644408,mcaid_unins,1,ch_teach,3,36
-0.0527226696018252,hispanic,0,ch_teach,3,36
-0.0098093311445694,hispanic,1,ch_teach,3,36
-0.0317247950352253,overall,,ch_csection,3,36
-0.0350731434438639,age,"(19.6,28.2]",ch_csection,3,36
-0.0277322828742904,age,"(28.2,36.8]",ch_csection,3,36
-0.015846921848788,age,"(36.8,45.4]",ch_csection,3,36
-0.00524668910132851,age,"(45.4,54]",ch_csection,3,36
-0.0354755359070618,age,"[11,19.6]",ch_csection,3,36
-0.0317247950352253,ci_scorent,100,ch_csection,3,36
-0.0317247950352253,obgyn_10kwra,100,ch_csection,3,36
-0.0447648167034544,nhblack,0,ch_csection,3,36
-0.0231770723861496,nhblack,1,ch_csection,3,36
-0.0445128092896076,mcaid_unins,0,ch_csection,3,36
-0.0246865070264337,mcaid_unins,1,ch_csection,3,36
-0.0351176424227609,hispanic,0,ch_csection,3,36
-0.00986591741782332,hispanic,1,ch_csection,3,36
