mean,group_var,bin,outcome,mkt,boot_rep
-0.00975618390604103,overall,,ch_dist,3,60
-0.00980448224525491,age,"(19.6,28.2]",ch_dist,3,60
-0.00953843322449647,age,"(28.2,36.8]",ch_dist,3,60
-0.010137370944625,age,"(36.8,45.4]",ch_dist,3,60
-0.0059538248642993,age,"(45.4,54]",ch_dist,3,60
-0.00995009755515445,age,"[11,19.6]",ch_dist,3,60
-0.00975618390604103,ci_scorent,100,ch_dist,3,60
-0.00975618390604103,obgyn_10kwra,100,ch_dist,3,60
-0.0114835770686766,nhblack,0,ch_dist,3,60
-0.00697139917690635,nhblack,1,ch_dist,3,60
-0.00915205773984963,mcaid_unins,0,ch_dist,3,60
-0.0100917783981444,mcaid_unins,1,ch_dist,3,60
-0.00949770486604614,hispanic,0,ch_dist,3,60
-0.0114501829036934,hispanic,1,ch_dist,3,60
,overall,,ch_peri,3,60
-0.0519585412855235,overall,,ch_teach,3,60
-0.0482760854177206,age,"(19.6,28.2]",ch_teach,3,60
-0.0611087778130886,age,"(28.2,36.8]",ch_teach,3,60
-0.0659250726469195,age,"(36.8,45.4]",ch_teach,3,60
-0.0555232476089288,age,"(45.4,54]",ch_teach,3,60
-0.0345003296211382,age,"[11,19.6]",ch_teach,3,60
-0.0519585412855235,ci_scorent,100,ch_teach,3,60
-0.0519585412855235,obgyn_10kwra,100,ch_teach,3,60
-0.0705200699274165,nhblack,0,ch_teach,3,60
-0.041712256346334,nhblack,1,ch_teach,3,60
-0.0840808143928732,mcaid_unins,0,ch_teach,3,60
-0.0341144906021571,mcaid_unins,1,ch_teach,3,60
-0.0582924117322612,hispanic,0,ch_teach,3,60
-0.0104481341428545,hispanic,1,ch_teach,3,60
-0.0330557637011159,overall,,ch_csection,3,60
-0.0340848279812705,age,"(19.6,28.2]",ch_csection,3,60
-0.0324914248128759,age,"(28.2,36.8]",ch_csection,3,60
-0.0270491560458983,age,"(36.8,45.4]",ch_csection,3,60
-0.0210143326176301,age,"(45.4,54]",ch_csection,3,60
-0.0325421827197084,age,"[11,19.6]",ch_csection,3,60
-0.0330557637011159,ci_scorent,100,ch_csection,3,60
-0.0330557637011159,obgyn_10kwra,100,ch_csection,3,60
-0.0478072753286579,nhblack,0,ch_csection,3,60
-0.0190108632380585,nhblack,1,ch_csection,3,60
-0.0495351905645291,mcaid_unins,0,ch_csection,3,60
-0.0239013764259423,mcaid_unins,1,ch_csection,3,60
-0.0351561190688642,hispanic,0,ch_csection,3,60
-0.0192906248033939,hispanic,1,ch_csection,3,60
