mean,group_var,bin,outcome,mkt,boot_rep
-0.0099405738861397,overall,,ch_dist,3,136
-0.0101959248102589,age,"(19.6,28.2]",ch_dist,3,136
-0.00966656523218295,age,"(28.2,36.8]",ch_dist,3,136
-0.00981950669711896,age,"(36.8,45.4]",ch_dist,3,136
-0.00565576315064014,age,"(45.4,54]",ch_dist,3,136
-0.00936646899809642,age,"[11,19.6]",ch_dist,3,136
-0.0099405738861397,ci_scorent,100,ch_dist,3,136
-0.0099405738861397,obgyn_10kwra,100,ch_dist,3,136
-0.0116356245005893,nhblack,0,ch_dist,3,136
-0.00735034979982533,nhblack,1,ch_dist,3,136
-0.00922887288523296,mcaid_unins,0,ch_dist,3,136
-0.0103264062657749,mcaid_unins,1,ch_dist,3,136
-0.00974697488311095,hispanic,0,ch_dist,3,136
-0.0111592286630996,hispanic,1,ch_dist,3,136
,overall,,ch_peri,3,136
-0.0470268927028249,overall,,ch_teach,3,136
-0.0447940906570927,age,"(19.6,28.2]",ch_teach,3,136
-0.0556609404287938,age,"(28.2,36.8]",ch_teach,3,136
-0.0534115853139675,age,"(36.8,45.4]",ch_teach,3,136
-0.0589826933573154,age,"(45.4,54]",ch_teach,3,136
-0.0272102844307386,age,"[11,19.6]",ch_teach,3,136
-0.0470268927028249,ci_scorent,100,ch_teach,3,136
-0.0470268927028249,obgyn_10kwra,100,ch_teach,3,136
-0.0637743235062412,nhblack,0,ch_teach,3,136
-0.0425137279524697,nhblack,1,ch_teach,3,136
-0.0791881009347105,mcaid_unins,0,ch_teach,3,136
-0.0295914310577765,mcaid_unins,1,ch_teach,3,136
-0.0534116282674253,hispanic,0,ch_teach,3,136
-0.00683666251723523,hispanic,1,ch_teach,3,136
-0.0285334979557876,overall,,ch_csection,3,136
-0.0307097134704153,age,"(19.6,28.2]",ch_csection,3,136
-0.0263694168973416,age,"(28.2,36.8]",ch_csection,3,136
-0.0190939114733454,age,"(36.8,45.4]",ch_csection,3,136
-0.015858216678024,age,"(45.4,54]",ch_csection,3,136
-0.0283361601891552,age,"[11,19.6]",ch_csection,3,136
-0.0285334979557876,ci_scorent,100,ch_csection,3,136
-0.0285334979557876,obgyn_10kwra,100,ch_csection,3,136
-0.0385326906129177,nhblack,0,ch_csection,3,136
-0.0231487473707347,nhblack,1,ch_csection,3,136
-0.0381862177433395,mcaid_unins,0,ch_csection,3,136
-0.0233004972422321,mcaid_unins,1,ch_csection,3,136
-0.0318192081082312,hispanic,0,ch_csection,3,136
-0.00785081720672114,hispanic,1,ch_csection,3,136
