mean,group_var,bin,outcome,mkt,boot_rep
-0.00985034498447229,overall,,ch_dist,3,115
-0.00992297819289619,age,"(19.6,28.2]",ch_dist,3,115
-0.0096611407566454,age,"(28.2,36.8]",ch_dist,3,115
-0.0095531361494644,age,"(36.8,45.4]",ch_dist,3,115
-0.00409045328588557,age,"(45.4,54]",ch_dist,3,115
-0.0102426842532539,age,"[11,19.6]",ch_dist,3,115
-0.00985034498447229,ci_scorent,100,ch_dist,3,115
-0.00985034498447229,obgyn_10kwra,100,ch_dist,3,115
-0.011461080675982,nhblack,0,ch_dist,3,115
-0.00735264664476179,nhblack,1,ch_dist,3,115
-0.00903755170807601,mcaid_unins,0,ch_dist,3,115
-0.0103032885620257,mcaid_unins,1,ch_dist,3,115
-0.00961554121538146,hispanic,0,ch_dist,3,115
-0.0113431917798335,hispanic,1,ch_dist,3,115
,overall,,ch_peri,3,115
-0.0480438296306619,overall,,ch_teach,3,115
-0.0430854134723702,age,"(19.6,28.2]",ch_teach,3,115
-0.0610050398732322,age,"(28.2,36.8]",ch_teach,3,115
-0.0675467358916982,age,"(36.8,45.4]",ch_teach,3,115
-0.0403510148109636,age,"(45.4,54]",ch_teach,3,115
-0.0236693986166258,age,"[11,19.6]",ch_teach,3,115
-0.0480438296306619,ci_scorent,100,ch_teach,3,115
-0.0480438296306619,obgyn_10kwra,100,ch_teach,3,115
-0.0627937105683291,nhblack,0,ch_teach,3,115
-0.046412223583287,nhblack,1,ch_teach,3,115
-0.0835047664720539,mcaid_unins,0,ch_teach,3,115
-0.0282825889034369,mcaid_unins,1,ch_teach,3,115
-0.0553558122042774,hispanic,0,ch_teach,3,115
-0.00155535206054035,hispanic,1,ch_teach,3,115
-0.031809964954362,overall,,ch_csection,3,115
-0.0336041015695631,age,"(19.6,28.2]",ch_csection,3,115
-0.0298099458837178,age,"(28.2,36.8]",ch_csection,3,115
-0.021662693480943,age,"(36.8,45.4]",ch_csection,3,115
-0.0211467711589597,age,"(45.4,54]",ch_csection,3,115
-0.0337032085242613,age,"[11,19.6]",ch_csection,3,115
-0.031809964954362,ci_scorent,100,ch_csection,3,115
-0.031809964954362,obgyn_10kwra,100,ch_csection,3,115
-0.0479358316844146,nhblack,0,ch_csection,3,115
-0.0232331924730959,nhblack,1,ch_csection,3,115
-0.0416372627566534,mcaid_unins,0,ch_csection,3,115
-0.0263335276442645,mcaid_unins,1,ch_csection,3,115
-0.0363981043593979,hispanic,0,ch_csection,3,115
-0.00263926963716383,hispanic,1,ch_csection,3,115
