mean,group_var,bin,outcome,mkt,boot_rep
-0.0100313229401701,overall,,ch_dist,3,3
-0.0100826097809746,age,"(19.6,28.2]",ch_dist,3,3
-0.00974680907854476,age,"(28.2,36.8]",ch_dist,3,3
-0.0101532535867568,age,"(36.8,45.4]",ch_dist,3,3
-0.00316906378581455,age,"(45.4,54]",ch_dist,3,3
-0.0105799284061739,age,"[11,19.6]",ch_dist,3,3
-0.0100313229401701,ci_scorent,100,ch_dist,3,3
-0.0100313229401701,obgyn_10kwra,100,ch_dist,3,3
-0.0117027533058843,nhblack,0,ch_dist,3,3
-0.0074495126466471,nhblack,1,ch_dist,3,3
-0.00923794353696553,mcaid_unins,0,ch_dist,3,3
-0.010470638781203,mcaid_unins,1,ch_dist,3,3
-0.00978290411472412,hispanic,0,ch_dist,3,3
-0.0116542328923253,hispanic,1,ch_dist,3,3
,overall,,ch_peri,3,3
-0.0526884198915298,overall,,ch_teach,3,3
-0.0501359968063393,age,"(19.6,28.2]",ch_teach,3,3
-0.060430860859362,age,"(28.2,36.8]",ch_teach,3,3
-0.0606349625140501,age,"(36.8,45.4]",ch_teach,3,3
-0.037913101205064,age,"(45.4,54]",ch_teach,3,3
-0.0379883139322152,age,"[11,19.6]",ch_teach,3,3
-0.0526884198915298,ci_scorent,100,ch_teach,3,3
-0.0526884198915298,obgyn_10kwra,100,ch_teach,3,3
-0.0689822261836992,nhblack,0,ch_teach,3,3
-0.0468420721018546,nhblack,1,ch_teach,3,3
-0.0830300818615575,mcaid_unins,0,ch_teach,3,3
-0.0358874130934487,mcaid_unins,1,ch_teach,3,3
-0.0586596071757677,hispanic,0,ch_teach,3,3
-0.0136788993675742,hispanic,1,ch_teach,3,3
-0.0355423862110104,overall,,ch_csection,3,3
-0.0366403673947999,age,"(19.6,28.2]",ch_csection,3,3
-0.0346924537241973,age,"(28.2,36.8]",ch_csection,3,3
-0.0279210990799382,age,"(36.8,45.4]",ch_csection,3,3
-0.00960777808423596,age,"(45.4,54]",ch_csection,3,3
-0.0364109414301242,age,"[11,19.6]",ch_csection,3,3
-0.0355423862110104,ci_scorent,100,ch_csection,3,3
-0.0355423862110104,obgyn_10kwra,100,ch_csection,3,3
-0.0506135173182549,nhblack,0,ch_csection,3,3
-0.0254273921009678,nhblack,1,ch_csection,3,3
-0.0496269527190799,mcaid_unins,0,ch_csection,3,3
-0.0277433771163915,mcaid_unins,1,ch_csection,3,3
-0.0388200048198807,hispanic,0,ch_csection,3,3
-0.0141298388722376,hispanic,1,ch_csection,3,3
