mean,group_var,bin,outcome,mkt,boot_rep
-0.0098183294060455,overall,,ch_dist,3,42
-0.0099374858404347,age,"(19.6,28.2]",ch_dist,3,42
-0.00961384960106371,age,"(28.2,36.8]",ch_dist,3,42
-0.0102019280003331,age,"(36.8,45.4]",ch_dist,3,42
-0.00893955123152116,age,"(45.4,54]",ch_dist,3,42
-0.00951937317681869,age,"[11,19.6]",ch_dist,3,42
-0.0098183294060455,ci_scorent,100,ch_dist,3,42
-0.0098183294060455,obgyn_10kwra,100,ch_dist,3,42
-0.0113457331927623,nhblack,0,ch_dist,3,42
-0.00718900631893399,nhblack,1,ch_dist,3,42
-0.00917860447269603,mcaid_unins,0,ch_dist,3,42
-0.0101663283776948,mcaid_unins,1,ch_dist,3,42
-0.00955651379328092,hispanic,0,ch_dist,3,42
-0.0114877279666434,hispanic,1,ch_dist,3,42
,overall,,ch_peri,3,42
-0.0560746409224637,overall,,ch_teach,3,42
-0.0536542256789279,age,"(19.6,28.2]",ch_teach,3,42
-0.0658929797906542,age,"(28.2,36.8]",ch_teach,3,42
-0.0627352528508428,age,"(36.8,45.4]",ch_teach,3,42
-0.115073944033707,age,"(45.4,54]",ch_teach,3,42
-0.0333462730793849,age,"[11,19.6]",ch_teach,3,42
-0.0560746409224637,ci_scorent,100,ch_teach,3,42
-0.0560746409224637,obgyn_10kwra,100,ch_teach,3,42
-0.0774862000984417,nhblack,0,ch_teach,3,42
-0.0477693689765903,nhblack,1,ch_teach,3,42
-0.100728119848647,mcaid_unins,0,ch_teach,3,42
-0.0317839435667786,mcaid_unins,1,ch_teach,3,42
-0.0627139803648938,hispanic,0,ch_teach,3,42
-0.0137406349727113,hispanic,1,ch_teach,3,42
-0.0334401205677054,overall,,ch_csection,3,42
-0.0362237455691688,age,"(19.6,28.2]",ch_csection,3,42
-0.0301155875600947,age,"(28.2,36.8]",ch_csection,3,42
-0.0209527673695482,age,"(36.8,45.4]",ch_csection,3,42
-0.00894558137144566,age,"(45.4,54]",ch_csection,3,42
-0.0351171204194603,age,"[11,19.6]",ch_csection,3,42
-0.0334401205677054,ci_scorent,100,ch_csection,3,42
-0.0334401205677054,obgyn_10kwra,100,ch_csection,3,42
-0.0433481478733287,nhblack,0,ch_csection,3,42
-0.0251722774069078,nhblack,1,ch_csection,3,42
-0.045805040761891,mcaid_unins,0,ch_csection,3,42
-0.0267138241740768,mcaid_unins,1,ch_csection,3,42
-0.0350687997034885,hispanic,0,ch_csection,3,42
-0.0230552753850886,hispanic,1,ch_csection,3,42
